-- phpMyAdmin SQL Dump
-- version 5.2.3
-- https://www.phpmyadmin.net/
--
-- Host: mysql_db:3306
-- Generation Time: Dec 15, 2025 at 04:44 PM
-- Server version: 8.0.44
-- PHP Version: 8.3.26

SET SQL_MODE = "NO_AUTO_VALUE_ON_ZERO";
START TRANSACTION;
SET time_zone = "+00:00";


/*!40101 SET @OLD_CHARACTER_SET_CLIENT=@@CHARACTER_SET_CLIENT */;
/*!40101 SET @OLD_CHARACTER_SET_RESULTS=@@CHARACTER_SET_RESULTS */;
/*!40101 SET @OLD_COLLATION_CONNECTION=@@COLLATION_CONNECTION */;
/*!40101 SET NAMES utf8mb4 */;

--
-- Database: `multi_site_manager`
--

-- --------------------------------------------------------

--
-- Table structure for table `activity_logs`
--

CREATE TABLE `activity_logs` (
  `id` bigint NOT NULL,
  `user_id` int NOT NULL,
  `app_id` int DEFAULT NULL,
  `action` varchar(100) CHARACTER SET utf8mb4 COLLATE utf8mb4_unicode_ci NOT NULL,
  `description` text CHARACTER SET utf8mb4 COLLATE utf8mb4_unicode_ci,
  `ip_address` varchar(45) CHARACTER SET utf8mb4 COLLATE utf8mb4_unicode_ci DEFAULT NULL,
  `user_agent` text CHARACTER SET utf8mb4 COLLATE utf8mb4_unicode_ci,
  `metadata` json DEFAULT NULL COMMENT 'Store additional context as JSON',
  `created_at` timestamp NULL DEFAULT CURRENT_TIMESTAMP
) ENGINE=InnoDB DEFAULT CHARSET=utf8mb4 COLLATE=utf8mb4_unicode_ci;

--
-- Dumping data for table `activity_logs`
--

INSERT INTO `activity_logs` (`id`, `user_id`, `app_id`, `action`, `description`, `ip_address`, `user_agent`, `metadata`, `created_at`) VALUES
(1, 1, NULL, 'system.login', 'Master admin logged in', '192.168.1.100', NULL, NULL, '2025-10-31 13:21:45'),
(6, 1, NULL, 'user.update', 'Updated user ID: 1', '::ffff:192.168.65.1', NULL, NULL, '2025-10-31 13:28:06'),
(7, 1, NULL, 'user.update', 'Updated user ID: 1', '::ffff:192.168.65.1', NULL, NULL, '2025-10-31 13:28:46'),
(8, 1, NULL, 'auth.login', 'User logged in', '::ffff:192.168.65.1', NULL, NULL, '2025-10-31 13:34:26'),
(9, 1, NULL, 'user.update', 'Updated user ID: 1', '::ffff:192.168.65.1', NULL, NULL, '2025-10-31 13:34:46'),
(10, 1, NULL, 'auth.login', 'User logged in', '::ffff:192.168.65.1', NULL, NULL, '2025-10-31 13:41:34'),
(11, 1, NULL, 'auth.login', 'User logged in', '::ffff:192.168.65.1', NULL, NULL, '2025-10-31 13:42:24'),
(12, 1, NULL, 'auth.login', 'User logged in', '::ffff:192.168.65.1', NULL, NULL, '2025-10-31 13:43:46'),
(13, 1, NULL, 'auth.login', 'User logged in', '::ffff:192.168.65.1', NULL, NULL, '2025-10-31 13:45:15'),
(14, 1, NULL, 'auth.login', 'User logged in', '::ffff:192.168.65.1', NULL, NULL, '2025-10-31 13:46:44'),
(15, 1, NULL, 'auth.login', 'User logged in', '::ffff:192.168.65.1', NULL, NULL, '2025-10-31 13:47:46'),
(16, 1, NULL, 'auth.login', 'User logged in', '::ffff:192.168.65.1', NULL, NULL, '2025-10-31 13:49:23'),
(17, 1, NULL, 'auth.login', 'User logged in', '::ffff:173.194.219.95', NULL, NULL, '2025-10-31 13:50:51'),
(18, 1, NULL, 'auth.login', 'User logged in', '::ffff:173.194.219.95', NULL, NULL, '2025-10-31 13:52:09'),
(20, 1, NULL, 'auth.login', 'User logged in', '::ffff:173.194.219.95', NULL, NULL, '2025-10-31 13:53:47'),
(26, 1, NULL, 'auth.login', 'User logged in', '::ffff:173.194.219.95', NULL, NULL, '2025-10-31 14:20:45'),
(27, 1, NULL, 'auth.login', 'User logged in', '::ffff:173.194.219.95', NULL, NULL, '2025-10-31 14:23:25'),
(28, 1, NULL, 'auth.login', 'User logged in', '::ffff:173.194.219.95', NULL, NULL, '2025-10-31 14:26:23'),
(29, 1, NULL, 'auth.login', 'User logged in', '::ffff:173.194.219.95', NULL, NULL, '2025-10-31 14:29:15'),
(30, 1, NULL, 'auth.login', 'User logged in', '::ffff:173.194.219.95', NULL, NULL, '2025-10-31 14:31:08'),
(31, 1, NULL, 'auth.login', 'User logged in', '::ffff:173.194.219.95', NULL, NULL, '2025-10-31 14:34:35'),
(32, 1, NULL, 'auth.login', 'User logged in', '::ffff:173.194.219.95', NULL, NULL, '2025-10-31 14:42:59'),
(35, 1, NULL, 'auth.login', 'User logged in', '::ffff:173.194.219.95', NULL, NULL, '2025-10-31 15:07:14'),
(36, 1, NULL, 'auth.login', 'User logged in', '::ffff:173.194.219.95', NULL, NULL, '2025-10-31 15:18:10'),
(37, 2, NULL, 'auth.login', 'User logged in', '::ffff:173.194.219.95', NULL, NULL, '2025-10-31 15:18:19'),
(38, 1, NULL, 'auth.login', 'User logged in', '::ffff:173.194.219.95', NULL, NULL, '2025-10-31 15:20:53'),
(39, 1, NULL, 'user.update', 'Updated user ID: 3', '::ffff:173.194.219.95', NULL, NULL, '2025-10-31 15:21:20'),
(40, 3, NULL, 'auth.login', 'User logged in', '::ffff:173.194.219.95', NULL, NULL, '2025-10-31 15:21:40'),
(41, 2, NULL, 'auth.login', 'User logged in', '::ffff:173.194.219.95', NULL, NULL, '2025-10-31 15:28:12'),
(42, 2, NULL, 'auth.login', 'User logged in', '::ffff:173.194.219.95', NULL, NULL, '2025-10-31 15:31:46'),
(43, 3, NULL, 'auth.login', 'User logged in', '::ffff:173.194.219.95', NULL, NULL, '2025-10-31 15:32:01'),
(44, 2, NULL, 'auth.login', 'User logged in', '::ffff:173.194.219.95', NULL, NULL, '2025-10-31 15:32:07'),
(45, 2, NULL, 'auth.login', 'User logged in', '::ffff:173.194.219.95', NULL, NULL, '2025-10-31 15:33:46'),
(46, 2, NULL, 'auth.login', 'User logged in', '::ffff:173.194.219.95', NULL, NULL, '2025-10-31 15:34:13'),
(47, 2, NULL, 'auth.login', 'User logged in', '::ffff:173.194.219.95', NULL, NULL, '2025-10-31 15:34:15'),
(48, 2, NULL, 'auth.login', 'User logged in', '::ffff:173.194.219.95', NULL, NULL, '2025-10-31 15:34:16'),
(49, 2, NULL, 'auth.login', 'User logged in', '::ffff:173.194.219.95', NULL, NULL, '2025-10-31 15:36:22'),
(50, 2, NULL, 'auth.login', 'User logged in', '::ffff:173.194.219.95', NULL, NULL, '2025-10-31 15:36:34'),
(51, 2, NULL, 'auth.login', 'User logged in', '::ffff:173.194.219.95', NULL, NULL, '2025-10-31 15:37:17'),
(52, 2, NULL, 'auth.login', 'User logged in', '::ffff:173.194.219.95', NULL, NULL, '2025-10-31 15:38:27'),
(53, 3, NULL, 'auth.login', 'User logged in', '::ffff:173.194.219.95', NULL, NULL, '2025-10-31 15:40:41'),
(54, 2, NULL, 'auth.login', 'User logged in', '::ffff:173.194.219.95', NULL, NULL, '2025-10-31 15:42:14'),
(55, 2, NULL, 'auth.login', 'User logged in', '::ffff:173.194.219.95', NULL, NULL, '2025-10-31 15:44:17'),
(56, 2, NULL, 'auth.login', 'User logged in', '::ffff:173.194.219.95', NULL, NULL, '2025-10-31 15:46:29'),
(57, 2, NULL, 'auth.login', 'User logged in', '::ffff:173.194.219.95', NULL, NULL, '2025-10-31 15:48:04'),
(58, 2, NULL, 'auth.login', 'User logged in', '::ffff:173.194.219.95', NULL, NULL, '2025-10-31 15:49:46'),
(59, 1, NULL, 'auth.login', 'User logged in', '::ffff:173.194.219.95', NULL, NULL, '2025-10-31 15:53:42'),
(60, 1, NULL, 'auth.login', 'User logged in', '::ffff:172.217.215.95', NULL, NULL, '2025-11-03 15:01:16'),
(61, 1, NULL, 'auth.login', 'User logged in', '::ffff:172.217.215.95', NULL, NULL, '2025-11-03 18:33:29'),
(62, 1, NULL, 'auth.login', 'User logged in', '::ffff:172.217.215.95', NULL, NULL, '2025-11-03 18:37:47'),
(63, 1, NULL, 'auth.login', 'User logged in', '::ffff:172.217.215.95', NULL, NULL, '2025-11-03 18:42:03'),
(64, 1, NULL, 'auth.login', 'User logged in', '::ffff:172.217.215.95', NULL, NULL, '2025-11-03 19:38:06'),
(65, 1, NULL, 'auth.login', 'User logged in', '::ffff:172.217.215.95', NULL, NULL, '2025-11-03 19:50:04'),
(66, 1, NULL, 'auth.login', 'User logged in', '::ffff:172.217.215.95', NULL, NULL, '2025-11-03 19:53:57'),
(67, 1, NULL, 'auth.login', 'User logged in', '::ffff:172.217.215.95', NULL, NULL, '2025-11-03 19:54:45'),
(68, 1, NULL, 'auth.login', 'User logged in', '::ffff:172.217.215.95', NULL, NULL, '2025-11-03 20:00:12'),
(73, 1, NULL, 'auth.login', 'User logged in', '::ffff:172.217.215.95', NULL, NULL, '2025-11-04 19:36:27'),
(74, 1, NULL, 'auth.login', 'User logged in', '::ffff:172.217.215.95', NULL, NULL, '2025-11-04 19:39:49'),
(75, 1, NULL, 'auth.login', 'User logged in', '::ffff:172.217.215.95', NULL, NULL, '2025-11-04 19:42:03'),
(76, 1, NULL, 'app.delete', 'Deleted app: DoorBash', '::ffff:172.217.215.95', NULL, NULL, '2025-11-04 19:43:31'),
(77, 1, NULL, 'app.delete', 'Deleted app: DoorBash', '::ffff:172.217.215.95', NULL, NULL, '2025-11-04 19:44:47'),
(78, 1, NULL, 'app.delete', 'Deleted app: DoorBash', '::ffff:172.217.215.95', NULL, NULL, '2025-11-04 19:53:57'),
(79, 1, NULL, 'app.delete', 'Deleted app: DoorBash', '::ffff:172.217.215.95', NULL, NULL, '2025-11-04 20:08:25'),
(80, 1, NULL, 'app.delete', 'Deleted app: Test', '::ffff:172.217.215.95', NULL, NULL, '2025-11-04 20:48:34'),
(81, 1, NULL, 'app.delete', 'Deleted app: ecom test', '::ffff:172.217.215.95', NULL, NULL, '2025-11-04 20:50:26'),
(82, 1, NULL, 'app.delete', 'Deleted app: Test app', '::ffff:172.217.215.95', NULL, NULL, '2025-11-04 21:23:38'),
(83, 1, NULL, 'app.delete', 'Deleted app: DoorBash', '::ffff:172.217.215.95', NULL, NULL, '2025-11-04 21:23:56'),
(84, 1, NULL, 'app.delete', 'Deleted app: another test', '::ffff:172.217.215.95', NULL, NULL, '2025-11-04 21:24:49'),
(85, 1, NULL, 'auth.login', 'User logged in', '::ffff:172.217.215.95', NULL, NULL, '2025-11-05 22:23:26'),
(86, 1, NULL, 'auth.login', 'User logged in', '::ffff:172.217.215.95', NULL, NULL, '2025-11-06 16:14:32'),
(87, 1, NULL, 'auth.login', 'User logged in', '::ffff:192.168.65.1', NULL, NULL, '2025-11-06 18:48:46'),
(88, 1, NULL, 'auth.login', 'User logged in', '::ffff:192.168.65.1', NULL, NULL, '2025-11-06 18:57:56'),
(90, 1, NULL, 'app.delete', 'Deleted app: Finance', '::ffff:192.168.65.1', NULL, NULL, '2025-11-06 19:07:12'),
(91, 1, NULL, 'app.delete', 'Deleted app: AirPnP', '::ffff:192.168.65.1', NULL, NULL, '2025-11-06 19:07:32'),
(95, 1, NULL, 'app.delete', 'Deleted app: AirPnP', '::ffff:192.168.65.1', NULL, NULL, '2025-11-06 19:12:00'),
(100, 1, NULL, 'user.update', 'Updated user ID: 6', '::ffff:192.168.65.1', NULL, NULL, '2025-11-06 19:17:03'),
(104, 2, NULL, 'auth.login', 'User logged in', '::ffff:192.168.65.1', NULL, NULL, '2025-11-06 19:18:25'),
(105, 1, NULL, 'auth.login', 'User logged in', '::ffff:192.168.65.1', NULL, NULL, '2025-11-06 19:20:23'),
(106, 1, NULL, 'auth.login', 'User logged in', '::ffff:192.168.65.1', NULL, NULL, '2025-11-06 19:21:49'),
(107, 1, NULL, 'auth.login', 'User logged in', '::ffff:192.168.65.1', NULL, NULL, '2025-11-06 19:22:13'),
(110, 1, NULL, 'app.delete', 'Deleted app: DoorMash', '::ffff:192.168.65.1', NULL, NULL, '2025-11-06 19:36:21'),
(112, 1, NULL, 'app.delete', 'Deleted app: Finance', '::ffff:192.168.65.1', NULL, NULL, '2025-11-06 19:52:30'),
(113, 1, NULL, 'auth.login', 'User logged in', '::ffff:192.168.65.1', NULL, NULL, '2025-11-07 19:23:07'),
(114, 1, NULL, 'app.delete', 'Deleted app: SnapTrap', '::ffff:192.168.65.1', NULL, NULL, '2025-11-07 19:24:34'),
(116, 1, NULL, 'auth.login', 'User logged in', '::ffff:192.168.65.1', NULL, NULL, '2025-11-07 19:51:49'),
(118, 1, NULL, 'auth.login', 'User logged in', '::ffff:192.168.65.1', NULL, NULL, '2025-11-10 15:00:53'),
(120, 1, NULL, 'app.delete', 'Deleted app: AirPnP (Copy)', '::ffff:192.168.65.1', NULL, NULL, '2025-11-10 15:21:19'),
(122, 1, NULL, 'app.delete', 'Deleted app: DoorBash (Copy)', '::ffff:192.168.65.1', NULL, NULL, '2025-11-10 15:22:26'),
(124, 1, NULL, 'app.delete', 'Deleted app: Ubler (Copy)', '::ffff:192.168.65.1', NULL, NULL, '2025-11-10 15:23:02'),
(128, 2, NULL, 'auth.login', 'User logged in', '::ffff:192.168.65.1', NULL, NULL, '2025-11-10 18:30:57'),
(129, 1, NULL, 'auth.login', 'User logged in', '::ffff:192.168.65.1', NULL, NULL, '2025-11-10 18:31:17'),
(130, 1, NULL, 'auth.login', 'User logged in', '::ffff:172.18.0.1', NULL, NULL, '2025-11-12 18:35:01'),
(131, 1, NULL, 'app.delete', 'Deleted app: AirPnP', '::ffff:172.18.0.1', NULL, NULL, '2025-11-12 18:37:36'),
(134, 1, NULL, 'app.delete', 'Deleted app: AirPnP old', '::ffff:172.18.0.1', NULL, NULL, '2025-11-12 19:10:45'),
(136, 1, NULL, 'app.delete', 'Deleted app: AirPnP', '::ffff:172.18.0.1', NULL, NULL, '2025-11-12 19:45:30'),
(137, 1, NULL, 'auth.login', 'User logged in', '::ffff:172.18.0.1', NULL, NULL, '2025-11-13 14:14:43'),
(138, 1, NULL, 'auth.login', 'User logged in', '::ffff:172.18.0.1', NULL, NULL, '2025-11-13 14:17:05'),
(139, 1, NULL, 'auth.login', 'User logged in', '::ffff:172.18.0.1', NULL, NULL, '2025-11-13 14:18:20'),
(141, 1, 28, 'permission.assign', 'Assigned user 6 to app 28', '::ffff:142.250.105.94', NULL, NULL, '2025-11-13 18:47:23'),
(142, 1, NULL, 'auth.login', 'User logged in', '::ffff:142.250.105.94', NULL, NULL, '2025-11-14 16:30:22'),
(143, 1, NULL, 'auth.login', 'User logged in', '::ffff:142.250.105.94', NULL, NULL, '2025-11-14 19:23:07'),
(144, 1, NULL, 'auth.login', 'User logged in', '::ffff:142.250.105.94', NULL, NULL, '2025-11-17 13:10:48'),
(145, 1, NULL, 'auth.login', 'User logged in', '::ffff:142.250.105.94', NULL, NULL, '2025-11-18 15:44:18'),
(146, 1, NULL, 'auth.login', 'User logged in', '::ffff:142.250.105.94', NULL, NULL, '2025-11-19 16:01:31'),
(147, 1, NULL, 'auth.login', 'User logged in', '::ffff:172.217.215.95', NULL, NULL, '2025-11-20 16:01:36'),
(148, 1, NULL, 'auth.login', 'User logged in', '::ffff:172.217.215.95', NULL, NULL, '2025-11-20 21:08:00'),
(149, 1, NULL, 'auth.login', 'User logged in', '::ffff:172.217.215.95', NULL, NULL, '2025-11-21 15:31:22'),
(150, 1, NULL, 'auth.login', 'User logged in', '::ffff:172.217.215.95', NULL, NULL, '2025-11-21 15:31:35'),
(151, 1, NULL, 'auth.login', 'User logged in', '::ffff:172.217.215.95', NULL, NULL, '2025-11-21 15:32:10'),
(152, 1, NULL, 'auth.login', 'User logged in', '::ffff:172.217.215.95', NULL, NULL, '2025-11-21 15:37:04'),
(153, 1, NULL, 'auth.login', 'User logged in', '::ffff:172.217.215.95', NULL, NULL, '2025-11-21 16:54:42'),
(154, 1, NULL, 'auth.login', 'User logged in', '::ffff:172.217.215.95', NULL, NULL, '2025-11-21 21:59:49'),
(155, 1, NULL, 'auth.login', 'User logged in', '::ffff:172.217.215.95', NULL, NULL, '2025-11-24 02:50:36'),
(156, 1, NULL, 'auth.login', 'User logged in', '::ffff:172.217.215.95', NULL, NULL, '2025-11-25 15:16:43'),
(157, 1, NULL, 'auth.login', 'User logged in', '::ffff:172.253.124.95', NULL, NULL, '2025-11-26 15:21:38'),
(158, 1, NULL, 'auth.login', 'User logged in', '::ffff:172.253.124.95', NULL, NULL, '2025-11-28 12:41:03'),
(159, 1, NULL, 'auth.login', 'User logged in', '::ffff:172.253.124.95', NULL, NULL, '2025-11-28 21:56:49'),
(160, 1, NULL, 'auth.login', 'User logged in', '::ffff:172.253.124.95', NULL, NULL, '2025-11-28 22:00:05'),
(161, 1, NULL, 'auth.login', 'User logged in', '::ffff:172.253.124.95', NULL, NULL, '2025-11-29 22:17:17'),
(162, 1, 28, 'app.update', 'Updated app ID: 28', '::ffff:172.253.124.95', NULL, NULL, '2025-11-29 22:17:41'),
(163, 1, NULL, 'auth.login', 'User logged in', '::ffff:172.253.124.95', NULL, NULL, '2025-11-29 23:23:49'),
(164, 1, NULL, 'app.delete', 'Deleted app: Test Property Rental Clone', '::ffff:172.253.124.95', NULL, NULL, '2025-11-29 23:33:45'),
(165, 1, NULL, 'app.delete', 'Deleted app: Test Property Rental Clone', '::ffff:172.253.124.95', NULL, NULL, '2025-11-29 23:33:49'),
(166, 1, NULL, 'app.delete', 'Deleted app: Test Property Rental Clone', '::ffff:172.253.124.95', NULL, NULL, '2025-11-29 23:33:53'),
(167, 1, NULL, 'app.delete', 'Deleted app: Test Property Rental Clone', '::ffff:172.253.124.95', NULL, NULL, '2025-11-29 23:33:57'),
(168, 1, NULL, 'app.delete', 'Deleted app: Test Property Rental Clone', '::ffff:172.253.124.95', NULL, NULL, '2025-11-29 23:34:00'),
(169, 1, NULL, 'app.delete', 'Deleted app: Test Property Rental Clone', '::ffff:172.253.124.95', NULL, NULL, '2025-11-29 23:34:04'),
(170, 1, 28, 'permission.assign', 'Assigned user 2 to app 28', '::ffff:172.253.124.95', NULL, NULL, '2025-11-29 23:36:00'),
(174, 1, 28, 'permission.remove', 'Removed user 6 from app 28', '::ffff:172.253.124.95', NULL, NULL, '2025-11-29 23:36:08'),
(175, 1, 28, 'permission.assign', 'Assigned user 3 to app 28', '::ffff:172.253.124.95', NULL, NULL, '2025-11-29 23:36:21'),
(176, 1, NULL, 'user.update', 'Updated user ID: 2', '::ffff:172.253.124.95', NULL, NULL, '2025-11-29 23:37:16'),
(177, 1, NULL, 'app.delete', 'Deleted app: Property Rental Clone 2', '::ffff:172.253.124.95', NULL, NULL, '2025-11-30 00:07:04'),
(178, 1, NULL, 'app.delete', 'Deleted app: Property Rental Clone 2', '::ffff:172.253.124.95', NULL, NULL, '2025-11-30 00:07:07'),
(179, 1, NULL, 'app.delete', 'Deleted app: Test Property Rental Clone', '::ffff:172.253.124.95', NULL, NULL, '2025-11-30 00:08:30'),
(180, 1, NULL, 'auth.login', 'User logged in', '::ffff:172.253.124.95', NULL, NULL, '2025-11-30 00:17:24'),
(181, 1, NULL, 'auth.login', 'User logged in', '::ffff:172.253.124.95', NULL, NULL, '2025-11-30 00:17:50'),
(182, 1, NULL, 'app.delete', 'Deleted app: Property Rental Clone 3', '::ffff:172.253.124.95', NULL, NULL, '2025-11-30 06:10:59'),
(183, 1, NULL, 'auth.login', 'User logged in', '::ffff:172.253.124.95', NULL, NULL, '2025-11-30 15:03:58'),
(184, 1, NULL, 'auth.login', 'User logged in', '::ffff:172.253.124.95', NULL, NULL, '2025-11-30 15:08:08'),
(185, 1, NULL, 'auth.login', 'User logged in', '::ffff:172.253.124.95', NULL, NULL, '2025-11-30 15:31:35'),
(186, 1, NULL, 'auth.login', 'User logged in', '::ffff:172.253.124.95', NULL, NULL, '2025-11-30 15:49:00'),
(187, 1, NULL, 'app.delete', 'Deleted app: Test Property App', '::ffff:172.253.124.95', NULL, NULL, '2025-11-30 15:53:20'),
(188, 1, NULL, 'app.delete', 'Deleted app: Test Property App', '::ffff:172.253.124.95', NULL, NULL, '2025-11-30 15:53:23'),
(189, 1, NULL, 'app.delete', 'Deleted app: Test Property App 3', '::ffff:172.253.124.95', NULL, NULL, '2025-11-30 15:53:26'),
(190, 1, NULL, 'app.delete', 'Deleted app: Test Property App 4', '::ffff:172.253.124.95', NULL, NULL, '2025-11-30 15:53:51'),
(191, 1, NULL, 'app.delete', 'Deleted app: E2E Test - Vacation Rentals', '::ffff:172.253.124.95', NULL, NULL, '2025-11-30 16:32:11'),
(192, 1, NULL, 'app.delete', 'Deleted app: Test Property App', '::ffff:172.253.124.95', NULL, NULL, '2025-11-30 16:32:16'),
(193, 1, NULL, 'app.delete', 'Deleted app: AAA Vacation Rentals', '::ffff:172.253.124.95', NULL, NULL, '2025-11-30 16:46:40'),
(194, 1, NULL, 'auth.login', 'User logged in', '::ffff:172.253.124.95', NULL, NULL, '2025-11-30 20:04:41'),
(195, 1, NULL, 'auth.login', 'User logged in', '::ffff:172.253.124.95', NULL, NULL, '2025-11-30 20:06:08'),
(196, 1, NULL, 'auth.login', 'User logged in', '::ffff:172.253.124.95', NULL, NULL, '2025-11-30 20:10:17'),
(197, 1, NULL, 'auth.login', 'User logged in', '::ffff:172.253.124.95', NULL, NULL, '2025-11-30 20:11:08'),
(198, 1, NULL, 'auth.login', 'User logged in', '::ffff:172.253.124.95', NULL, NULL, '2025-11-30 20:11:34'),
(199, 1, NULL, 'auth.login', 'User logged in', '::ffff:172.253.124.95', NULL, NULL, '2025-11-30 20:13:08'),
(200, 1, NULL, 'auth.login', 'User logged in', '::ffff:172.253.124.95', NULL, NULL, '2025-11-30 20:13:57'),
(201, 1, NULL, 'auth.login', 'User logged in', '::ffff:172.253.124.95', NULL, NULL, '2025-11-30 20:15:44'),
(202, 1, NULL, 'auth.login', 'User logged in', '::ffff:172.253.124.95', NULL, NULL, '2025-11-30 22:08:06'),
(203, 3, NULL, 'auth.login', 'User logged in', '::ffff:172.253.124.95', NULL, NULL, '2025-11-30 22:53:58'),
(204, 3, NULL, 'auth.login', 'User logged in', '::ffff:172.253.124.95', NULL, NULL, '2025-11-30 23:59:29'),
(205, 3, NULL, 'auth.login', 'User logged in', '::ffff:172.253.124.95', NULL, NULL, '2025-12-01 00:00:12'),
(206, 1, 28, 'permission.update', 'Updated permissions for user 3', '::ffff:172.253.124.95', NULL, NULL, '2025-12-01 00:19:11'),
(207, 1, 28, 'permission.update', 'Updated permissions for user 2', '::ffff:172.253.124.95', NULL, NULL, '2025-12-01 00:23:06'),
(208, 1, 28, 'permission.update', 'Updated permissions for user 3', '::ffff:172.253.124.95', NULL, NULL, '2025-12-01 00:23:44'),
(209, 1, 28, 'permission.update', 'Updated permissions for user 2', '::ffff:172.253.124.95', NULL, NULL, '2025-12-01 00:24:03'),
(210, 1, 28, 'permission.update', 'Updated permissions for user 2', '::ffff:172.253.124.95', NULL, NULL, '2025-12-01 00:24:34'),
(211, 3, NULL, 'auth.login', 'User logged in', '::ffff:172.253.124.95', NULL, NULL, '2025-12-01 00:25:12'),
(212, 1, 28, 'permission.update', 'Updated permissions for user 2', '::ffff:172.253.124.95', NULL, NULL, '2025-12-01 00:28:50'),
(213, 1, 28, 'permission.update', 'Updated permissions for user 2', '::ffff:172.253.124.95', NULL, NULL, '2025-12-01 00:33:11'),
(214, 1, 28, 'permission.update', 'Updated permissions for user 3', '::ffff:172.253.124.95', NULL, NULL, '2025-12-01 00:40:45'),
(215, 1, 28, 'permission.update', 'Updated permissions for user 3', '::ffff:172.253.124.95', NULL, NULL, '2025-12-01 00:41:14'),
(216, 1, NULL, 'user.update', 'Updated user ID: 2', '::ffff:172.253.124.95', NULL, NULL, '2025-12-01 00:45:58'),
(217, 1, NULL, 'user.update', 'Updated user ID: 2', '::ffff:172.253.124.95', NULL, NULL, '2025-12-01 00:46:39'),
(218, 1, NULL, 'user.update', 'Updated user ID: 2', '::ffff:172.253.124.95', NULL, NULL, '2025-12-01 00:47:01'),
(219, 1, NULL, 'user.update', 'Updated user ID: 3', '::ffff:172.253.124.95', NULL, NULL, '2025-12-01 00:48:24'),
(220, 1, NULL, 'user.update', 'Updated user ID: 2', '::ffff:172.253.124.95', NULL, NULL, '2025-12-01 00:54:23'),
(221, 1, 28, 'permission.update', 'Updated permissions for user 2', '::ffff:172.253.124.95', NULL, NULL, '2025-12-01 00:54:23'),
(222, 1, NULL, 'user.update', 'Updated user ID: 2', '::ffff:172.253.124.95', NULL, NULL, '2025-12-01 00:57:21'),
(223, 1, 28, 'permission.update', 'Updated permissions for user 2', '::ffff:172.253.124.95', NULL, NULL, '2025-12-01 00:57:21'),
(224, 1, NULL, 'user.update', 'Updated user ID: 2', '::ffff:172.253.124.95', NULL, NULL, '2025-12-01 00:57:27'),
(225, 1, 28, 'permission.update', 'Updated permissions for user 2', '::ffff:172.253.124.95', NULL, NULL, '2025-12-01 00:57:28'),
(226, 1, 28, 'permission.update', 'Updated permissions for user 2', '::ffff:172.253.124.95', NULL, NULL, '2025-12-01 00:58:49'),
(227, 1, NULL, 'user.update', 'Updated user ID: 2', '::ffff:172.253.124.95', NULL, NULL, '2025-12-01 00:59:04'),
(228, 1, 28, 'permission.update', 'Updated permissions for user 2', '::ffff:172.253.124.95', NULL, NULL, '2025-12-01 00:59:04'),
(229, 1, 28, 'permission.update', 'Updated permissions for user 2', '::ffff:172.253.124.95', NULL, NULL, '2025-12-01 01:04:07'),
(232, 1, 28, 'permission.assign', 'Assigned user 6 to app 28', '::ffff:172.253.124.95', NULL, NULL, '2025-12-01 01:07:55'),
(233, 1, NULL, 'user.update', 'Updated user ID: 6', '::ffff:172.253.124.95', NULL, NULL, '2025-12-01 01:08:30'),
(234, 1, 28, 'permission.update', 'Updated permissions for user 6', '::ffff:172.253.124.95', NULL, NULL, '2025-12-01 01:08:30'),
(235, 1, NULL, 'user.update', 'Updated user ID: 3', '::ffff:172.253.124.95', NULL, NULL, '2025-12-01 01:08:52'),
(236, 1, 28, 'permission.update', 'Updated permissions for user 3', '::ffff:172.253.124.95', NULL, NULL, '2025-12-01 01:08:52'),
(237, 1, NULL, 'user.update', 'Updated user ID: 6', '::ffff:172.253.124.95', NULL, NULL, '2025-12-01 01:09:10'),
(238, 1, 28, 'permission.update', 'Updated permissions for user 6', '::ffff:172.253.124.95', NULL, NULL, '2025-12-01 01:09:10'),
(239, 1, NULL, 'user.update', 'Updated user ID: 2', '::ffff:172.253.124.95', NULL, NULL, '2025-12-01 01:09:17'),
(240, 1, 28, 'permission.update', 'Updated permissions for user 2', '::ffff:172.253.124.95', NULL, NULL, '2025-12-01 01:09:17'),
(241, 1, NULL, 'user.update', 'Updated user ID: 2', '::ffff:172.253.124.95', NULL, NULL, '2025-12-01 01:09:28'),
(242, 1, 28, 'permission.update', 'Updated permissions for user 2', '::ffff:172.253.124.95', NULL, NULL, '2025-12-01 01:09:28'),
(243, 1, 28, 'permission.update', 'Updated permissions for user 6', '::ffff:172.253.124.95', NULL, NULL, '2025-12-01 01:20:42'),
(244, 1, 28, 'permission.update', 'Updated permissions for user 6', '::ffff:172.253.124.95', NULL, NULL, '2025-12-01 01:21:31'),
(247, 1, 28, 'permission.remove', 'Removed user 6 from app 28', '::ffff:172.253.124.95', NULL, NULL, '2025-12-01 01:21:46'),
(248, 1, NULL, 'app.delete', 'Deleted app: AAA Vacation Rentals', '::ffff:172.253.124.95', NULL, NULL, '2025-12-01 01:22:47'),
(249, 1, NULL, 'app.delete', 'Deleted app: AAA Vacation Rental', '::ffff:172.253.124.95', NULL, NULL, '2025-12-01 01:34:08'),
(250, 1, NULL, 'app.delete', 'Deleted app: AAA Vacation Rental', '::ffff:172.253.124.95', NULL, NULL, '2025-12-01 01:34:10'),
(251, 1, NULL, 'app.delete', 'Deleted app: AAA Vacation Rentals', '::ffff:172.253.124.95', NULL, NULL, '2025-12-01 01:34:13'),
(252, 1, NULL, 'app.delete', 'Deleted app: AAA Vacation Rentals', '::ffff:172.253.124.95', NULL, NULL, '2025-12-01 01:34:29'),
(253, 1, NULL, 'app.delete', 'Deleted app: AAA Vacation Rentals', '::ffff:172.253.124.95', NULL, NULL, '2025-12-01 01:37:34'),
(254, 1, NULL, 'app.delete', 'Deleted app: AAA Vacation Rentals', '::ffff:172.253.124.95', NULL, NULL, '2025-12-01 01:41:53'),
(257, 1, NULL, 'app.delete', 'Deleted app: AAA Vacation Rentals', '::ffff:172.253.124.95', NULL, NULL, '2025-12-01 01:51:02'),
(258, 1, NULL, 'app.delete', 'Deleted app: YouNube', '::ffff:172.253.124.95', NULL, NULL, '2025-12-01 02:04:56'),
(260, 3, NULL, 'auth.login', 'User logged in', '::ffff:172.253.124.95', NULL, NULL, '2025-12-01 17:30:50'),
(261, 1, 56, 'permission.update', 'Updated permissions for user 3', '::ffff:172.253.124.95', NULL, NULL, '2025-12-01 18:44:40'),
(262, 1, NULL, 'auth.login', 'User logged in', '::ffff:172.253.124.95', NULL, NULL, '2025-12-02 14:28:30'),
(263, 1, NULL, 'auth.login', 'User logged in', '::ffff:172.253.124.95', NULL, NULL, '2025-12-02 19:49:21'),
(264, 3, NULL, 'auth.login', 'User logged in', '::ffff:172.253.124.95', NULL, NULL, '2025-12-02 20:54:07'),
(265, 1, 56, 'permission.update', 'Updated permissions for user 3', '::ffff:172.253.124.95', NULL, NULL, '2025-12-02 20:54:22'),
(266, 1, 56, 'permission.update', 'Updated permissions for user 3', '::ffff:172.253.124.95', NULL, NULL, '2025-12-02 21:16:25'),
(267, 3, NULL, 'auth.login', 'User logged in', '::ffff:172.253.124.95', NULL, NULL, '2025-12-02 21:28:27'),
(268, 3, NULL, 'auth.login', 'User logged in', '::ffff:172.253.124.95', NULL, NULL, '2025-12-02 21:32:39'),
(269, 1, NULL, 'auth.login', 'User logged in', '::ffff:172.253.124.95', NULL, NULL, '2025-12-03 20:18:41'),
(270, 1, NULL, 'app.delete', 'Deleted app: DoorBash', '::ffff:172.253.124.95', NULL, NULL, '2025-12-03 22:52:57'),
(271, 1, NULL, 'app.delete', 'Deleted app: Finance app', '::ffff:172.253.124.95', NULL, NULL, '2025-12-03 22:53:01'),
(272, 1, NULL, 'app.delete', 'Deleted app: SnapTrap', '::ffff:172.253.124.95', NULL, NULL, '2025-12-03 22:53:20'),
(273, 1, NULL, 'app.delete', 'Deleted app: RideShare', '::ffff:172.253.124.95', NULL, NULL, '2025-12-03 22:54:05'),
(274, 3, NULL, 'auth.login', 'User logged in', '::ffff:172.253.124.95', NULL, NULL, '2025-12-04 18:54:06'),
(275, 1, NULL, 'auth.login', 'User logged in', '::ffff:172.253.124.95', NULL, NULL, '2025-12-04 20:22:10'),
(276, 1, NULL, 'auth.login', 'User logged in', '::ffff:172.253.124.95', NULL, NULL, '2025-12-08 14:01:00'),
(277, 1, NULL, 'auth.login', 'User logged in', '::ffff:172.253.124.95', NULL, NULL, '2025-12-09 16:49:08'),
(278, 1, NULL, 'auth.login', 'User logged in', '::ffff:172.253.124.95', NULL, NULL, '2025-12-09 16:59:45'),
(279, 1, NULL, 'auth.login', 'User logged in', '::ffff:172.253.124.95', NULL, NULL, '2025-12-09 20:49:41'),
(280, 1, NULL, 'auth.login', 'User logged in', '::ffff:172.253.124.95', NULL, NULL, '2025-12-09 20:49:49'),
(281, 1, NULL, 'auth.login', 'User logged in', '::ffff:172.253.124.95', NULL, NULL, '2025-12-10 18:12:46'),
(282, 3, NULL, 'auth.login', 'User logged in', '::ffff:172.253.124.95', NULL, NULL, '2025-12-10 20:03:27'),
(284, 1, NULL, 'app.delete', 'Deleted app: Test Rental', '::ffff:172.253.124.95', NULL, NULL, '2025-12-11 16:21:08'),
(285, 1, NULL, 'app.delete', 'Deleted app: Test Rental', '::ffff:172.253.124.95', NULL, NULL, '2025-12-11 16:23:04'),
(286, 1, NULL, 'auth.login', 'User logged in', '::ffff:142.250.105.95', NULL, NULL, '2025-12-11 18:10:20'),
(287, 1, NULL, 'auth.login', 'User logged in', '::ffff:142.250.105.95', NULL, NULL, '2025-12-11 21:31:49'),
(288, 1, NULL, 'app.delete', 'Deleted app: Test Rental', '::ffff:142.250.105.95', NULL, NULL, '2025-12-11 21:36:29'),
(289, 1, NULL, 'app.delete', 'Deleted app: Test Rental App', '::ffff:142.250.105.95', NULL, NULL, '2025-12-11 21:48:53'),
(290, 1, NULL, 'auth.login', 'User logged in', '::ffff:173.194.219.94', NULL, NULL, '2025-12-15 13:58:24');

-- --------------------------------------------------------

--
-- Table structure for table `apps`
--

CREATE TABLE `apps` (
  `id` int NOT NULL,
  `name` varchar(255) CHARACTER SET utf8mb4 COLLATE utf8mb4_unicode_ci NOT NULL,
  `default_home_screen_id` int DEFAULT NULL,
  `template_id` int DEFAULT NULL,
  `domain` varchar(255) CHARACTER SET utf8mb4 COLLATE utf8mb4_unicode_ci NOT NULL,
  `description` text CHARACTER SET utf8mb4 COLLATE utf8mb4_unicode_ci,
  `is_active` tinyint(1) DEFAULT '1',
  `created_by` int NOT NULL,
  `created_at` timestamp NULL DEFAULT CURRENT_TIMESTAMP,
  `updated_at` timestamp NULL DEFAULT CURRENT_TIMESTAMP ON UPDATE CURRENT_TIMESTAMP
) ENGINE=InnoDB DEFAULT CHARSET=utf8mb4 COLLATE=utf8mb4_unicode_ci;

--
-- Dumping data for table `apps`
--

INSERT INTO `apps` (`id`, `name`, `default_home_screen_id`, `template_id`, `domain`, `description`, `is_active`, `created_by`, `created_at`, `updated_at`) VALUES
(28, 'Property Rental', 112, 9, 'property-rental.app', 'Complete property rental and booking platform, booking system, host profiles, and reviews', 1, 1, '2025-11-12 19:45:43', '2025-11-29 22:17:40'),
(56, 'AAA Vacation Rentals', NULL, 9, 'aaa-vacation-rentals-1764553869270.app', 'Complete property rental and booking platform, booking system, host profiles, and reviews', 1, 1, '2025-12-01 01:51:09', '2025-12-01 01:51:09'),
(57, 'Alex Rentals', NULL, 9, 'alex-rentals-1764793168247.app', 'Complete property rental and booking platform, booking system, host profiles, and reviews', 1, 1, '2025-12-03 20:19:28', '2025-12-03 20:19:28'),
(58, 'RideShare', 141, 11, 'rideshare-1764802485029.app', 'Complete ride-sharing solution with booking, tracking, and payment features', 1, 1, '2025-12-03 22:54:45', '2025-12-04 02:28:40'),
(60, 'Real Estate App', NULL, 5, 'real-estate-app-1765311545133.app', 'Complete real estate marketplace for buying, selling, and renting properties with agent profiles, property listings, inquiry management, and virtual tours', 1, 1, '2025-12-09 20:19:05', '2025-12-09 20:19:05'),
(65, 'test app', NULL, 9, 'test-app-1765489751790.app', 'Complete property rental and booking platform, booking system, host profiles, and reviews', 1, 1, '2025-12-11 21:49:11', '2025-12-11 21:49:11');

-- --------------------------------------------------------

--
-- Table structure for table `app_custom_screen_elements`
--

CREATE TABLE `app_custom_screen_elements` (
  `id` int NOT NULL,
  `app_id` int NOT NULL,
  `screen_id` int NOT NULL,
  `element_id` int NOT NULL,
  `field_key` varchar(255) CHARACTER SET utf8mb4 COLLATE utf8mb4_unicode_ci NOT NULL,
  `label` varchar(255) CHARACTER SET utf8mb4 COLLATE utf8mb4_unicode_ci DEFAULT NULL,
  `placeholder` varchar(255) CHARACTER SET utf8mb4 COLLATE utf8mb4_unicode_ci DEFAULT NULL,
  `default_value` text CHARACTER SET utf8mb4 COLLATE utf8mb4_unicode_ci,
  `validation_rules` json DEFAULT NULL,
  `is_required` tinyint(1) DEFAULT '0',
  `is_visible` tinyint(1) DEFAULT '1',
  `display_order` int DEFAULT '999',
  `config` json DEFAULT NULL,
  `created_at` timestamp NULL DEFAULT CURRENT_TIMESTAMP,
  `updated_at` timestamp NULL DEFAULT CURRENT_TIMESTAMP ON UPDATE CURRENT_TIMESTAMP
) ENGINE=InnoDB DEFAULT CHARSET=utf8mb4 COLLATE=utf8mb4_unicode_ci;

--
-- Dumping data for table `app_custom_screen_elements`
--

INSERT INTO `app_custom_screen_elements` (`id`, `app_id`, `screen_id`, `element_id`, `field_key`, `label`, `placeholder`, `default_value`, `validation_rules`, `is_required`, `is_visible`, `display_order`, `config`, `created_at`, `updated_at`) VALUES
(4, 28, 62, 34, 'Google', 'google', NULL, 'http://googl.com', NULL, 0, 1, 999, NULL, '2025-11-20 17:17:42', '2025-11-20 17:17:42'),
(8, 28, 105, 33, 'edit_profile', 'Edit Profile', NULL, NULL, NULL, 0, 1, 9, '{\"screenId\": 106, \"actionType\": \"screen\"}', '2025-11-24 20:24:48', '2025-11-24 20:26:00'),
(11, 28, 137, 10, 'test_dropdown', 'Test Dropdown', 'Select an Option', '', NULL, 0, 1, 6, '{\"options\": [{\"label\": \"test 1\", \"value\": \"test1\"}, {\"label\": \"test 2\", \"value\": \"test2\"}, {\"label\": \"test 3\", \"value\": \"test3\"}, {\"label\": \"test 4\", \"value\": \"test4\"}]}', '2025-11-29 18:29:19', '2025-11-29 18:40:49'),
(12, 28, 137, 31, 'divider', 'divider', NULL, NULL, NULL, 0, 1, 7, '{}', '2025-11-29 18:41:25', '2025-11-29 18:41:29'),
(85, 56, 62, 34, 'Google', 'google', NULL, 'http://googl.com', NULL, 0, 1, 999, NULL, '2025-12-01 01:51:09', '2025-12-01 01:51:09'),
(86, 56, 105, 33, 'edit_profile', 'Edit Profile', NULL, NULL, NULL, 0, 1, 9, '{\"screenId\": 106, \"actionType\": \"screen\"}', '2025-12-01 01:51:09', '2025-12-01 01:51:09'),
(88, 56, 137, 31, 'divider', 'divider', NULL, NULL, NULL, 0, 1, 7, '{}', '2025-12-01 01:51:09', '2025-12-01 01:51:09'),
(89, 56, 137, 10, 'test_dropdown', 'Test Dropdown', 'Select an Option', NULL, NULL, 0, 1, 6, '{\"options\": [{\"label\": \"test 1\", \"value\": \"test1\"}, {\"label\": \"test 2\", \"value\": \"test2\"}, {\"label\": \"test 3\", \"value\": \"test3\"}, {\"label\": \"test 4\", \"value\": \"test4\"}]}', '2025-12-01 01:51:09', '2025-12-01 01:51:09'),
(90, 57, 62, 34, 'Google', 'google', NULL, 'http://googl.com', NULL, 0, 1, 999, NULL, '2025-12-03 20:19:29', '2025-12-03 20:19:29'),
(91, 57, 105, 33, 'edit_profile', 'Edit Profile', NULL, NULL, NULL, 0, 1, 9, '{\"screenId\": 106, \"actionType\": \"screen\"}', '2025-12-03 20:19:29', '2025-12-03 20:19:29'),
(92, 57, 112, 28, 'para_test', 'Para test', NULL, NULL, NULL, 0, 1, 999, '{}', '2025-12-03 20:19:29', '2025-12-03 20:19:29'),
(93, 57, 137, 31, 'divider', 'divider', NULL, NULL, NULL, 0, 1, 7, '{}', '2025-12-03 20:19:29', '2025-12-03 20:19:29'),
(94, 57, 137, 10, 'test_dropdown', 'Test Dropdown', 'Select an Option', NULL, NULL, 0, 1, 6, '{\"options\": [{\"label\": \"test 1\", \"value\": \"test1\"}, {\"label\": \"test 2\", \"value\": \"test2\"}, {\"label\": \"test 3\", \"value\": \"test3\"}, {\"label\": \"test 4\", \"value\": \"test4\"}]}', '2025-12-03 20:19:29', '2025-12-03 20:19:29'),
(110, 65, 62, 34, 'Google', 'google', NULL, 'http://googl.com', NULL, 0, 1, 999, NULL, '2025-12-11 21:49:12', '2025-12-11 21:49:12'),
(111, 65, 105, 33, 'edit_profile', 'Edit Profile', NULL, NULL, NULL, 0, 1, 9, '{\"screenId\": 106, \"actionType\": \"screen\"}', '2025-12-11 21:49:12', '2025-12-11 21:49:12'),
(112, 65, 112, 28, 'para_test', 'Para test', NULL, NULL, NULL, 0, 1, 999, '{}', '2025-12-11 21:49:12', '2025-12-11 21:49:12'),
(113, 65, 137, 31, 'divider', 'divider', NULL, NULL, NULL, 0, 1, 7, '{}', '2025-12-11 21:49:12', '2025-12-11 21:49:12'),
(114, 65, 137, 10, 'test_dropdown', 'Test Dropdown', 'Select an Option', NULL, NULL, 0, 1, 6, '{\"options\": [{\"label\": \"test 1\", \"value\": \"test1\"}, {\"label\": \"test 2\", \"value\": \"test2\"}, {\"label\": \"test 3\", \"value\": \"test3\"}, {\"label\": \"test 4\", \"value\": \"test4\"}]}', '2025-12-11 21:49:12', '2025-12-11 21:49:12');

-- --------------------------------------------------------

--
-- Table structure for table `app_forms`
--

CREATE TABLE `app_forms` (
  `id` int NOT NULL,
  `name` varchar(100) CHARACTER SET utf8mb4 COLLATE utf8mb4_unicode_ci NOT NULL,
  `form_key` varchar(100) CHARACTER SET utf8mb4 COLLATE utf8mb4_unicode_ci NOT NULL,
  `description` text CHARACTER SET utf8mb4 COLLATE utf8mb4_unicode_ci,
  `form_type` enum('create','edit','search','filter','multi_step','wizard') CHARACTER SET utf8mb4 COLLATE utf8mb4_unicode_ci DEFAULT 'create',
  `layout` enum('single_column','two_column','grid','wizard') CHARACTER SET utf8mb4 COLLATE utf8mb4_unicode_ci DEFAULT 'single_column',
  `submit_button_text` varchar(50) CHARACTER SET utf8mb4 COLLATE utf8mb4_unicode_ci DEFAULT 'Submit',
  `success_message` text CHARACTER SET utf8mb4 COLLATE utf8mb4_unicode_ci,
  `error_message` text CHARACTER SET utf8mb4 COLLATE utf8mb4_unicode_ci,
  `icon` varchar(50) CHARACTER SET utf8mb4 COLLATE utf8mb4_unicode_ci DEFAULT NULL,
  `category` varchar(50) CHARACTER SET utf8mb4 COLLATE utf8mb4_unicode_ci DEFAULT NULL,
  `is_active` tinyint(1) DEFAULT '1',
  `created_by` int NOT NULL,
  `created_at` timestamp NULL DEFAULT CURRENT_TIMESTAMP,
  `updated_at` timestamp NULL DEFAULT CURRENT_TIMESTAMP ON UPDATE CURRENT_TIMESTAMP
) ENGINE=InnoDB DEFAULT CHARSET=utf8mb4 COLLATE=utf8mb4_unicode_ci;

--
-- Dumping data for table `app_forms`
--

INSERT INTO `app_forms` (`id`, `name`, `form_key`, `description`, `form_type`, `layout`, `submit_button_text`, `success_message`, `error_message`, `icon`, `category`, `is_active`, `created_by`, `created_at`, `updated_at`) VALUES
(1, 'Property Listing Form', 'property_listing_form', 'Complete form for creating and editing property listings with all necessary fields including location, pricing, amenities, and booking rules', 'create', 'single_column', 'Create Listing', 'Property listing created successfully! Your listing is now live.', NULL, 'home', 'real_estate', 1, 1, '2025-11-21 17:06:03', '2025-11-21 17:06:03'),
(2, 'Contact Us', 'contact_us', 'Contact form for user inquiries', 'create', 'single_column', 'Submit', NULL, NULL, NULL, NULL, 1, 1, '2025-11-30 21:26:32', '2025-11-30 21:26:32');

-- --------------------------------------------------------

--
-- Table structure for table `app_form_assignments`
--

CREATE TABLE `app_form_assignments` (
  `id` int NOT NULL,
  `app_id` int NOT NULL,
  `form_id` int NOT NULL,
  `custom_name` varchar(100) CHARACTER SET utf8mb4 COLLATE utf8mb4_unicode_ci DEFAULT NULL,
  `custom_submit_text` varchar(50) CHARACTER SET utf8mb4 COLLATE utf8mb4_unicode_ci DEFAULT NULL,
  `custom_success_message` text CHARACTER SET utf8mb4 COLLATE utf8mb4_unicode_ci,
  `custom_config` json DEFAULT NULL,
  `submit_endpoint` varchar(255) CHARACTER SET utf8mb4 COLLATE utf8mb4_unicode_ci DEFAULT NULL,
  `submit_method` enum('POST','PUT','PATCH') CHARACTER SET utf8mb4 COLLATE utf8mb4_unicode_ci DEFAULT 'POST',
  `is_active` tinyint(1) DEFAULT '1',
  `assigned_by` int DEFAULT NULL,
  `assigned_at` timestamp NULL DEFAULT CURRENT_TIMESTAMP
) ENGINE=InnoDB DEFAULT CHARSET=utf8mb4 COLLATE=utf8mb4_unicode_ci;

--
-- Dumping data for table `app_form_assignments`
--

INSERT INTO `app_form_assignments` (`id`, `app_id`, `form_id`, `custom_name`, `custom_submit_text`, `custom_success_message`, `custom_config`, `submit_endpoint`, `submit_method`, `is_active`, `assigned_by`, `assigned_at`) VALUES
(1, 28, 1, NULL, 'Create Listing', 'Your property listing has been created successfully!', NULL, '/apps/28/listings', 'POST', 1, 1, '2025-11-21 17:06:04'),
(2, 56, 1, NULL, 'Create Listing', 'Your property listing has been created successfully!', NULL, '/apps/56/listings', 'POST', 1, 1, '2025-12-08 19:50:58');

-- --------------------------------------------------------

--
-- Table structure for table `app_form_elements`
--

CREATE TABLE `app_form_elements` (
  `id` int NOT NULL,
  `form_id` int NOT NULL,
  `element_id` int NOT NULL,
  `field_key` varchar(100) CHARACTER SET utf8mb4 COLLATE utf8mb4_unicode_ci NOT NULL,
  `label` varchar(255) CHARACTER SET utf8mb4 COLLATE utf8mb4_unicode_ci DEFAULT NULL,
  `placeholder` varchar(255) CHARACTER SET utf8mb4 COLLATE utf8mb4_unicode_ci DEFAULT NULL,
  `default_value` text CHARACTER SET utf8mb4 COLLATE utf8mb4_unicode_ci,
  `help_text` text CHARACTER SET utf8mb4 COLLATE utf8mb4_unicode_ci,
  `is_required` tinyint(1) DEFAULT '0',
  `validation_rules` json DEFAULT NULL,
  `display_order` int DEFAULT '0',
  `column_span` int DEFAULT '1',
  `row_span` int DEFAULT '1',
  `show_if_field` varchar(100) CHARACTER SET utf8mb4 COLLATE utf8mb4_unicode_ci DEFAULT NULL,
  `show_if_value` varchar(255) CHARACTER SET utf8mb4 COLLATE utf8mb4_unicode_ci DEFAULT NULL,
  `config` json DEFAULT NULL,
  `created_at` timestamp NULL DEFAULT CURRENT_TIMESTAMP,
  `updated_at` timestamp NULL DEFAULT CURRENT_TIMESTAMP ON UPDATE CURRENT_TIMESTAMP
) ENGINE=InnoDB DEFAULT CHARSET=utf8mb4 COLLATE=utf8mb4_unicode_ci;

--
-- Dumping data for table `app_form_elements`
--

INSERT INTO `app_form_elements` (`id`, `form_id`, `element_id`, `field_key`, `label`, `placeholder`, `default_value`, `help_text`, `is_required`, `validation_rules`, `display_order`, `column_span`, `row_span`, `show_if_field`, `show_if_value`, `config`, `created_at`, `updated_at`) VALUES
(1, 1, 1, 'title', 'Property Title', 'e.g., Cozy Downtown Apartment', NULL, 'Give your property a catchy title', 1, NULL, 3, 1, 1, NULL, NULL, '{\"maxLength\": 255}', '2025-11-21 17:06:03', '2025-11-21 18:24:43'),
(2, 1, 2, 'description', 'Description', 'Describe your property...', NULL, 'Detailed description of your property', 1, NULL, 4, 1, 1, NULL, NULL, '{\"rows\": 5, \"maxLength\": 2000}', '2025-11-21 17:06:03', '2025-11-21 18:24:43'),
(3, 1, 10, 'property_type', 'Property Type', 'Select type', NULL, 'What type of property is this?', 1, NULL, 5, 1, 1, NULL, NULL, '{\"options\": [{\"label\": \"House\", \"value\": \"house\"}, {\"label\": \"Apartment\", \"value\": \"apartment\"}, {\"label\": \"Condo\", \"value\": \"condo\"}, {\"label\": \"Villa\", \"value\": \"villa\"}, {\"label\": \"Cabin\", \"value\": \"cabin\"}, {\"label\": \"Cottage\", \"value\": \"cottage\"}, {\"label\": \"Townhouse\", \"value\": \"townhouse\"}, {\"label\": \"Loft\", \"value\": \"loft\"}, {\"label\": \"Other\", \"value\": \"other\"}]}', '2025-11-21 17:06:03', '2025-11-21 18:24:43'),
(4, 1, 1, 'address_line1', 'Street Address', '123 Main St', NULL, 'Street address of the property', 1, NULL, 12, 1, 1, NULL, NULL, NULL, '2025-11-21 17:06:03', '2025-11-21 18:24:43'),
(5, 1, 1, 'address_line2', 'Address Line 2', 'Apt, Suite, Unit (optional)', NULL, 'Apartment, suite, or unit number', 0, NULL, 13, 1, 1, NULL, NULL, NULL, '2025-11-21 17:06:03', '2025-11-21 18:24:43'),
(6, 1, 1, 'city', 'City', 'New York', NULL, 'City where the property is located', 1, NULL, 14, 1, 1, NULL, NULL, NULL, '2025-11-21 17:06:03', '2025-11-21 18:24:43'),
(7, 1, 1, 'state', 'State/Province', 'NY', NULL, 'State or province', 0, NULL, 15, 1, 1, NULL, NULL, NULL, '2025-11-21 17:06:03', '2025-11-21 18:24:43'),
(8, 1, 15, 'country', 'Country', 'Select country', NULL, 'Country where the property is located', 1, NULL, 16, 1, 1, NULL, NULL, NULL, '2025-11-21 17:06:03', '2025-11-21 18:24:43'),
(9, 1, 1, 'postal_code', 'Zip/Postal Code', '10001', NULL, 'Postal or ZIP code', 0, NULL, 17, 1, 1, NULL, NULL, NULL, '2025-11-21 17:06:03', '2025-11-21 18:24:43'),
(10, 1, 8, 'bedrooms', 'Bedrooms', '2', NULL, 'Number of bedrooms', 1, NULL, 22, 1, 1, NULL, NULL, '{\"min\": 0, \"step\": 1}', '2025-11-21 17:06:04', '2025-11-21 18:24:43'),
(11, 1, 8, 'bathrooms', 'Bathrooms', '1', NULL, 'Number of bathrooms', 1, NULL, 23, 1, 1, NULL, NULL, '{\"min\": 0, \"step\": 0.5}', '2025-11-21 17:06:04', '2025-11-21 18:24:43'),
(12, 1, 8, 'beds', 'Beds', '2', NULL, 'Total number of beds', 0, NULL, 24, 1, 1, NULL, NULL, '{\"min\": 0, \"step\": 1}', '2025-11-21 17:06:04', '2025-11-21 18:24:43'),
(13, 1, 8, 'guests_max', 'Maximum Guests', '4', NULL, 'Maximum number of guests allowed', 1, NULL, 25, 1, 1, NULL, NULL, '{\"min\": 1, \"step\": 1}', '2025-11-21 17:06:04', '2025-11-21 18:24:43'),
(14, 1, 8, 'square_feet', 'Square Feet', '1000', NULL, 'Total square footage', 0, NULL, 26, 1, 1, NULL, NULL, '{\"min\": 0, \"step\": 1}', '2025-11-21 17:06:04', '2025-11-21 18:24:43'),
(15, 1, 9, 'price_per_night', 'Price per Night', '100.00', NULL, 'Nightly rate for your property', 1, NULL, 32, 1, 1, NULL, NULL, '{\"min\": 0, \"step\": 0.01, \"currency\": \"USD\"}', '2025-11-21 17:06:04', '2025-11-21 18:24:43'),
(16, 1, 9, 'cleaning_fee', 'Cleaning Fee', '50.00', NULL, 'One-time cleaning fee', 0, NULL, 33, 1, 1, NULL, NULL, '{\"min\": 0, \"step\": 0.01, \"currency\": \"USD\"}', '2025-11-21 17:06:04', '2025-11-21 18:24:43'),
(17, 1, 58, 'currency', 'Currency', 'USD', NULL, 'Currency for pricing', 0, NULL, 34, 1, 1, NULL, NULL, '{\"default\": \"USD\"}', '2025-11-21 17:06:04', '2025-11-21 18:24:43'),
(18, 1, 8, 'min_nights', 'Minimum Nights', '1', NULL, 'Minimum stay requirement', 0, NULL, 42, 1, 1, NULL, NULL, '{\"min\": 1, \"step\": 1, \"default\": 1}', '2025-11-21 17:06:04', '2025-11-21 18:24:43'),
(19, 1, 8, 'max_nights', 'Maximum Nights', '365', NULL, 'Maximum stay allowed', 0, NULL, 43, 1, 1, NULL, NULL, '{\"min\": 1, \"step\": 1, \"default\": 365}', '2025-11-21 17:06:04', '2025-11-21 18:24:43'),
(20, 1, 18, 'check_in_time', 'Check-in Time', '3:00 PM', NULL, 'Standard check-in time', 0, NULL, 44, 1, 1, NULL, NULL, '{\"default\": \"15:00\"}', '2025-11-21 17:06:04', '2025-11-21 18:24:43'),
(21, 1, 18, 'check_out_time', 'Check-out Time', '11:00 AM', NULL, 'Standard check-out time', 0, NULL, 45, 1, 1, NULL, NULL, '{\"default\": \"11:00\"}', '2025-11-21 17:06:04', '2025-11-21 18:24:43'),
(22, 1, 10, 'cancellation_policy', 'Cancellation Policy', 'Select policy', NULL, 'Cancellation terms for guests', 0, NULL, 46, 1, 1, NULL, NULL, '{\"default\": \"moderate\", \"options\": [{\"label\": \"Flexible - Full refund up to 24 hours before\", \"value\": \"flexible\"}, {\"label\": \"Moderate - Full refund up to 5 days before\", \"value\": \"moderate\"}, {\"label\": \"Strict - 50% refund up to 7 days before\", \"value\": \"strict\"}, {\"label\": \"Super Strict - 50% refund up to 30 days before\", \"value\": \"super_strict\"}]}', '2025-11-21 17:06:04', '2025-11-21 18:24:43'),
(23, 1, 14, 'is_instant_book', 'Instant Book', NULL, NULL, 'Allow guests to book instantly without approval', 0, NULL, 47, 1, 1, NULL, NULL, '{\"default\": false}', '2025-11-21 17:06:04', '2025-11-21 18:24:43'),
(24, 1, 2, 'house_rules', 'House Rules', 'No smoking, No pets, etc.', NULL, 'Rules guests must follow', 0, NULL, 52, 1, 1, NULL, NULL, '{\"rows\": 4}', '2025-11-21 17:06:04', '2025-11-21 18:24:43'),
(25, 1, 2, 'additional_info', 'Additional Information', 'Parking, WiFi, etc.', NULL, 'Any other important details', 0, NULL, 53, 1, 1, NULL, NULL, '{\"rows\": 4}', '2025-11-21 17:06:04', '2025-11-21 18:24:43'),
(26, 1, 22, 'primary_image', 'Property Photo', 'Upload main property image', NULL, 'Upload a high-quality photo of your property', 1, NULL, 0, 1, 1, NULL, NULL, '{\"maxSize\": 5242880, \"acceptedTypes\": [\"image/jpeg\", \"image/png\", \"image/webp\"]}', '2025-11-21 18:24:43', '2025-11-21 18:24:43'),
(27, 1, 126, 'media_gallery', 'Property Photos & Videos', NULL, NULL, NULL, 0, NULL, 1, 1, 1, NULL, NULL, '{\"max_items\": 20, \"min_items\": 1, \"media_types\": [\"image\", \"video\"], \"upload_text\": \"Add Photos/Videos\", \"grid_columns\": 3, \"allow_reorder\": true, \"allow_captions\": true, \"show_primary_selector\": true}', '2025-12-08 19:30:58', '2025-12-08 19:30:58');

-- --------------------------------------------------------

--
-- Table structure for table `app_form_element_overrides`
--

CREATE TABLE `app_form_element_overrides` (
  `id` int NOT NULL,
  `app_id` int NOT NULL,
  `form_id` int NOT NULL,
  `form_element_id` int NOT NULL,
  `custom_label` varchar(255) CHARACTER SET utf8mb4 COLLATE utf8mb4_unicode_ci DEFAULT NULL,
  `custom_placeholder` varchar(255) CHARACTER SET utf8mb4 COLLATE utf8mb4_unicode_ci DEFAULT NULL,
  `custom_default_value` text CHARACTER SET utf8mb4 COLLATE utf8mb4_unicode_ci,
  `custom_help_text` text CHARACTER SET utf8mb4 COLLATE utf8mb4_unicode_ci,
  `is_required_override` tinyint(1) DEFAULT NULL,
  `custom_validation_rules` json DEFAULT NULL,
  `custom_config` json DEFAULT NULL,
  `is_hidden` tinyint(1) DEFAULT '0',
  `custom_display_order` int DEFAULT NULL,
  `created_at` timestamp NULL DEFAULT CURRENT_TIMESTAMP,
  `updated_at` timestamp NULL DEFAULT CURRENT_TIMESTAMP ON UPDATE CURRENT_TIMESTAMP
) ENGINE=InnoDB DEFAULT CHARSET=utf8mb4 COLLATE=utf8mb4_unicode_ci;

-- --------------------------------------------------------

--
-- Table structure for table `app_form_submissions`
--

CREATE TABLE `app_form_submissions` (
  `id` int NOT NULL,
  `app_id` int NOT NULL,
  `form_id` int NOT NULL,
  `user_id` int DEFAULT NULL,
  `form_data` json NOT NULL,
  `submission_ip` varchar(45) CHARACTER SET utf8mb4 COLLATE utf8mb4_unicode_ci DEFAULT NULL,
  `user_agent` text CHARACTER SET utf8mb4 COLLATE utf8mb4_unicode_ci,
  `status` enum('pending','processing','completed','failed','rejected') CHARACTER SET utf8mb4 COLLATE utf8mb4_unicode_ci DEFAULT 'pending',
  `error_message` text CHARACTER SET utf8mb4 COLLATE utf8mb4_unicode_ci,
  `submitted_at` timestamp NULL DEFAULT CURRENT_TIMESTAMP,
  `processed_at` timestamp NULL DEFAULT NULL
) ENGINE=InnoDB DEFAULT CHARSET=utf8mb4 COLLATE=utf8mb4_unicode_ci;

--
-- Dumping data for table `app_form_submissions`
--

INSERT INTO `app_form_submissions` (`id`, `app_id`, `form_id`, `user_id`, `form_data`, `submission_ip`, `user_agent`, `status`, `error_message`, `submitted_at`, `processed_at`) VALUES
(1, 28, 2, 24, '{\"name\": \"Jack Tripper\", \"email\": \"user2@knoxweb.com\", \"message\": \"Hi, I wanted to ask about the cancellation policy for my upcoming booking. Can you please clarify?\", \"subject\": \"Question about booking\"}', '192.168.1.100', NULL, 'pending', NULL, '2024-11-28 10:30:00', NULL),
(2, 28, 2, 47, '{\"name\": \"Janet Wood\", \"email\": \"user3@knoxweb.com\", \"message\": \"I am having trouble processing my payment. The card keeps getting declined even though it works elsewhere.\", \"subject\": \"Payment issue\"}', '192.168.1.101', NULL, 'pending', NULL, '2024-11-29 14:15:00', NULL),
(3, 28, 2, 48, '{\"name\": \"Chrissy Snow\", \"email\": \"user4@knoxweb.com\", \"message\": \"Just wanted to say thank you for the amazing stay! The property was exactly as described and the host was very helpful.\", \"subject\": \"Great experience!\"}', '192.168.1.102', NULL, 'completed', NULL, '2024-11-25 09:00:00', NULL),
(4, 28, 2, NULL, '{\"name\": \"Larry Dallas\", \"email\": \"larry@example.com\", \"message\": \"I am interested in listing my properties on your platform. Can we schedule a call to discuss?\", \"subject\": \"Partnership inquiry\"}', '192.168.1.103', NULL, 'processing', NULL, '2024-11-30 11:45:00', NULL),
(5, 28, 2, 49, '{\"name\": \"Terri Alden\", \"email\": \"user5@knoxweb.com\", \"message\": \"I cannot log into my account. I have tried resetting my password but I am not receiving the email.\", \"subject\": \"Account issue\"}', '192.168.1.104', NULL, 'pending', NULL, '2025-11-30 21:27:13', NULL),
(6, 56, 2, 94, '{\"name\": \"Jack Tripper\", \"email\": \"user2@knoxweb.com\", \"message\": \"Hi, I wanted to ask about the cancellation policy for my upcoming booking. Can you please clarify?\", \"subject\": \"Question about booking\"}', '192.168.1.100', NULL, 'pending', NULL, '2024-11-28 10:30:00', NULL),
(7, 56, 2, 95, '{\"name\": \"Janet Wood\", \"email\": \"user3@knoxweb.com\", \"message\": \"I am having trouble processing my payment. The card keeps getting declined even though it works elsewhere.\", \"subject\": \"Payment issue\"}', '192.168.1.101', NULL, 'pending', NULL, '2024-11-29 14:15:00', NULL),
(8, 56, 2, 96, '{\"name\": \"Chrissy Snow\", \"email\": \"user4@knoxweb.com\", \"message\": \"Just wanted to say thank you for the amazing stay! The property was exactly as described and the host was very helpful.\", \"subject\": \"Great experience!\"}', '192.168.1.102', NULL, 'completed', NULL, '2024-11-25 09:00:00', NULL),
(9, 56, 2, NULL, '{\"name\": \"Larry Dallas\", \"email\": \"larry@example.com\", \"message\": \"I am interested in listing my properties on your platform. Can we schedule a call to discuss?\", \"subject\": \"Partnership inquiry\"}', '192.168.1.103', NULL, 'processing', NULL, '2024-11-30 11:45:00', NULL),
(10, 56, 2, 97, '{\"name\": \"Terri Alden\", \"email\": \"user5@knoxweb.com\", \"message\": \"I cannot log into my account. I have tried resetting my password but I am not receiving the email.\", \"subject\": \"Account issue\"}', '192.168.1.104', NULL, 'pending', NULL, '2025-11-30 21:27:13', NULL);

-- --------------------------------------------------------

--
-- Table structure for table `app_menus`
--

CREATE TABLE `app_menus` (
  `id` int NOT NULL,
  `app_id` int NOT NULL,
  `name` varchar(100) NOT NULL,
  `menu_type` enum('tabbar','sidebar_left','sidebar_right') NOT NULL,
  `icon` varchar(50) DEFAULT 'menu',
  `description` text,
  `is_active` tinyint(1) DEFAULT '1',
  `created_at` timestamp NULL DEFAULT CURRENT_TIMESTAMP,
  `updated_at` timestamp NULL DEFAULT CURRENT_TIMESTAMP ON UPDATE CURRENT_TIMESTAMP
) ENGINE=InnoDB DEFAULT CHARSET=utf8mb4 COLLATE=utf8mb4_0900_ai_ci;

--
-- Dumping data for table `app_menus`
--

INSERT INTO `app_menus` (`id`, `app_id`, `name`, `menu_type`, `icon`, `description`, `is_active`, `created_at`, `updated_at`) VALUES
(7, 28, 'Renter Tab bar Menu', 'tabbar', 'menu', 'Bottom navigation with main screens', 1, '2025-11-20 19:17:26', '2025-11-26 21:55:38'),
(8, 28, 'Menu', 'sidebar_left', 'menu', 'Renter Sidebar Menu', 1, '2025-11-20 19:57:04', '2025-11-26 21:55:21'),
(14, 28, 'Host Menu', 'sidebar_left', 'menu', 'Host Sidebar Menu', 1, '2025-11-26 21:56:00', '2025-11-30 15:39:37'),
(16, 28, 'Legal', 'sidebar_right', 'menu', NULL, 1, '2025-11-26 22:57:28', '2025-11-26 22:57:28'),
(189, 56, 'Renter Tab bar Menu', 'tabbar', 'menu', 'Bottom navigation with main screens', 1, '2025-12-01 01:51:09', '2025-12-01 01:51:09'),
(190, 56, 'Menu', 'sidebar_left', 'menu', 'Renter Sidebar Menu', 1, '2025-12-01 01:51:09', '2025-12-01 01:51:09'),
(191, 56, 'Host Menu', 'sidebar_left', 'menu', 'Host Sidebar Menu', 1, '2025-12-01 01:51:09', '2025-12-01 01:51:09'),
(197, 57, 'Renter Tab bar Menu', 'tabbar', 'menu', 'Bottom navigation with main screens', 1, '2025-12-03 20:19:29', '2025-12-03 20:19:29'),
(198, 57, 'Menu', 'sidebar_left', 'menu', 'Renter Sidebar Menu', 1, '2025-12-03 20:19:29', '2025-12-03 20:19:29'),
(199, 57, 'Host Menu', 'sidebar_left', 'menu', 'Host Sidebar Menu', 1, '2025-12-03 20:19:29', '2025-12-03 20:19:29'),
(200, 57, 'Legal', 'sidebar_right', 'menu', NULL, 1, '2025-12-03 20:19:29', '2025-12-03 20:19:29'),
(201, 58, 'Rider Tab Bar', 'tabbar', 'Navigation', 'Bottom navigation for riders', 1, '2025-12-03 22:54:45', '2025-12-03 22:54:45'),
(202, 58, 'Driver Tab Bar', 'tabbar', 'Navigation', 'Bottom navigation for drivers', 1, '2025-12-03 22:54:45', '2025-12-03 22:54:45'),
(203, 58, 'Rider Sidebar', 'sidebar_left', 'Menu', 'Side menu for riders', 1, '2025-12-03 22:54:45', '2025-12-03 22:54:45'),
(204, 58, 'Driver Sidebar', 'sidebar_left', 'Menu', 'Side menu for drivers', 1, '2025-12-03 22:54:45', '2025-12-03 22:54:45'),
(208, 58, 'Driver Sidebar (Online)', 'sidebar_left', 'menu', 'Side menu for drivers', 1, '2025-12-04 18:14:23', '2025-12-04 18:14:23'),
(209, 58, 'Driver Tab Bar (Online)', 'tabbar', 'menu', 'Bottom navigation for drivers', 1, '2025-12-04 18:17:16', '2025-12-04 18:17:16'),
(213, 56, 'Legal', 'sidebar_right', 'menu', NULL, 1, '2025-12-04 19:13:46', '2025-12-04 19:13:46'),
(214, 60, 'Buyer Tab Bar', 'tabbar', 'menu', 'Bottom navigation for property browsing', 1, '2025-12-09 20:19:05', '2025-12-09 20:19:05'),
(215, 60, 'Buyer Menu', 'sidebar_left', 'menu', 'Buyer sidebar menu', 1, '2025-12-09 20:19:05', '2025-12-09 20:19:05'),
(216, 60, 'Agent Menu', 'sidebar_left', 'menu', 'Agent and seller sidebar menu', 1, '2025-12-09 20:19:05', '2025-12-09 20:19:05'),
(217, 60, 'Legal', 'sidebar_right', 'menu', 'Legal pages sidebar', 1, '2025-12-09 20:19:05', '2025-12-09 20:19:05'),
(218, 56, 'Host Tab bar Menu', 'tabbar', 'menu', 'Bottom navigation with main screens', 1, '2025-12-10 22:26:51', '2025-12-10 22:26:51'),
(231, 65, 'Renter Tab bar Menu', 'tabbar', 'menu', 'Bottom navigation with main screens', 1, '2025-12-11 21:49:11', '2025-12-11 21:49:11'),
(232, 65, 'Menu', 'sidebar_left', 'menu', 'Renter Sidebar Menu', 1, '2025-12-11 21:49:12', '2025-12-11 21:49:12'),
(233, 65, 'Host Menu', 'sidebar_left', 'menu', 'Host Sidebar Menu', 1, '2025-12-11 21:49:12', '2025-12-11 21:49:12'),
(234, 65, 'Legal', 'sidebar_right', 'menu', NULL, 1, '2025-12-11 21:49:12', '2025-12-11 21:49:12');

-- --------------------------------------------------------

--
-- Table structure for table `app_modules`
--

CREATE TABLE `app_modules` (
  `id` int NOT NULL,
  `name` varchar(100) CHARACTER SET utf8mb4 COLLATE utf8mb4_unicode_ci NOT NULL,
  `module_type` enum('header_bar','footer_bar','floating_action_button') CHARACTER SET utf8mb4 COLLATE utf8mb4_unicode_ci NOT NULL,
  `description` text CHARACTER SET utf8mb4 COLLATE utf8mb4_unicode_ci,
  `default_config` json DEFAULT NULL COMMENT 'Default configuration for this module type',
  `is_active` tinyint(1) DEFAULT '1',
  `created_at` timestamp NULL DEFAULT CURRENT_TIMESTAMP,
  `updated_at` timestamp NULL DEFAULT CURRENT_TIMESTAMP ON UPDATE CURRENT_TIMESTAMP
) ENGINE=InnoDB DEFAULT CHARSET=utf8mb4 COLLATE=utf8mb4_unicode_ci;

--
-- Dumping data for table `app_modules`
--

INSERT INTO `app_modules` (`id`, `name`, `module_type`, `description`, `default_config`, `is_active`, `created_at`, `updated_at`) VALUES
(1, 'Header Bar with Sidebar Icons', 'header_bar', 'Top navigation bar that displays menu icons for left and right sidebars [DEPRECATED - Sidebar icons now auto-configured when menus are assigned]', '{\"elevation\": 2, \"showTitle\": true, \"textColor\": \"#000000\", \"showLeftIcon\": true, \"showRightIcon\": false, \"backgroundColor\": \"#FFFFFF\"}', 0, '2025-11-14 19:24:55', '2025-11-18 19:53:04'),
(2, 'Simple Header Bar', 'header_bar', 'Basic header bar with title only', '{\"elevation\": 2, \"showTitle\": true, \"textColor\": \"#FFFFFF\", \"showLeftIcon\": false, \"showRightIcon\": false, \"backgroundColor\": \"#007AFF\"}', 1, '2025-11-14 19:24:55', '2025-11-14 19:24:55'),
(3, 'Header Bar with Back Button', 'header_bar', 'Header bar with back navigation button and title', '{\"elevation\": 2, \"showTitle\": true, \"textColor\": \"#000000\", \"leftIconType\": \"back\", \"showLeftIcon\": true, \"showRightIcon\": false, \"backgroundColor\": \"#FFFFFF\"}', 1, '2025-11-17 14:15:06', '2025-11-17 14:15:06'),
(4, 'Simple Footer Bar', 'footer_bar', 'Basic footer bar for displaying tab navigation', '{\"elevation\": 8, \"borderTopColor\": \"#E5E5E5\", \"borderTopWidth\": 1, \"backgroundColor\": \"#FFFFFF\"}', 1, '2025-11-18 19:53:04', '2025-11-18 19:53:04');

-- --------------------------------------------------------

--
-- Table structure for table `app_report_configs`
--

CREATE TABLE `app_report_configs` (
  `id` int NOT NULL,
  `app_id` int NOT NULL,
  `screen_id` int NOT NULL,
  `report_name` varchar(255) CHARACTER SET utf8mb4 COLLATE utf8mb4_unicode_ci DEFAULT NULL,
  `description` text CHARACTER SET utf8mb4 COLLATE utf8mb4_unicode_ci,
  `display_columns` json DEFAULT NULL,
  `filter_fields` json DEFAULT NULL,
  `action_buttons` json DEFAULT NULL,
  `view_fields` json DEFAULT NULL,
  `edit_fields` json DEFAULT NULL,
  `default_sort_field` varchar(100) CHARACTER SET utf8mb4 COLLATE utf8mb4_unicode_ci DEFAULT NULL,
  `default_sort_order` enum('asc','desc') CHARACTER SET utf8mb4 COLLATE utf8mb4_unicode_ci DEFAULT 'desc',
  `rows_per_page` int DEFAULT '25',
  `allowed_roles` json DEFAULT NULL,
  `edit_roles` json DEFAULT NULL,
  `is_active` tinyint(1) DEFAULT '1',
  `created_by` int DEFAULT NULL,
  `created_at` timestamp NULL DEFAULT CURRENT_TIMESTAMP,
  `updated_at` timestamp NULL DEFAULT CURRENT_TIMESTAMP ON UPDATE CURRENT_TIMESTAMP,
  `show_date_column` tinyint(1) DEFAULT '1',
  `show_user_column` tinyint(1) DEFAULT '1',
  `column_order` json DEFAULT NULL
) ENGINE=InnoDB DEFAULT CHARSET=utf8mb4 COLLATE=utf8mb4_unicode_ci;

--
-- Dumping data for table `app_report_configs`
--

INSERT INTO `app_report_configs` (`id`, `app_id`, `screen_id`, `report_name`, `description`, `display_columns`, `filter_fields`, `action_buttons`, `view_fields`, `edit_fields`, `default_sort_field`, `default_sort_order`, `rows_per_page`, `allowed_roles`, `edit_roles`, `is_active`, `created_by`, `created_at`, `updated_at`, `show_date_column`, `show_user_column`, `column_order`) VALUES
(1, 56, 139, 'Customer Service', '', '[\"full_name\", \"email\"]', '[\"full_name\", \"email\"]', '[\"view\", \"edit\", \"delete\", \"export\"]', '[\"full_name\", \"phone\", \"email\", \"message\"]', '[\"full_name\", \"phone\", \"email\", \"message\"]', '', 'desc', 25, '[2, 3]', '[]', 1, 1, '2025-12-02 20:22:52', '2025-12-04 19:19:52', 1, 1, '[\"_user\", \"_date\", \"contact_heading\", \"contact_description\", \"full_name\", \"email\", \"phone\", \"message\", \"submit_button\"]'),
(2, 56, 140, 'Poll', '', '[\"full_name\", \"email\"]', '[\"full_name\", \"email\", \"closest_planet\"]', '[\"view\", \"edit\", \"delete\", \"export\"]', '[\"contact_heading\", \"full_name\", \"email\", \"contact_description\", \"closest_planet\"]', '[\"contact_heading\", \"full_name\", \"email\"]', '', 'desc', 25, '[2, 3]', '[2]', 1, 1, '2025-12-03 16:27:43', '2025-12-03 18:01:10', 1, 1, '[\"_user\", \"_date\", \"contact_heading\", \"contact_description\", \"full_name\", \"email\", \"phone\", \"submit_button\"]');

-- --------------------------------------------------------

--
-- Table structure for table `app_roles`
--

CREATE TABLE `app_roles` (
  `id` int NOT NULL,
  `app_id` int NOT NULL,
  `name` varchar(100) NOT NULL,
  `display_name` varchar(100) NOT NULL,
  `description` text,
  `is_default` tinyint(1) DEFAULT '0' COMMENT 'If true, assigned to new users automatically',
  `created_at` timestamp NULL DEFAULT CURRENT_TIMESTAMP,
  `updated_at` timestamp NULL DEFAULT CURRENT_TIMESTAMP ON UPDATE CURRENT_TIMESTAMP
) ENGINE=InnoDB DEFAULT CHARSET=utf8mb4 COLLATE=utf8mb4_0900_ai_ci;

--
-- Dumping data for table `app_roles`
--

INSERT INTO `app_roles` (`id`, `app_id`, `name`, `display_name`, `description`, `is_default`, `created_at`, `updated_at`) VALUES
(24, 28, 'guest', 'Guest', 'Browse properties without booking - perfect for window shopping and research', 1, '2025-11-20 16:06:37', '2025-11-20 16:06:37'),
(25, 28, 'renter', 'Renter', 'Book properties, manage reservations, and communicate with hosts', 0, '2025-11-20 16:06:37', '2025-11-20 16:06:37'),
(26, 28, 'host', 'Host', 'List and manage properties, handle bookings, and communicate with guests', 0, '2025-11-20 16:06:37', '2025-11-20 16:06:37'),
(104, 56, 'guest', 'Guest', 'Browse properties without booking - perfect for window shopping and research', 1, '2025-12-01 01:51:09', '2025-12-01 01:51:09'),
(105, 56, 'host', 'Host', 'List and manage properties, handle bookings, and communicate with guests', 0, '2025-12-01 01:51:09', '2025-12-01 01:51:09'),
(106, 56, 'renter', 'Renter', 'Book properties, manage reservations, and communicate with hosts', 0, '2025-12-01 01:51:09', '2025-12-01 01:51:09'),
(107, 57, 'guest', 'Guest', 'Browse properties without booking - perfect for window shopping and research', 1, '2025-12-03 20:19:28', '2025-12-03 20:19:28'),
(108, 57, 'host', 'Host', 'List and manage properties, handle bookings, and communicate with guests', 0, '2025-12-03 20:19:28', '2025-12-03 20:19:28'),
(109, 57, 'renter', 'Renter', 'Book properties, manage reservations, and communicate with hosts', 0, '2025-12-03 20:19:28', '2025-12-03 20:19:28'),
(110, 58, 'driver', 'Driver', 'Driver who provides rides', 0, '2025-12-03 22:54:45', '2025-12-03 22:54:45'),
(111, 58, 'rider', 'Rider', 'Passenger who requests rides', 1, '2025-12-03 22:54:45', '2025-12-03 22:54:45'),
(112, 60, 'agent', 'Agent', 'Real estate agent - manage listings, connect buyers and sellers, handle transactions', 0, '2025-12-09 20:19:05', '2025-12-09 20:19:05'),
(113, 60, 'buyer', 'Buyer', 'Browse properties, save favorites, schedule showings, and submit inquiries', 1, '2025-12-09 20:19:05', '2025-12-09 20:19:05'),
(114, 60, 'seller', 'Seller', 'List properties for sale or rent, manage inquiries, and track interest', 0, '2025-12-09 20:19:05', '2025-12-09 20:19:05'),
(124, 65, 'guest', 'Guest', 'Browse properties without booking - perfect for window shopping and research', 1, '2025-12-11 21:49:11', '2025-12-11 21:49:11'),
(125, 65, 'host', 'Host', 'List and manage properties, handle bookings, and communicate with guests', 0, '2025-12-11 21:49:11', '2025-12-11 21:49:11'),
(126, 65, 'renter', 'Renter', 'Book properties, manage reservations, and communicate with hosts', 0, '2025-12-11 21:49:11', '2025-12-11 21:49:11');

-- --------------------------------------------------------

--
-- Table structure for table `app_screens`
--

CREATE TABLE `app_screens` (
  `id` int NOT NULL,
  `name` varchar(100) CHARACTER SET utf8mb4 COLLATE utf8mb4_unicode_ci NOT NULL,
  `screen_key` varchar(100) CHARACTER SET utf8mb4 COLLATE utf8mb4_unicode_ci NOT NULL COMMENT 'Unique identifier for the screen template',
  `description` text CHARACTER SET utf8mb4 COLLATE utf8mb4_unicode_ci,
  `icon` varchar(50) CHARACTER SET utf8mb4 COLLATE utf8mb4_unicode_ci DEFAULT NULL,
  `category` varchar(50) CHARACTER SET utf8mb4 COLLATE utf8mb4_unicode_ci DEFAULT NULL,
  `is_active` tinyint(1) DEFAULT '1',
  `is_report` tinyint(1) DEFAULT '0',
  `requires_login` tinyint(1) DEFAULT '1',
  `created_by` int NOT NULL,
  `created_at` timestamp NULL DEFAULT CURRENT_TIMESTAMP,
  `updated_at` timestamp NULL DEFAULT CURRENT_TIMESTAMP ON UPDATE CURRENT_TIMESTAMP,
  `use_primitive_renderer` tinyint(1) DEFAULT '0' COMMENT 'Use new primitive-based renderer'
) ENGINE=InnoDB DEFAULT CHARSET=utf8mb4 COLLATE=utf8mb4_unicode_ci;

--
-- Dumping data for table `app_screens`
--

INSERT INTO `app_screens` (`id`, `name`, `screen_key`, `description`, `icon`, `category`, `is_active`, `is_report`, `requires_login`, `created_by`, `created_at`, `updated_at`, `use_primitive_renderer`) VALUES
(17, 'test', 'test', 'Welcome tutorial slides introducing the app', 'book-open-page-variant', 'Onboarding', 1, 0, 1, 1, '2025-11-03 18:46:04', '2025-11-26 00:38:48', 0),
(18, 'Login Screen', 'login', 'Standard login screen with email and password fields', 'login', 'Authentication', 1, 0, 1, 1, '2025-11-04 17:22:20', '2025-11-26 15:24:27', 0),
(46, 'Splash Screen', 'splash_10_1762287416751', 'App splash screen', 'flash', 'Auth', 0, 0, 1, 1, '2025-11-04 20:16:56', '2025-11-26 15:24:27', 0),
(48, 'Sign Up', 'signup_10_1762287416777', 'User registration', 'account-plus', 'Auth', 0, 0, 1, 1, '2025-11-04 20:16:56', '2025-11-26 15:24:27', 0),
(49, 'Email Verification', 'email_verification_10_1762287416794', 'Verify email address', 'email-check', 'Auth', 0, 0, 1, 1, '2025-11-04 20:16:56', '2025-11-26 15:24:27', 0),
(50, 'Forgot Password', 'forgot_password_10_1762287416806', 'Password recovery', 'key-variant', 'Auth', 0, 0, 1, 1, '2025-11-04 20:16:56', '2025-11-26 15:24:27', 0),
(51, 'Reset Password', 'reset_password_10_1762287416818', 'Reset user password', 'lock-reset', 'Auth', 0, 0, 1, 1, '2025-11-04 20:16:56', '2025-11-26 15:24:27', 0),
(52, 'Home', 'home_10_1762287416828', 'Restaurant discovery', 'home', 'Main', 0, 0, 1, 1, '2025-11-04 20:16:56', '2025-11-26 00:38:48', 0),
(53, 'Restaurant Menu', 'restaurant_menu_10_1762287416830', 'Browse restaurant menu', 'silverware-fork-knife', 'Main', 0, 0, 1, 1, '2025-11-04 20:16:56', '2025-11-26 15:24:27', 0),
(54, 'Cart', 'cart_10_1762287416834', 'Food cart', 'cart', 'Main', 0, 0, 1, 1, '2025-11-04 20:16:56', '2025-11-26 15:24:27', 0),
(55, 'Checkout', 'checkout_10_1762287416838', 'Order checkout', 'credit-card-check', 'Main', 0, 0, 1, 1, '2025-11-04 20:16:56', '2025-11-26 15:24:27', 0),
(56, 'Track Order', 'track_order_10_1762287416858', 'Live order tracking', 'map-marker-path', 'Main', 0, 0, 1, 1, '2025-11-04 20:16:56', '2025-11-26 15:24:27', 0),
(57, 'Order History', 'order_history_10_1762287416861', 'Past orders', 'history', 'Account', 0, 0, 1, 1, '2025-11-04 20:16:56', '2025-11-26 15:24:27', 0),
(58, 'User Profile', 'user_profile_10_1762287416864', 'View user profile', 'account', 'Account', 0, 0, 1, 1, '2025-11-04 20:16:56', '2025-11-26 00:38:48', 0),
(59, 'Edit Profile', 'edit_profile_10_1762287416880', 'Edit user profile', 'account-edit', 'Account', 0, 0, 1, 1, '2025-11-04 20:16:56', '2025-11-26 15:24:27', 0),
(60, 'Notifications List', 'notifications_10_1762287416898', 'View notifications', 'bell', 'Account', 0, 0, 1, 1, '2025-11-04 20:16:56', '2025-11-26 00:38:48', 0),
(61, 'Settings', 'settings_10_1762287416912', 'App settings', 'cog', 'Account', 0, 0, 1, 1, '2025-11-04 20:16:56', '2025-11-26 00:38:48', 0),
(62, 'Privacy Policy', 'privacy_policy_10_1762287416933', 'Privacy policy', 'shield-check', 'Legal', 0, 0, 1, 1, '2025-11-04 20:16:56', '2025-11-26 15:24:27', 0),
(63, 'Terms and Conditions', 'terms_of_service_10_1762287416948', 'Terms and conditions', 'file-document', 'Legal', 0, 0, 1, 1, '2025-11-04 20:16:56', '2025-11-26 15:24:27', 0),
(64, 'Contact Form', 'contact_10_1762287416961', 'Contact support', 'email', 'Support', 0, 0, 1, 1, '2025-11-04 20:16:56', '2025-11-26 15:24:27', 0),
(65, 'About Us', 'about_10_1762287416974', 'About the app', 'information', 'Support', 0, 0, 1, 1, '2025-11-04 20:16:56', '2025-11-26 00:38:48', 0),
(66, 'Products', 'products_13_1762289506066', 'Browse all products', 'package-variant', 'Main', 0, 0, 1, 1, '2025-11-04 20:51:46', '2025-11-26 15:24:27', 0),
(67, 'Product Details', 'product_details_13_1762289506072', 'Detailed product information', 'package', 'Main', 0, 0, 1, 1, '2025-11-04 20:51:46', '2025-11-26 15:24:27', 0),
(68, 'Orders', 'orders_13_1762289506108', 'Order history', 'clipboard-list', 'Account', 0, 0, 1, 1, '2025-11-04 20:51:46', '2025-11-26 15:24:27', 0),
(69, 'Account Dashboard', 'account_dashboard_16_1762455434260', 'Main dashboard showing account balance, recent transactions, and quick actions', 'view-dashboard', 'Finance', 0, 0, 1, 1, '2025-11-06 18:57:14', '2025-11-26 15:24:27', 0),
(70, 'Transaction History', 'transaction_history_16_1762455434288', 'Complete list of all account transactions with search and filter options', 'receipt', 'Finance', 0, 0, 1, 1, '2025-11-06 18:57:14', '2025-11-26 15:24:27', 0),
(71, 'Transfer Money', 'transfer_money_16_1762455434308', 'Send money to another account or contact', 'bank-transfer', 'Finance', 0, 0, 1, 1, '2025-11-06 18:57:14', '2025-11-26 15:24:27', 0),
(72, 'Bill Payment', 'bill_payment_16_1762455434327', 'Pay utility bills, credit cards, and other recurring payments', 'file-document-edit', 'Finance', 0, 0, 1, 1, '2025-11-06 18:57:14', '2025-11-26 15:24:27', 0),
(73, 'Cards Management', 'cards_management_16_1762455434346', 'Manage debit and credit cards, view limits, and control card settings', 'credit-card-multiple', 'Finance', 0, 0, 1, 1, '2025-11-06 18:57:14', '2025-11-26 15:24:27', 0),
(74, 'Account Statements', 'account_statements_16_1762455434363', 'View and download monthly account statements', 'file-chart', 'Finance', 0, 0, 1, 1, '2025-11-06 18:57:14', '2025-11-26 15:24:27', 0),
(75, 'Property Listings', 'property_listings_17_1762456066301', 'Browse available properties with filters and search', 'home-city', 'Property', 0, 0, 1, 1, '2025-11-06 19:07:46', '2025-11-26 15:24:27', 0),
(76, 'Property Details', 'property_details_17_1762456066326', 'Detailed view of a specific property with photos, amenities, and booking options', 'home-variant', 'Property', 0, 0, 1, 1, '2025-11-06 19:07:46', '2025-11-26 15:24:27', 0),
(78, 'Host Profile', 'host_profile_17_1762456066377', 'View host information, ratings, and other properties', 'account-tie', 'Profile', 0, 0, 1, 1, '2025-11-06 19:07:46', '2025-11-26 15:24:27', 0),
(79, 'Reviews & Ratings', 'reviews_ratings_17_1762456066400', 'View and submit property reviews and ratings', 'star', 'Reviews', 0, 0, 1, 1, '2025-11-06 19:07:46', '2025-11-26 15:24:27', 0),
(80, 'Advanced Search', 'advanced_search_17_1762456066420', 'Advanced search with detailed filters for finding the perfect property', 'magnify', 'Search', 0, 0, 1, 1, '2025-11-06 19:07:46', '2025-11-26 00:38:48', 0),
(81, 'Request Ride', 'request_ride_19_1762457717201', 'Main screen to request a ride with pickup and destination selection', 'car', 'Booking', 0, 0, 1, 1, '2025-11-06 19:35:17', '2025-11-26 15:24:27', 0),
(82, 'Ride Tracking', 'ride_tracking_19_1762457717230', 'Track your current ride in real-time with driver location and ETA', 'navigation-variant', 'Booking', 0, 0, 1, 1, '2025-11-06 19:35:17', '2025-11-26 15:24:27', 0),
(83, 'Ride History', 'ride_history_19_1762457717259', 'View all past rides with details and receipts', 'car-clock', 'Account', 0, 0, 1, 1, '2025-11-06 19:35:17', '2025-11-26 15:24:27', 0),
(84, 'Payment Methods', 'payment_methods_19_1762457717279', 'Manage credit cards, debit cards, and digital wallets', 'credit-card', 'Account', 0, 0, 1, 1, '2025-11-06 19:35:17', '2025-11-26 15:24:27', 0),
(85, 'Driver Profile', 'driver_profile_19_1762457717305', 'View detailed driver information, ratings, and reviews', 'account-tie', 'Booking', 0, 0, 1, 1, '2025-11-06 19:35:17', '2025-11-26 15:24:27', 0),
(86, 'Feed', 'feed_21_1762543516173', 'Social media feed', 'home', 'Main', 0, 0, 1, 1, '2025-11-07 19:25:16', '2025-11-26 00:38:48', 0),
(87, 'Search', 'search_21_1762543516178', 'Search users and posts', 'magnify', 'Main', 0, 0, 1, 1, '2025-11-07 19:25:16', '2025-11-26 00:38:48', 0),
(88, 'Messages', 'messages_21_1762543516193', 'Direct messages', 'message-text', 'Main', 0, 0, 1, 1, '2025-11-07 19:25:16', '2025-11-26 15:24:27', 0),
(89, 'Terms of Service', 'terms_of_service_21_1762543516201', 'Terms and Service', 'file-document', 'Legal', 0, 0, 1, 1, '2025-11-07 19:25:16', '2025-11-26 15:24:27', 0),
(93, 'Login', 'login_27_1762974630339', 'Login screen', 'login', 'Authentication', 0, 0, 1, 1, '2025-11-12 19:10:30', '2025-11-26 15:24:27', 0),
(94, 'Notifications', 'notifications_27_1762974630364', 'Notifications', 'bell', 'Notifications', 0, 0, 1, 1, '2025-11-12 19:10:30', '2025-11-26 00:38:48', 0),
(95, 'Contact Us', 'contact_us_27_1762974630367', 'Contact form', 'email', 'Information', 0, 0, 1, 1, '2025-11-12 19:10:30', '2025-11-26 00:38:48', 0),
(96, 'Property Listings', 'property_listings', 'Browse available properties with filters and search', 'home-city', 'Property', 1, 0, 1, 1, '2025-11-20 18:59:52', '2025-11-26 15:24:27', 0),
(97, 'Property Details', 'property_details', 'Detailed view of a specific property with photos, amenities, and booking options', 'home-variant', 'Property', 1, 0, 1, 1, '2025-11-20 18:59:52', '2025-11-26 15:24:27', 0),
(98, 'Host Profile', 'host_profile', 'View host information, ratings, and other properties', 'account-tie', 'Profile', 1, 0, 1, 1, '2025-11-20 18:59:52', '2025-11-26 15:24:27', 0),
(99, 'Reviews & Ratings', 'reviews_ratings', 'View and submit property reviews and ratings', 'star', 'Reviews', 1, 0, 1, 1, '2025-11-20 18:59:52', '2025-11-26 15:24:27', 0),
(100, 'Advanced Search', 'advanced_search', 'Advanced search with detailed filters for finding the perfect property', 'magnify', 'Search', 1, 0, 1, 1, '2025-11-20 18:59:52', '2025-11-26 00:38:48', 0),
(101, 'Splash Screen', 'splash_screen', 'App logo', 'flash', 'Onboarding', 1, 0, 1, 1, '2025-11-20 18:59:52', '2025-11-26 15:24:27', 0),
(102, 'Sign Up', 'sign_up', 'Create account', 'account-plus', 'Authentication', 1, 0, 1, 1, '2025-11-20 18:59:52', '2025-11-26 15:24:27', 0),
(103, 'Forgot Password', 'forgot_password', 'Reset password', 'key-variant', 'Authentication', 1, 0, 1, 1, '2025-11-20 18:59:52', '2025-11-26 15:24:27', 0),
(104, 'Email Verification', 'email_verification', 'Verify email', 'email-check', 'Authentication', 1, 0, 1, 1, '2025-11-20 18:59:52', '2025-11-26 15:24:27', 0),
(105, 'User Profile', 'user_profile', 'View profile', 'account', 'Profile', 1, 0, 1, 1, '2025-11-20 18:59:52', '2025-11-26 00:38:48', 0),
(106, 'Edit Profile', 'edit_profile', 'Edit profile', 'account-edit', 'Profile', 1, 0, 1, 1, '2025-11-20 18:59:52', '2025-11-26 15:24:27', 0),
(107, 'Notifications', 'notifications', 'Notifications', 'bell', 'Notifications', 1, 0, 1, 1, '2025-11-20 18:59:52', '2025-11-26 00:38:48', 0),
(108, 'Contact Us', 'contact_us', 'Contact form', 'email', 'Information', 1, 0, 1, 1, '2025-11-20 18:59:52', '2025-11-26 00:38:48', 0),
(109, 'About Us', 'about_us', 'About', 'information', 'Information', 1, 0, 1, 1, '2025-11-20 18:59:52', '2025-11-26 00:38:48', 0),
(110, 'Privacy Policy', 'privacy_policy', 'Privacy', 'shield-check', 'Legal', 1, 0, 1, 1, '2025-11-20 18:59:52', '2025-11-26 15:24:27', 0),
(111, 'Terms of Service', 'terms_of_service', 'Terms', 'file-document', 'Legal', 1, 0, 1, 1, '2025-11-20 18:59:52', '2025-11-26 15:24:27', 0),
(112, 'Search Properties', 'search_properties', 'Search and filter available properties', 'home-search', 'Search', 1, 0, 1, 1, '2025-11-20 18:59:52', '2025-11-26 15:24:27', 0),
(113, 'Book Property', 'book_property', 'Create a booking for a property', 'calendar-check', 'Booking', 1, 0, 1, 1, '2025-11-20 18:59:52', '2025-12-04 22:05:23', 0),
(114, 'My Bookings', 'my_bookings', 'View and manage your bookings', 'calendar-text', 'Booking', 1, 0, 1, 1, '2025-11-20 18:59:52', '2025-11-26 15:24:27', 0),
(115, 'Booking Details', 'booking_details', 'View detailed booking information', 'calendar-clock', 'Booking', 1, 0, 1, 1, '2025-11-20 18:59:52', '2025-11-26 15:24:27', 0),
(116, 'Messages', 'messages', 'View your conversations', 'message-text', 'Communication', 1, 0, 1, 1, '2025-11-20 18:59:52', '2025-11-26 15:24:27', 0),
(117, 'Chat', 'chat', 'Send and receive messages', 'chat', 'Communication', 1, 0, 1, 1, '2025-11-20 18:59:52', '2025-11-26 15:24:27', 0),
(127, 'Create Listing', 'create_listing', 'Screen for hosts to create new property listings', 'home-plus', NULL, 1, 0, 1, 1, '2025-11-20 22:39:45', '2025-11-26 15:24:27', 0),
(128, 'Logout', 'logout', 'Logout screen that logs out the user and redirects to login', 'logout', 'authentication', 1, 0, 1, 1, '2025-11-24 20:48:30', '2025-11-26 15:24:27', 0),
(129, 'My Listings', 'my_listings', 'View and manage your property listings', 'home-group', 'Host', 1, 0, 1, 1, '2025-11-26 22:27:42', '2025-11-26 22:27:42', 0),
(130, 'Edit Listing', 'edit_listing', 'Edit an existing property listing', 'home-edit', 'Host', 1, 0, 1, 1, '2025-11-26 22:27:42', '2025-11-26 22:27:42', 0),
(131, 'Host Dashboard', 'host_dashboard', 'Overview of your hosting activity, bookings, and earnings', 'view-dashboard', 'Host', 1, 0, 1, 1, '2025-11-26 22:27:42', '2025-11-26 22:27:42', 0),
(132, 'Host Bookings', 'host_bookings', 'Manage booking requests from renters', 'calendar-check', 'Host', 1, 0, 1, 1, '2025-11-26 22:27:42', '2025-11-26 22:27:42', 0),
(133, 'Earnings', 'earnings', 'View your earnings and payout history', 'cash-multiple', 'Host', 1, 0, 1, 1, '2025-11-26 22:27:42', '2025-11-26 22:27:42', 0),
(134, 'Availability Calendar', 'availability_calendar', 'Set property availability dates', 'calendar-month', 'Host', 1, 0, 1, 1, '2025-11-26 22:27:42', '2025-11-26 22:27:42', 0),
(135, 'Favorites', 'favorites', 'Your saved and favorite properties', 'heart', 'Renter', 1, 0, 1, 1, '2025-11-26 22:27:42', '2025-11-26 22:27:42', 0),
(136, 'Dynamic Pricing', 'dynamic_pricing', 'Manage pricing rules for your listings', 'tag-multiple', 'host', 1, 0, 1, 1, '2025-11-28 14:58:21', '2025-11-28 14:58:21', 0),
(137, 'About (Primitives)', 'about_primitives', 'Test screen using primitive renderer', NULL, 'info', 1, 0, 1, 1, '2025-11-28 16:14:34', '2025-11-28 16:14:34', 1),
(139, 'Customer Service', 'customer_service', 'Contact form', 'email', 'Information', 1, 1, 1, 1, '2025-12-02 19:50:55', '2025-12-02 19:51:50', 0),
(140, 'Poll', 'poll', 'General Poll', 'email', 'Information', 1, 1, 1, 1, '2025-12-03 16:18:12', '2025-12-03 17:09:44', 0),
(141, 'Request Ride', 'request_ride', 'Main screen to request a ride with pickup and destination selection', 'MapPin', 'Booking', 1, 0, 1, 1, '2025-12-03 22:29:28', '2025-12-03 22:29:28', 0),
(142, 'Ride Tracking', 'ride_tracking', 'Track your current ride in real-time with driver location and ETA', 'Navigation', 'Booking', 1, 0, 1, 1, '2025-12-03 22:29:28', '2025-12-03 22:29:28', 0),
(143, 'Ride History', 'ride_history', 'View all past rides with details and receipts', 'History', 'Account', 1, 0, 1, 1, '2025-12-03 22:29:28', '2025-12-03 22:29:28', 0),
(144, 'Ride Details', 'ride_details', 'View details of a specific ride', 'FileText', 'Booking', 1, 0, 1, 1, '2025-12-03 22:29:28', '2025-12-03 22:29:28', 0),
(145, 'Payment Methods', 'payment_methods', 'Manage credit cards, debit cards, and digital wallets', 'CreditCard', 'Account', 1, 0, 1, 1, '2025-12-03 22:29:28', '2025-12-03 22:29:28', 0),
(146, 'Driver Profile View', 'driver_profile_view', 'View detailed driver information, ratings, and reviews', 'User', 'Booking', 1, 0, 1, 1, '2025-12-03 22:29:28', '2025-12-03 22:29:28', 0),
(147, 'Driver Dashboard', 'driver_dashboard', 'Driver home screen with earnings and ride requests', 'LayoutDashboard', 'Driver', 1, 0, 1, 1, '2025-12-03 22:29:28', '2025-12-03 22:29:28', 0),
(148, 'Driver Earnings', 'driver_earnings', 'View earnings summary and payout history', 'DollarSign', 'Driver', 1, 0, 1, 1, '2025-12-03 22:29:28', '2025-12-03 22:29:28', 0),
(149, 'Become a Driver', 'become_driver', 'Register as a driver and submit documents', 'Car', 'Driver', 1, 0, 1, 1, '2025-12-03 22:29:28', '2025-12-03 22:29:28', 0),
(150, 'Driver Rides', 'driver_rides', 'View and manage ride requests as a driver', 'List', 'Driver', 1, 0, 1, 1, '2025-12-03 22:29:28', '2025-12-03 22:29:28', 0),
(151, 'Saved Addresses', 'saved_addresses', 'Manage saved home, work, and favorite addresses', 'MapPin', 'Account', 1, 0, 1, 1, '2025-12-03 22:29:28', '2025-12-03 22:29:28', 0),
(152, 'Rate Ride', 'rate_ride', 'Rate your ride and driver', 'Star', 'Booking', 1, 0, 1, 1, '2025-12-03 22:29:28', '2025-12-03 22:29:28', 0);

-- --------------------------------------------------------

--
-- Table structure for table `app_screen_assignments`
--

CREATE TABLE `app_screen_assignments` (
  `id` int NOT NULL,
  `app_id` int NOT NULL,
  `screen_id` int NOT NULL,
  `is_active` tinyint(1) DEFAULT '1',
  `is_published` tinyint(1) DEFAULT '0',
  `is_preview_mode` tinyint(1) DEFAULT '0',
  `current_version_id` int DEFAULT NULL,
  `published_at` timestamp NULL DEFAULT NULL,
  `publish_notes` text CHARACTER SET utf8mb4 COLLATE utf8mb4_unicode_ci,
  `display_order` int DEFAULT '0',
  `assigned_at` timestamp NULL DEFAULT CURRENT_TIMESTAMP,
  `assigned_by` int NOT NULL,
  `auto_sync_enabled` tinyint(1) DEFAULT '1' COMMENT 'If false, new master elements are automatically hidden for this app screen',
  `show_in_tabbar` tinyint(1) DEFAULT '0' COMMENT 'Show screen in mobile app bottom tabbar',
  `tabbar_order` int DEFAULT NULL COMMENT 'Order in tabbar (NULL = not in tabbar)',
  `tabbar_icon` varchar(50) CHARACTER SET utf8mb4 COLLATE utf8mb4_unicode_ci DEFAULT NULL COMMENT 'Icon name for tabbar',
  `tabbar_label` varchar(50) CHARACTER SET utf8mb4 COLLATE utf8mb4_unicode_ci DEFAULT NULL COMMENT 'Label for tabbar',
  `show_in_sidebar` tinyint(1) DEFAULT '0' COMMENT 'Show screen in mobile app sidebar menu',
  `sidebar_order` int DEFAULT NULL COMMENT 'Order in sidebar menu'
) ENGINE=InnoDB DEFAULT CHARSET=utf8mb4 COLLATE=utf8mb4_unicode_ci;

--
-- Dumping data for table `app_screen_assignments`
--

INSERT INTO `app_screen_assignments` (`id`, `app_id`, `screen_id`, `is_active`, `is_published`, `is_preview_mode`, `current_version_id`, `published_at`, `publish_notes`, `display_order`, `assigned_at`, `assigned_by`, `auto_sync_enabled`, `show_in_tabbar`, `tabbar_order`, `tabbar_icon`, `tabbar_label`, `show_in_sidebar`, `sidebar_order`) VALUES
(227, 28, 46, 0, 1, 0, NULL, '2025-11-20 17:46:26', NULL, 0, '2025-11-12 19:45:43', 1, 1, 0, NULL, NULL, NULL, 0, NULL),
(228, 28, 75, 0, 1, 0, NULL, '2025-11-13 21:20:51', NULL, 1, '2025-11-12 19:45:43', 1, 1, 0, NULL, 'home', NULL, 0, NULL),
(229, 28, 18, 1, 1, 0, NULL, '2025-11-20 17:46:27', NULL, 5, '2025-11-12 19:45:43', 1, 1, 0, NULL, NULL, NULL, 0, NULL),
(230, 28, 76, 0, 1, 0, NULL, '2025-11-20 17:46:29', NULL, 2, '2025-11-12 19:45:43', 1, 1, 0, NULL, NULL, NULL, 0, NULL),
(231, 28, 48, 0, 1, 0, NULL, '2025-11-20 17:46:28', NULL, 2, '2025-11-12 19:45:43', 1, 1, 0, NULL, NULL, NULL, 0, NULL),
(232, 28, 50, 0, 1, 0, NULL, '2025-11-20 17:46:30', NULL, 3, '2025-11-12 19:45:43', 1, 1, 0, NULL, NULL, NULL, 0, NULL),
(234, 28, 78, 0, 1, 0, NULL, '2025-11-14 17:30:49', NULL, 4, '2025-11-12 19:45:43', 1, 1, 0, NULL, 'home', 'Host Profile', 1, NULL),
(235, 28, 49, 0, 1, 0, NULL, '2025-11-20 17:46:30', NULL, 4, '2025-11-12 19:45:43', 1, 1, 0, NULL, NULL, NULL, 0, NULL),
(236, 28, 79, 0, 1, 0, NULL, '2025-11-14 17:30:55', NULL, 5, '2025-11-12 19:45:43', 1, 1, 0, NULL, NULL, NULL, 0, NULL),
(237, 28, 80, 0, 1, 0, NULL, '2025-11-13 21:29:54', NULL, 6, '2025-11-12 19:45:43', 1, 1, 0, NULL, 'search', NULL, 1, NULL),
(238, 28, 58, 0, 1, 0, NULL, '2025-11-14 16:30:56', NULL, 50, '2025-11-12 19:45:43', 1, 1, 0, NULL, 'home', NULL, 1, NULL),
(239, 28, 59, 0, 1, 0, NULL, '2025-11-14 17:30:57', NULL, 51, '2025-11-12 19:45:43', 1, 1, 0, NULL, NULL, NULL, 0, NULL),
(240, 28, 94, 0, 1, 0, NULL, '2025-11-14 17:31:06', NULL, 60, '2025-11-12 19:45:43', 1, 1, 0, NULL, 'home', 'Notifications', 1, NULL),
(241, 28, 95, 0, 1, 0, NULL, '2025-11-14 17:30:59', NULL, 100, '2025-11-12 19:45:43', 1, 1, 0, NULL, 'home', 'Contact Us', 1, NULL),
(242, 28, 65, 0, 1, 0, NULL, '2025-11-14 17:31:01', NULL, 101, '2025-11-12 19:45:43', 1, 1, 0, NULL, 'home', 'About Us', 1, NULL),
(243, 28, 62, 0, 1, 0, NULL, '2025-11-14 17:31:02', NULL, 102, '2025-11-12 19:45:43', 1, 1, 0, NULL, 'home', 'Privacy Policy', 1, NULL),
(244, 28, 89, 0, 1, 0, NULL, '2025-11-14 17:31:04', NULL, 103, '2025-11-12 19:45:43', 1, 1, 0, NULL, 'home', 'Terms of Service', 1, NULL),
(245, 28, 88, 0, 1, 0, NULL, '2025-11-14 17:31:08', NULL, 104, '2025-11-12 19:45:43', 1, 1, 0, NULL, NULL, NULL, 0, NULL),
(247, 28, 96, 1, 1, 0, NULL, '2025-11-26 17:00:45', NULL, 2, '2025-11-20 18:59:52', 1, 1, 0, NULL, 'Building', NULL, 0, NULL),
(248, 28, 97, 1, 1, 0, NULL, NULL, NULL, 11, '2025-11-20 18:59:52', 1, 1, 0, NULL, 'HomeIcon', NULL, 0, NULL),
(249, 28, 98, 1, 1, 0, NULL, NULL, NULL, 12, '2025-11-20 18:59:52', 1, 1, 0, NULL, 'User', NULL, 0, NULL),
(250, 28, 99, 1, 1, 0, NULL, NULL, NULL, 15, '2025-11-20 18:59:52', 1, 1, 0, NULL, 'Star', NULL, 0, NULL),
(251, 28, 100, 1, 1, 0, NULL, NULL, NULL, 16, '2025-11-20 18:59:52', 1, 1, 0, NULL, 'Search', NULL, 0, NULL),
(252, 28, 101, 1, 1, 0, NULL, NULL, NULL, 4, '2025-11-20 18:59:52', 1, 1, 0, NULL, 'Zap', NULL, 0, NULL),
(253, 28, 102, 1, 1, 0, NULL, NULL, NULL, 6, '2025-11-20 18:59:52', 1, 1, 0, NULL, 'UserPlus', NULL, 0, NULL),
(254, 28, 103, 1, 1, 0, NULL, NULL, NULL, 7, '2025-11-20 18:59:52', 1, 1, 0, NULL, 'Key', NULL, 0, NULL),
(255, 28, 104, 1, 1, 0, NULL, NULL, NULL, 8, '2025-11-20 18:59:52', 1, 1, 0, NULL, 'Mail', NULL, 0, NULL),
(256, 28, 105, 1, 1, 0, NULL, NULL, NULL, 13, '2025-11-20 18:59:52', 1, 1, 0, NULL, 'User', NULL, 0, NULL),
(257, 28, 106, 1, 1, 0, NULL, NULL, NULL, 14, '2025-11-20 18:59:52', 1, 1, 0, NULL, 'Edit', NULL, 0, NULL),
(258, 28, 107, 1, 1, 0, NULL, NULL, NULL, 17, '2025-11-20 18:59:52', 1, 1, 0, NULL, 'Bell', NULL, 0, NULL),
(259, 28, 108, 1, 1, 0, NULL, NULL, NULL, 18, '2025-11-20 18:59:52', 1, 1, 0, NULL, 'Mail', NULL, 0, NULL),
(260, 28, 109, 1, 1, 0, NULL, NULL, NULL, 19, '2025-11-20 18:59:52', 1, 1, 0, NULL, 'Info', NULL, 0, NULL),
(261, 28, 110, 1, 1, 0, NULL, NULL, NULL, 9, '2025-11-20 18:59:52', 1, 1, 0, NULL, 'Shield', NULL, 0, NULL),
(262, 28, 111, 1, 1, 0, NULL, NULL, NULL, 10, '2025-11-20 18:59:52', 1, 1, 0, NULL, 'FileText', NULL, 0, NULL),
(263, 28, 112, 1, 1, 0, NULL, '2025-12-01 18:47:55', NULL, 0, '2025-11-20 18:59:52', 1, 1, 1, 1, 'search', 'Search', 0, NULL),
(264, 28, 113, 1, 1, 0, NULL, NULL, NULL, 20, '2025-11-20 18:59:52', 1, 1, 0, NULL, 'event', NULL, 0, NULL),
(265, 28, 114, 1, 1, 0, NULL, NULL, NULL, 21, '2025-11-20 18:59:52', 1, 1, 1, 2, 'list', 'Bookings', 0, NULL),
(266, 28, 115, 1, 1, 0, NULL, NULL, NULL, 22, '2025-11-20 18:59:52', 1, 1, 0, NULL, 'info', NULL, 0, NULL),
(267, 28, 116, 1, 1, 0, NULL, '2025-12-01 18:47:56', NULL, 1, '2025-11-20 18:59:52', 1, 1, 1, 3, 'chat', 'Messages', 0, NULL),
(268, 28, 117, 1, 1, 0, NULL, NULL, NULL, 23, '2025-11-20 18:59:52', 1, 1, 0, NULL, 'message', NULL, 0, NULL),
(278, 28, 127, 1, 1, 0, NULL, '2025-11-21 20:51:26', NULL, 3, '2025-11-20 22:40:13', 1, 1, 0, NULL, NULL, NULL, 0, NULL),
(279, 28, 128, 1, 1, 0, NULL, '2025-11-24 21:18:54', NULL, 24, '2025-11-24 20:58:06', 1, 1, 0, NULL, NULL, NULL, 0, NULL),
(382, 28, 129, 1, 1, 0, NULL, NULL, NULL, 30, '2025-11-26 22:28:09', 1, 1, 0, NULL, NULL, NULL, 0, NULL),
(383, 28, 130, 1, 1, 0, NULL, NULL, NULL, 31, '2025-11-26 22:28:09', 1, 1, 0, NULL, NULL, NULL, 0, NULL),
(384, 28, 131, 1, 1, 0, NULL, NULL, NULL, 32, '2025-11-26 22:28:09', 1, 1, 0, NULL, NULL, NULL, 0, NULL),
(385, 28, 132, 1, 1, 0, NULL, NULL, NULL, 33, '2025-11-26 22:28:09', 1, 1, 0, NULL, NULL, NULL, 0, NULL),
(386, 28, 133, 1, 1, 0, NULL, NULL, NULL, 34, '2025-11-26 22:28:09', 1, 1, 0, NULL, NULL, NULL, 0, NULL),
(387, 28, 134, 1, 1, 0, NULL, NULL, NULL, 35, '2025-11-26 22:28:09', 1, 1, 0, NULL, NULL, NULL, 0, NULL),
(388, 28, 135, 1, 1, 0, NULL, NULL, NULL, 36, '2025-11-26 22:28:09', 1, 1, 0, NULL, NULL, NULL, 0, NULL),
(389, 28, 137, 1, 1, 0, NULL, NULL, NULL, 100, '2025-11-28 16:16:16', 1, 1, 0, NULL, NULL, NULL, 1, 10),
(1378, 56, 112, 1, 1, 0, NULL, '2025-12-01 01:51:09', NULL, 0, '2025-12-01 01:51:09', 1, 1, 0, NULL, NULL, NULL, 0, NULL),
(1379, 56, 116, 1, 1, 0, NULL, '2025-12-01 01:51:09', NULL, 1, '2025-12-01 01:51:09', 1, 1, 0, NULL, NULL, NULL, 0, NULL),
(1380, 56, 96, 1, 1, 0, NULL, '2025-12-01 19:38:58', NULL, 2, '2025-12-01 01:51:09', 1, 1, 0, NULL, NULL, NULL, 0, NULL),
(1381, 56, 127, 1, 1, 0, NULL, '2025-11-21 20:51:26', NULL, 3, '2025-12-01 01:51:09', 1, 1, 0, NULL, NULL, NULL, 0, NULL),
(1382, 56, 101, 1, 1, 0, NULL, '2025-12-01 01:51:09', NULL, 4, '2025-12-01 01:51:09', 1, 1, 0, NULL, NULL, NULL, 0, NULL),
(1383, 56, 18, 1, 1, 0, NULL, '2025-11-20 17:46:27', NULL, 5, '2025-12-01 01:51:09', 1, 1, 0, NULL, NULL, NULL, 0, NULL),
(1384, 56, 102, 1, 1, 0, NULL, '2025-12-01 01:51:09', NULL, 6, '2025-12-01 01:51:09', 1, 1, 0, NULL, NULL, NULL, 0, NULL),
(1385, 56, 103, 1, 1, 0, NULL, '2025-12-01 01:51:09', NULL, 7, '2025-12-01 01:51:09', 1, 1, 0, NULL, NULL, NULL, 0, NULL),
(1386, 56, 104, 1, 1, 0, NULL, '2025-12-01 01:51:09', NULL, 8, '2025-12-01 01:51:09', 1, 1, 0, NULL, NULL, NULL, 0, NULL),
(1387, 56, 110, 1, 1, 0, NULL, '2025-12-01 01:51:09', NULL, 9, '2025-12-01 01:51:09', 1, 1, 0, NULL, NULL, NULL, 0, NULL),
(1388, 56, 111, 1, 1, 0, NULL, '2025-12-01 01:51:09', NULL, 10, '2025-12-01 01:51:09', 1, 1, 0, NULL, NULL, NULL, 0, NULL),
(1389, 56, 97, 1, 1, 0, NULL, '2025-12-01 01:51:09', NULL, 11, '2025-12-01 01:51:09', 1, 1, 0, NULL, NULL, NULL, 0, NULL),
(1390, 56, 98, 1, 1, 0, NULL, '2025-12-01 01:51:09', NULL, 12, '2025-12-01 01:51:09', 1, 1, 0, NULL, NULL, NULL, 0, NULL),
(1391, 56, 105, 1, 1, 0, NULL, '2025-12-01 01:51:09', NULL, 13, '2025-12-01 01:51:09', 1, 1, 0, NULL, NULL, NULL, 0, NULL),
(1392, 56, 106, 1, 1, 0, NULL, '2025-12-01 01:51:09', NULL, 14, '2025-12-01 01:51:09', 1, 1, 0, NULL, NULL, NULL, 0, NULL),
(1393, 56, 99, 1, 1, 0, NULL, '2025-12-01 01:51:09', NULL, 15, '2025-12-01 01:51:09', 1, 1, 0, NULL, NULL, NULL, 0, NULL),
(1394, 56, 100, 1, 1, 0, NULL, '2025-12-01 01:51:09', NULL, 16, '2025-12-01 01:51:09', 1, 1, 0, NULL, NULL, NULL, 0, NULL),
(1395, 56, 107, 1, 1, 0, NULL, '2025-12-01 01:51:09', NULL, 17, '2025-12-01 01:51:09', 1, 1, 0, NULL, NULL, NULL, 0, NULL),
(1396, 56, 108, 1, 1, 0, NULL, '2025-12-01 01:51:09', NULL, 18, '2025-12-01 01:51:09', 1, 1, 0, NULL, NULL, NULL, 0, NULL),
(1397, 56, 109, 1, 1, 0, NULL, '2025-12-01 01:51:09', NULL, 19, '2025-12-01 01:51:09', 1, 1, 0, NULL, NULL, NULL, 0, NULL),
(1398, 56, 113, 1, 1, 0, NULL, '2025-12-01 01:51:09', NULL, 20, '2025-12-01 01:51:09', 1, 1, 0, NULL, NULL, NULL, 0, NULL),
(1399, 56, 114, 1, 1, 0, NULL, '2025-12-01 01:51:09', NULL, 21, '2025-12-01 01:51:09', 1, 1, 0, NULL, NULL, NULL, 0, NULL),
(1400, 56, 115, 1, 1, 0, NULL, '2025-12-01 01:51:09', NULL, 22, '2025-12-01 01:51:09', 1, 1, 0, NULL, NULL, NULL, 0, NULL),
(1401, 56, 117, 1, 1, 0, NULL, '2025-12-01 01:51:09', NULL, 23, '2025-12-01 01:51:09', 1, 1, 0, NULL, NULL, NULL, 0, NULL),
(1402, 56, 128, 1, 1, 0, NULL, '2025-11-24 21:18:54', NULL, 24, '2025-12-01 01:51:09', 1, 1, 0, NULL, NULL, NULL, 0, NULL),
(1403, 56, 129, 1, 1, 0, NULL, '2025-12-01 01:51:09', NULL, 30, '2025-12-01 01:51:09', 1, 1, 0, NULL, NULL, NULL, 0, NULL),
(1404, 56, 130, 1, 1, 0, NULL, '2025-12-01 01:51:09', NULL, 31, '2025-12-01 01:51:09', 1, 1, 0, NULL, NULL, NULL, 0, NULL),
(1405, 56, 131, 1, 1, 0, NULL, '2025-12-01 01:51:09', NULL, 32, '2025-12-01 01:51:09', 1, 1, 0, NULL, NULL, NULL, 0, NULL),
(1406, 56, 132, 1, 1, 0, NULL, '2025-12-01 01:51:09', NULL, 33, '2025-12-01 01:51:09', 1, 1, 0, NULL, NULL, NULL, 0, NULL),
(1407, 56, 133, 1, 1, 0, NULL, '2025-12-01 01:51:09', NULL, 34, '2025-12-01 01:51:09', 1, 1, 0, NULL, NULL, NULL, 0, NULL),
(1408, 56, 134, 1, 1, 0, NULL, '2025-12-01 01:51:09', NULL, 35, '2025-12-01 01:51:09', 1, 1, 0, NULL, NULL, NULL, 0, NULL),
(1409, 56, 135, 1, 1, 0, NULL, '2025-12-01 01:51:09', NULL, 36, '2025-12-01 01:51:09', 1, 1, 0, NULL, NULL, NULL, 0, NULL),
(1414, 56, 139, 1, 1, 0, NULL, '2025-12-02 20:10:29', NULL, 33, '2025-12-02 19:52:08', 1, 1, 0, NULL, NULL, NULL, 0, NULL),
(1415, 56, 140, 1, 1, 0, NULL, '2025-12-03 16:26:15', NULL, 34, '2025-12-03 16:21:57', 1, 1, 0, NULL, NULL, NULL, 0, NULL),
(1416, 57, 112, 1, 1, 0, NULL, '2025-12-03 20:19:28', NULL, 0, '2025-12-03 20:19:28', 1, 1, 0, NULL, NULL, NULL, 0, NULL),
(1417, 57, 116, 1, 1, 0, NULL, '2025-12-03 20:19:28', NULL, 1, '2025-12-03 20:19:28', 1, 1, 0, NULL, NULL, NULL, 0, NULL),
(1418, 57, 96, 1, 1, 0, NULL, '2025-11-26 17:00:45', NULL, 2, '2025-12-03 20:19:28', 1, 1, 0, NULL, NULL, NULL, 0, NULL),
(1419, 57, 127, 1, 1, 0, NULL, '2025-11-21 20:51:26', NULL, 3, '2025-12-03 20:19:28', 1, 1, 0, NULL, NULL, NULL, 0, NULL),
(1420, 57, 101, 1, 1, 0, NULL, '2025-12-03 20:19:28', NULL, 4, '2025-12-03 20:19:28', 1, 1, 0, NULL, NULL, NULL, 0, NULL),
(1421, 57, 18, 1, 1, 0, NULL, '2025-11-20 17:46:27', NULL, 5, '2025-12-03 20:19:28', 1, 1, 0, NULL, NULL, NULL, 0, NULL),
(1422, 57, 102, 1, 1, 0, NULL, '2025-12-03 20:19:28', NULL, 6, '2025-12-03 20:19:28', 1, 1, 0, NULL, NULL, NULL, 0, NULL),
(1423, 57, 103, 1, 1, 0, NULL, '2025-12-03 20:19:28', NULL, 7, '2025-12-03 20:19:28', 1, 1, 0, NULL, NULL, NULL, 0, NULL),
(1424, 57, 104, 1, 1, 0, NULL, '2025-12-03 20:19:28', NULL, 8, '2025-12-03 20:19:28', 1, 1, 0, NULL, NULL, NULL, 0, NULL),
(1425, 57, 110, 1, 1, 0, NULL, '2025-12-03 20:19:28', NULL, 9, '2025-12-03 20:19:28', 1, 1, 0, NULL, NULL, NULL, 0, NULL),
(1426, 57, 111, 1, 1, 0, NULL, '2025-12-03 20:19:28', NULL, 10, '2025-12-03 20:19:28', 1, 1, 0, NULL, NULL, NULL, 0, NULL),
(1427, 57, 97, 1, 1, 0, NULL, '2025-12-03 20:19:28', NULL, 11, '2025-12-03 20:19:28', 1, 1, 0, NULL, NULL, NULL, 0, NULL),
(1428, 57, 98, 1, 1, 0, NULL, '2025-12-03 20:19:28', NULL, 12, '2025-12-03 20:19:28', 1, 1, 0, NULL, NULL, NULL, 0, NULL),
(1429, 57, 105, 1, 1, 0, NULL, '2025-12-03 20:19:28', NULL, 13, '2025-12-03 20:19:28', 1, 1, 0, NULL, NULL, NULL, 0, NULL),
(1430, 57, 106, 1, 1, 0, NULL, '2025-12-03 20:19:28', NULL, 14, '2025-12-03 20:19:28', 1, 1, 0, NULL, NULL, NULL, 0, NULL),
(1431, 57, 99, 1, 1, 0, NULL, '2025-12-03 20:19:28', NULL, 15, '2025-12-03 20:19:28', 1, 1, 0, NULL, NULL, NULL, 0, NULL),
(1432, 57, 100, 1, 1, 0, NULL, '2025-12-03 20:19:28', NULL, 16, '2025-12-03 20:19:28', 1, 1, 0, NULL, NULL, NULL, 0, NULL),
(1433, 57, 107, 1, 1, 0, NULL, '2025-12-03 20:19:28', NULL, 17, '2025-12-03 20:19:28', 1, 1, 0, NULL, NULL, NULL, 0, NULL),
(1434, 57, 108, 1, 1, 0, NULL, '2025-12-03 20:19:28', NULL, 18, '2025-12-03 20:19:28', 1, 1, 0, NULL, NULL, NULL, 0, NULL),
(1435, 57, 109, 1, 1, 0, NULL, '2025-12-03 20:19:29', NULL, 19, '2025-12-03 20:19:28', 1, 1, 0, NULL, NULL, NULL, 0, NULL),
(1436, 57, 113, 1, 1, 0, NULL, '2025-12-03 20:19:29', NULL, 20, '2025-12-03 20:19:28', 1, 1, 0, NULL, NULL, NULL, 0, NULL),
(1437, 57, 114, 1, 1, 0, NULL, '2025-12-03 20:19:29', NULL, 21, '2025-12-03 20:19:28', 1, 1, 0, NULL, NULL, NULL, 0, NULL),
(1438, 57, 115, 1, 1, 0, NULL, '2025-12-03 20:19:29', NULL, 22, '2025-12-03 20:19:28', 1, 1, 0, NULL, NULL, NULL, 0, NULL),
(1439, 57, 117, 1, 1, 0, NULL, '2025-12-03 20:19:29', NULL, 23, '2025-12-03 20:19:28', 1, 1, 0, NULL, NULL, NULL, 0, NULL),
(1440, 57, 128, 1, 1, 0, NULL, '2025-11-24 21:18:54', NULL, 24, '2025-12-03 20:19:28', 1, 1, 0, NULL, NULL, NULL, 0, NULL),
(1441, 57, 129, 1, 1, 0, NULL, '2025-12-03 20:19:29', NULL, 30, '2025-12-03 20:19:28', 1, 1, 0, NULL, NULL, NULL, 0, NULL),
(1442, 57, 130, 1, 1, 0, NULL, '2025-12-03 20:19:29', NULL, 31, '2025-12-03 20:19:28', 1, 1, 0, NULL, NULL, NULL, 0, NULL),
(1443, 57, 131, 1, 1, 0, NULL, '2025-12-03 20:19:29', NULL, 32, '2025-12-03 20:19:28', 1, 1, 0, NULL, NULL, NULL, 0, NULL),
(1444, 57, 132, 1, 1, 0, NULL, '2025-12-03 20:19:29', NULL, 33, '2025-12-03 20:19:28', 1, 1, 0, NULL, NULL, NULL, 0, NULL),
(1445, 57, 133, 1, 1, 0, NULL, '2025-12-03 20:19:29', NULL, 34, '2025-12-03 20:19:28', 1, 1, 0, NULL, NULL, NULL, 0, NULL),
(1446, 57, 134, 1, 1, 0, NULL, '2025-12-03 20:19:29', NULL, 35, '2025-12-03 20:19:28', 1, 1, 0, NULL, NULL, NULL, 0, NULL),
(1447, 57, 135, 1, 1, 0, NULL, '2025-12-03 20:19:29', NULL, 36, '2025-12-03 20:19:28', 1, 1, 0, NULL, NULL, NULL, 0, NULL),
(1448, 57, 137, 1, 1, 0, NULL, '2025-12-03 20:19:29', NULL, 100, '2025-12-03 20:19:28', 1, 1, 0, NULL, NULL, NULL, 0, NULL),
(1449, 58, 101, 1, 1, 0, NULL, '2025-12-03 22:54:45', NULL, 0, '2025-12-03 22:54:45', 1, 1, 0, NULL, NULL, NULL, 0, NULL),
(1450, 58, 141, 1, 1, 0, NULL, '2025-12-03 22:54:45', NULL, 1, '2025-12-03 22:54:45', 1, 1, 1, 1, 'car', 'Request', 0, NULL),
(1451, 58, 18, 1, 1, 0, NULL, '2025-12-03 22:54:45', NULL, 1, '2025-12-03 22:54:45', 1, 1, 0, NULL, NULL, NULL, 0, NULL),
(1452, 58, 142, 1, 1, 0, NULL, '2025-12-03 22:54:45', NULL, 2, '2025-12-03 22:54:45', 1, 1, 0, NULL, NULL, NULL, 0, NULL),
(1453, 58, 102, 1, 1, 0, NULL, '2025-12-03 22:54:45', NULL, 2, '2025-12-03 22:54:45', 1, 1, 0, NULL, NULL, NULL, 0, NULL),
(1454, 58, 143, 1, 1, 0, NULL, '2025-12-03 22:54:45', NULL, 3, '2025-12-03 22:54:45', 1, 1, 1, 2, 'history', 'History', 0, NULL),
(1455, 58, 103, 1, 1, 0, NULL, '2025-12-03 22:54:45', NULL, 3, '2025-12-03 22:54:45', 1, 1, 0, NULL, NULL, NULL, 0, NULL),
(1456, 58, 104, 1, 1, 0, NULL, '2025-12-03 22:54:45', NULL, 4, '2025-12-03 22:54:45', 1, 1, 0, NULL, NULL, NULL, 0, NULL),
(1457, 58, 145, 1, 1, 0, NULL, '2025-12-03 22:54:45', NULL, 4, '2025-12-03 22:54:45', 1, 1, 0, NULL, NULL, NULL, 0, NULL),
(1458, 58, 85, 1, 1, 0, NULL, '2025-12-03 22:54:45', NULL, 5, '2025-12-03 22:54:45', 1, 1, 0, NULL, NULL, NULL, 0, NULL),
(1459, 58, 105, 1, 1, 0, NULL, '2025-12-03 22:54:45', NULL, 6, '2025-12-03 22:54:45', 1, 1, 1, 4, 'account', 'Profile', 0, NULL),
(1460, 58, 144, 1, 1, 0, NULL, '2025-12-03 22:54:45', NULL, 7, '2025-12-03 22:54:45', 1, 1, 0, NULL, NULL, NULL, 0, NULL),
(1461, 58, 151, 1, 1, 0, NULL, '2025-12-03 22:54:45', NULL, 8, '2025-12-03 22:54:45', 1, 1, 0, NULL, NULL, NULL, 0, NULL),
(1462, 58, 152, 1, 1, 0, NULL, '2025-12-03 22:54:45', NULL, 9, '2025-12-03 22:54:45', 1, 1, 0, NULL, NULL, NULL, 0, NULL),
(1463, 58, 147, 1, 1, 0, NULL, '2025-12-03 22:54:45', NULL, 20, '2025-12-03 22:54:45', 1, 1, 1, 5, 'steering', 'Drive', 0, NULL),
(1464, 58, 148, 1, 1, 0, NULL, '2025-12-03 22:54:45', NULL, 21, '2025-12-03 22:54:45', 1, 1, 0, NULL, NULL, NULL, 0, NULL),
(1465, 58, 149, 1, 1, 0, NULL, '2025-12-03 22:54:45', NULL, 22, '2025-12-03 22:54:45', 1, 1, 0, NULL, NULL, NULL, 0, NULL),
(1466, 58, 150, 1, 1, 0, NULL, '2025-12-03 22:54:45', NULL, 23, '2025-12-03 22:54:45', 1, 1, 0, NULL, NULL, NULL, 0, NULL),
(1467, 58, 106, 1, 1, 0, NULL, '2025-12-03 22:54:45', NULL, 51, '2025-12-03 22:54:45', 1, 1, 0, NULL, NULL, NULL, 0, NULL),
(1468, 58, 107, 1, 1, 0, NULL, '2025-12-03 22:54:45', NULL, 60, '2025-12-03 22:54:45', 1, 1, 1, 3, 'bell', 'Alerts', 0, NULL),
(1469, 58, 128, 1, 1, 0, NULL, '2025-12-03 22:54:45', NULL, 99, '2025-12-03 22:54:45', 1, 1, 0, NULL, NULL, NULL, 0, NULL),
(1470, 58, 108, 1, 1, 0, NULL, '2025-12-03 22:54:45', NULL, 100, '2025-12-03 22:54:45', 1, 1, 0, NULL, NULL, NULL, 0, NULL),
(1471, 58, 109, 1, 1, 0, NULL, '2025-12-03 22:54:45', NULL, 101, '2025-12-03 22:54:45', 1, 1, 0, NULL, NULL, NULL, 0, NULL),
(1472, 58, 110, 1, 1, 0, NULL, '2025-12-03 22:54:45', NULL, 102, '2025-12-03 22:54:45', 1, 1, 0, NULL, NULL, NULL, 0, NULL),
(1473, 58, 111, 1, 1, 0, NULL, '2025-12-03 22:54:45', NULL, 103, '2025-12-03 22:54:45', 1, 1, 0, NULL, NULL, NULL, 0, NULL),
(1474, 60, 101, 1, 1, 0, NULL, '2025-12-09 20:19:05', NULL, 0, '2025-12-09 20:19:05', 1, 1, 0, NULL, NULL, NULL, 0, NULL),
(1475, 60, 18, 1, 1, 0, NULL, '2025-12-09 20:19:05', NULL, 2, '2025-12-09 20:19:05', 1, 1, 0, NULL, NULL, NULL, 0, NULL),
(1476, 60, 104, 1, 1, 0, NULL, '2025-12-09 20:19:05', NULL, 4, '2025-12-09 20:19:05', 1, 1, 0, NULL, NULL, NULL, 0, NULL),
(1477, 60, 102, 1, 1, 0, NULL, '2025-12-09 20:19:05', NULL, 4, '2025-12-09 20:19:05', 1, 1, 0, NULL, NULL, NULL, 0, NULL),
(1478, 60, 103, 1, 1, 0, NULL, '2025-12-09 20:19:05', NULL, 5, '2025-12-09 20:19:05', 1, 1, 0, NULL, NULL, NULL, 0, NULL),
(1479, 60, 112, 1, 1, 0, NULL, '2025-12-09 20:19:05', NULL, 7, '2025-12-09 20:19:05', 1, 1, 0, NULL, NULL, NULL, 0, NULL),
(1480, 60, 96, 1, 1, 0, NULL, '2025-12-09 20:19:05', NULL, 8, '2025-12-09 20:19:05', 1, 1, 0, NULL, NULL, NULL, 0, NULL),
(1481, 60, 97, 1, 1, 0, NULL, '2025-12-09 20:19:05', NULL, 9, '2025-12-09 20:19:05', 1, 1, 0, NULL, NULL, NULL, 0, NULL),
(1482, 60, 135, 1, 1, 0, NULL, '2025-12-09 20:19:05', NULL, 10, '2025-12-09 20:19:05', 1, 1, 0, NULL, NULL, NULL, 0, NULL),
(1483, 60, 105, 1, 1, 0, NULL, '2025-12-09 20:19:05', NULL, 12, '2025-12-09 20:19:05', 1, 1, 0, NULL, NULL, NULL, 0, NULL),
(1484, 60, 106, 1, 1, 0, NULL, '2025-12-09 20:19:05', NULL, 13, '2025-12-09 20:19:05', 1, 1, 0, NULL, NULL, NULL, 0, NULL),
(1485, 60, 107, 1, 1, 0, NULL, '2025-12-09 20:19:05', NULL, 14, '2025-12-09 20:19:05', 1, 1, 0, NULL, NULL, NULL, 0, NULL),
(1486, 60, 110, 1, 1, 0, NULL, '2025-12-09 20:19:05', NULL, 16, '2025-12-09 20:19:05', 1, 1, 0, NULL, NULL, NULL, 0, NULL),
(1487, 60, 111, 1, 1, 0, NULL, '2025-12-09 20:19:05', NULL, 17, '2025-12-09 20:19:05', 1, 1, 0, NULL, NULL, NULL, 0, NULL),
(1488, 60, 108, 1, 1, 0, NULL, '2025-12-09 20:19:05', NULL, 100, '2025-12-09 20:19:05', 1, 1, 0, NULL, NULL, NULL, 0, NULL),
(1489, 60, 109, 1, 1, 0, NULL, '2025-12-09 20:19:05', NULL, 101, '2025-12-09 20:19:05', 1, 1, 0, NULL, NULL, NULL, 0, NULL),
(1490, 60, 116, 1, 1, 0, NULL, '2025-12-09 20:19:05', NULL, 102, '2025-12-09 20:19:05', 1, 1, 0, NULL, NULL, NULL, 0, NULL),
(1491, 60, 117, 1, 1, 0, NULL, '2025-12-09 20:19:05', NULL, 103, '2025-12-09 20:19:05', 1, 1, 0, NULL, NULL, NULL, 0, NULL),
(1492, 60, 131, 1, 1, 0, NULL, '2025-12-09 20:19:05', NULL, 104, '2025-12-09 20:19:05', 1, 1, 0, NULL, NULL, NULL, 0, NULL),
(1493, 60, 129, 1, 1, 0, NULL, '2025-12-09 20:19:05', NULL, 105, '2025-12-09 20:19:05', 1, 1, 0, NULL, NULL, NULL, 0, NULL),
(1494, 60, 127, 1, 1, 0, NULL, '2025-12-09 20:19:05', NULL, 106, '2025-12-09 20:19:05', 1, 1, 0, NULL, NULL, NULL, 0, NULL),
(1495, 60, 130, 1, 1, 0, NULL, '2025-12-09 20:19:05', NULL, 107, '2025-12-09 20:19:05', 1, 1, 0, NULL, NULL, NULL, 0, NULL),
(1496, 60, 132, 1, 1, 0, NULL, '2025-12-09 20:19:05', NULL, 108, '2025-12-09 20:19:05', 1, 1, 0, NULL, NULL, NULL, 0, NULL),
(1497, 60, 133, 1, 1, 0, NULL, '2025-12-09 20:19:05', NULL, 109, '2025-12-09 20:19:05', 1, 1, 0, NULL, NULL, NULL, 0, NULL),
(1498, 60, 114, 1, 1, 0, NULL, '2025-12-09 20:19:05', NULL, 110, '2025-12-09 20:19:05', 1, 1, 0, NULL, NULL, NULL, 0, NULL),
(1499, 60, 113, 1, 1, 0, NULL, '2025-12-09 20:19:05', NULL, 111, '2025-12-09 20:19:05', 1, 1, 0, NULL, NULL, NULL, 0, NULL),
(1500, 60, 115, 1, 1, 0, NULL, '2025-12-09 20:19:05', NULL, 112, '2025-12-09 20:19:05', 1, 1, 0, NULL, NULL, NULL, 0, NULL),
(1501, 60, 98, 1, 1, 0, NULL, '2025-12-09 20:19:05', NULL, 113, '2025-12-09 20:19:05', 1, 1, 0, NULL, NULL, NULL, 0, NULL),
(1502, 60, 128, 1, 1, 0, NULL, '2025-12-09 20:19:05', NULL, 114, '2025-12-09 20:19:05', 1, 1, 0, NULL, NULL, NULL, 0, NULL),
(1503, 60, 139, 1, 1, 0, NULL, '2025-12-09 20:19:05', NULL, 115, '2025-12-09 20:19:05', 1, 1, 0, NULL, NULL, NULL, 0, NULL),
(1609, 65, 112, 1, 1, 0, NULL, '2025-12-11 21:49:12', NULL, 0, '2025-12-11 21:49:11', 1, 1, 0, NULL, NULL, NULL, 0, NULL),
(1610, 65, 116, 1, 1, 0, NULL, '2025-12-11 21:49:12', NULL, 1, '2025-12-11 21:49:11', 1, 1, 0, NULL, NULL, NULL, 0, NULL),
(1611, 65, 96, 1, 1, 0, NULL, '2025-11-26 17:00:45', NULL, 2, '2025-12-11 21:49:11', 1, 1, 0, NULL, NULL, NULL, 0, NULL),
(1612, 65, 127, 1, 1, 0, NULL, '2025-11-21 20:51:26', NULL, 3, '2025-12-11 21:49:11', 1, 1, 0, NULL, NULL, NULL, 0, NULL),
(1613, 65, 101, 1, 1, 0, NULL, '2025-12-11 21:49:12', NULL, 4, '2025-12-11 21:49:11', 1, 1, 0, NULL, NULL, NULL, 0, NULL),
(1614, 65, 18, 1, 1, 0, NULL, '2025-11-20 17:46:27', NULL, 5, '2025-12-11 21:49:11', 1, 1, 0, NULL, NULL, NULL, 0, NULL),
(1615, 65, 102, 1, 1, 0, NULL, '2025-12-11 21:49:12', NULL, 6, '2025-12-11 21:49:11', 1, 1, 0, NULL, NULL, NULL, 0, NULL),
(1616, 65, 103, 1, 1, 0, NULL, '2025-12-11 21:49:12', NULL, 7, '2025-12-11 21:49:11', 1, 1, 0, NULL, NULL, NULL, 0, NULL),
(1617, 65, 104, 1, 1, 0, NULL, '2025-12-11 21:49:12', NULL, 8, '2025-12-11 21:49:11', 1, 1, 0, NULL, NULL, NULL, 0, NULL),
(1618, 65, 110, 1, 1, 0, NULL, '2025-12-11 21:49:12', NULL, 9, '2025-12-11 21:49:11', 1, 1, 0, NULL, NULL, NULL, 0, NULL),
(1619, 65, 111, 1, 1, 0, NULL, '2025-12-11 21:49:12', NULL, 10, '2025-12-11 21:49:11', 1, 1, 0, NULL, NULL, NULL, 0, NULL),
(1620, 65, 97, 1, 1, 0, NULL, '2025-12-11 21:49:12', NULL, 11, '2025-12-11 21:49:11', 1, 1, 0, NULL, NULL, NULL, 0, NULL),
(1621, 65, 98, 1, 1, 0, NULL, '2025-12-11 21:49:12', NULL, 12, '2025-12-11 21:49:11', 1, 1, 0, NULL, NULL, NULL, 0, NULL),
(1622, 65, 105, 1, 1, 0, NULL, '2025-12-11 21:49:12', NULL, 13, '2025-12-11 21:49:11', 1, 1, 0, NULL, NULL, NULL, 0, NULL),
(1623, 65, 106, 1, 1, 0, NULL, '2025-12-11 21:49:12', NULL, 14, '2025-12-11 21:49:11', 1, 1, 0, NULL, NULL, NULL, 0, NULL),
(1624, 65, 99, 1, 1, 0, NULL, '2025-12-11 21:49:12', NULL, 15, '2025-12-11 21:49:11', 1, 1, 0, NULL, NULL, NULL, 0, NULL),
(1625, 65, 100, 1, 1, 0, NULL, '2025-12-11 21:49:12', NULL, 16, '2025-12-11 21:49:11', 1, 1, 0, NULL, NULL, NULL, 0, NULL),
(1626, 65, 107, 1, 1, 0, NULL, '2025-12-11 21:49:12', NULL, 17, '2025-12-11 21:49:11', 1, 1, 0, NULL, NULL, NULL, 0, NULL),
(1627, 65, 108, 1, 1, 0, NULL, '2025-12-11 21:49:12', NULL, 18, '2025-12-11 21:49:11', 1, 1, 0, NULL, NULL, NULL, 0, NULL),
(1628, 65, 109, 1, 1, 0, NULL, '2025-12-11 21:49:12', NULL, 19, '2025-12-11 21:49:11', 1, 1, 0, NULL, NULL, NULL, 0, NULL),
(1629, 65, 113, 1, 1, 0, NULL, '2025-12-11 21:49:12', NULL, 20, '2025-12-11 21:49:11', 1, 1, 0, NULL, NULL, NULL, 0, NULL),
(1630, 65, 114, 1, 1, 0, NULL, '2025-12-11 21:49:12', NULL, 21, '2025-12-11 21:49:11', 1, 1, 0, NULL, NULL, NULL, 0, NULL),
(1631, 65, 115, 1, 1, 0, NULL, '2025-12-11 21:49:12', NULL, 22, '2025-12-11 21:49:11', 1, 1, 0, NULL, NULL, NULL, 0, NULL),
(1632, 65, 117, 1, 1, 0, NULL, '2025-12-11 21:49:12', NULL, 23, '2025-12-11 21:49:11', 1, 1, 0, NULL, NULL, NULL, 0, NULL),
(1633, 65, 128, 1, 1, 0, NULL, '2025-11-24 21:18:54', NULL, 24, '2025-12-11 21:49:11', 1, 1, 0, NULL, NULL, NULL, 0, NULL),
(1634, 65, 129, 1, 1, 0, NULL, '2025-12-11 21:49:12', NULL, 30, '2025-12-11 21:49:11', 1, 1, 0, NULL, NULL, NULL, 0, NULL),
(1635, 65, 130, 1, 1, 0, NULL, '2025-12-11 21:49:12', NULL, 31, '2025-12-11 21:49:11', 1, 1, 0, NULL, NULL, NULL, 0, NULL),
(1636, 65, 131, 1, 1, 0, NULL, '2025-12-11 21:49:12', NULL, 32, '2025-12-11 21:49:11', 1, 1, 0, NULL, NULL, NULL, 0, NULL),
(1637, 65, 132, 1, 1, 0, NULL, '2025-12-11 21:49:12', NULL, 33, '2025-12-11 21:49:11', 1, 1, 0, NULL, NULL, NULL, 0, NULL),
(1638, 65, 133, 1, 1, 0, NULL, '2025-12-11 21:49:12', NULL, 34, '2025-12-11 21:49:11', 1, 1, 0, NULL, NULL, NULL, 0, NULL),
(1639, 65, 134, 1, 1, 0, NULL, '2025-12-11 21:49:12', NULL, 35, '2025-12-11 21:49:11', 1, 1, 0, NULL, NULL, NULL, 0, NULL),
(1640, 65, 135, 1, 1, 0, NULL, '2025-12-11 21:49:12', NULL, 36, '2025-12-11 21:49:11', 1, 1, 0, NULL, NULL, NULL, 0, NULL),
(1641, 65, 139, 1, 1, 0, NULL, '2025-12-11 21:49:12', NULL, 50, '2025-12-11 21:49:11', 1, 1, 0, NULL, NULL, NULL, 0, NULL),
(1642, 65, 140, 1, 1, 0, NULL, '2025-12-11 21:49:12', NULL, 51, '2025-12-11 21:49:11', 1, 1, 0, NULL, NULL, NULL, 0, NULL),
(1643, 65, 137, 1, 1, 0, NULL, '2025-12-11 21:49:12', NULL, 100, '2025-12-11 21:49:11', 1, 1, 0, NULL, NULL, NULL, 0, NULL);

-- --------------------------------------------------------

--
-- Table structure for table `app_screen_content`
--

CREATE TABLE `app_screen_content` (
  `id` int NOT NULL,
  `app_id` int NOT NULL,
  `screen_id` int NOT NULL,
  `element_instance_id` int DEFAULT NULL,
  `custom_element_id` int DEFAULT NULL,
  `content_value` longtext CHARACTER SET utf8mb4 COLLATE utf8mb4_unicode_ci COMMENT 'The actual content/value for this element',
  `options` json DEFAULT NULL COMMENT 'Options for dropdown, radio, checkbox, etc',
  `updated_by` int NOT NULL,
  `updated_at` timestamp NULL DEFAULT CURRENT_TIMESTAMP ON UPDATE CURRENT_TIMESTAMP,
  `created_at` timestamp NULL DEFAULT CURRENT_TIMESTAMP
) ENGINE=InnoDB DEFAULT CHARSET=utf8mb4 COLLATE=utf8mb4_unicode_ci;

--
-- Dumping data for table `app_screen_content`
--

INSERT INTO `app_screen_content` (`id`, `app_id`, `screen_id`, `element_instance_id`, `custom_element_id`, `content_value`, `options`, `updated_by`, `updated_at`, `created_at`) VALUES
(36, 28, 65, 618, NULL, '<p>Bluestone Apps is a premier mobile application development company delivering the highest performance with unique execution and design process in every app solution it provides.</p><p><br></p><h2><strong style=\"color: rgb(28, 28, 28);\">Our History</strong></h2><p><span style=\"color: rgb(102, 102, 102);\">Bluestone Apps is the sister company to Knoxweb, which was established in 1996. With the rise of mobile apps in the world of technology, Bluestone Apps became its own entity in 2011. Since that time, our team has been dedicated to providing native and hybrid mobile app solutions to a global clientele. We have obtained expertise in a variety of app categories, including&nbsp;ride share platforms, fitness, audio &amp; video streaming, restaurant ordering, travel, radio stations, user subscriptions, e-commerce, auctions &amp; bidding, food &amp; package delivery, file sharing, health &amp; medical platforms, video chat, social media networks, and more!</span></p><p><br></p><h2><strong style=\"color: rgb(28, 28, 28);\">Our Headquarters</strong></h2><p>Bluestone Apps is located in Knoxville, TN, which is home to the University of Tennessee and neighbor to the Great Smoky Mountains. We also have satellite offices in Minneapolis, MN and San Diego, CA. While some of our clients prefer a local digital agency to create their projects, the vast majority of our valued clientele works with us remotely. Through video conferencing, screen sharing, phone conversations, and emails combined with a trusted project management platform, our team can bring your project to life no matter where you are in the world.</p><p><br></p><h2 class=\"ql-align-center\"><strong style=\"color: rgb(28, 28, 28);\">Our Team</strong></h2><p><br></p><p class=\"ql-align-center\">Comprised of over 38 employees, the Bluestone Apps team includes individuals who work in our sales, design, development, testing, and support departments. Our&nbsp;<a href=\"https://web.facebook.com/login.php?api_key=127760087237610&amp;skip_api_login=1&amp;display=popup&amp;logged_in=0&amp;page_id=140521879985103&amp;switch_user=0&amp;request_id=792cd314-7dbd-4157-8068-836abcf917f5&amp;referrer=https%3A%2F%2Fbluestoneapps.com%2F&amp;social_plugin=customer_chat&amp;next=https%3A%2F%2Fweb.facebook.com%2Fdialog%2Fplugin.optin%3F_path%3Dplugin.optin%26app_id%3D127760087237610%26client_id%3D127760087237610%26display%3Dpopup%26secure%3Dtrue%26social_plugin%3Dcustomer_chat%26return_params%3D%257B%2522ret%2522%253A%2522optin%2522%252C%2522app_id%2522%253Anull%252C%2522attribution%2522%253A%2522wordpress%2522%252C%2522attribution_version%2522%253A%25221.8%2522%252C%2522channel%2522%253A%2522https%253A%255C%252F%255C%252Fstaticxx.facebook.com%255C%252Fx%255C%252Fconnect%255C%252Fxd_arbiter%255C%252F%253Fversion%253D46%2523cb%253Df1bf0566a9464%2526domain%253Dbluestoneapps.com%2526origin%253Dhttps%255Cu00253A%255Cu00252F%255Cu00252Fbluestoneapps.com%255Cu00252Ff38b77c325c6d38%2526relation%253Dparent.parent%2522%252C%2522container_width%2522%253A%25220%2522%252C%2522local_state%2522%253A%2522%257B%255C%2522v%255C%2522%253A0%252C%255C%2522path%255C%2522%253A2%252C%255C%2522chatState%255C%2522%253A1%252C%255C%2522visibility%255C%2522%253A%255C%2522hidden%255C%2522%252C%255C%2522showUpgradePrompt%255C%2522%253A%255C%2522not_shown%255C%2522%257D%2522%252C%2522locale%2522%253A%2522en_US%2522%252C%2522page_id%2522%253A%2522140521879985103%2522%252C%2522request_time%2522%253A%25221615105114771%2522%252C%2522sdk%2522%253A%2522joey%2522%252C%2522_rdc%2522%253A%25221%2522%252C%2522_rdr%2522%253Anull%252C%2522customer_chat_origin_uri%2522%253A%2522https%253A%255C%252F%255C%252Fbluestoneapps.com%255C%252Ff38b77c325c6d38%2522%252C%2522referer_uri%2522%253A%2522https%253A%255C%252F%255C%252Fbluestoneapps.com%255C%252Ff38b77c325c6d38%2522%257D%26login_params%3D%257B%2522logged_in%2522%253Afalse%252C%2522page_id%2522%253A%2522140521879985103%2522%252C%2522switch_user%2522%253Afalse%252C%2522request_id%2522%253A%2522792cd314-7dbd-4157-8068-836abcf917f5%2522%252C%2522referrer%2522%253A%2522https%253A%255C%252F%255C%252Fbluestoneapps.com%255C%252F%2522%257D%26from_login%3D1\" rel=\"noopener noreferrer\" target=\"_blank\" style=\"background-color: transparent; color: rgb(102, 102, 102);\">clients</a>&nbsp;are also integral members of the&nbsp;<a href=\"https://bluestoneapps.com/mobile-apps-continue-to-evolve-our-way-of-living/\" rel=\"noopener noreferrer\" target=\"_blank\" style=\"background-color: transparent; color: rgb(102, 102, 102);\">team</a>&nbsp;-- we ensure that they are involved in every step of the development process.</p><p><br></p><h2 class=\"ql-align-center\">Lets Talk.</h2><p><br></p><p class=\"ql-align-center\">Ready to discuss your app idea? Please complete the form below, and a concept specialist will contact you soon to discuss your project. We are looking forward to working with you!</p>', NULL, 1, '2025-11-18 18:57:04', '2025-11-18 16:01:40'),
(39, 28, 127, 865, NULL, NULL, '{}', 1, '2025-11-21 19:54:09', '2025-11-21 19:48:40'),
(50, 28, 110, 799, NULL, 'Test', '{}', 1, '2025-11-24 18:53:37', '2025-11-24 18:53:37'),
(51, 28, 110, 798, NULL, NULL, '{}', 1, '2025-11-24 18:53:37', '2025-11-24 18:53:37'),
(52, 28, 110, 800, NULL, NULL, '{}', 1, '2025-11-24 18:53:37', '2025-11-24 18:53:37'),
(53, 28, 110, 801, NULL, NULL, '{}', 1, '2025-11-24 18:53:37', '2025-11-24 18:53:37'),
(54, 28, 110, 802, NULL, NULL, '{}', 1, '2025-11-24 18:53:37', '2025-11-24 18:53:37'),
(55, 28, 110, 803, NULL, NULL, '{}', 1, '2025-11-24 18:53:37', '2025-11-24 18:53:37'),
(56, 28, 110, 804, NULL, NULL, '{}', 1, '2025-11-24 18:53:37', '2025-11-24 18:53:37'),
(57, 28, 110, 805, NULL, NULL, '{}', 1, '2025-11-24 18:53:37', '2025-11-24 18:53:37'),
(58, 28, 18, 168, NULL, 'Property Rental', '{}', 1, '2025-11-29 22:21:37', '2025-11-24 21:47:30'),
(59, 28, 18, 169, NULL, NULL, '{}', 1, '2025-11-24 21:47:30', '2025-11-24 21:47:30'),
(60, 28, 18, 170, NULL, NULL, '{}', 1, '2025-11-24 21:47:30', '2025-11-24 21:47:30'),
(61, 28, 18, 171, NULL, NULL, '{}', 1, '2025-11-24 21:47:30', '2025-11-24 21:47:30'),
(62, 28, 18, 172, NULL, NULL, '{}', 1, '2025-11-24 21:47:30', '2025-11-24 21:47:30'),
(63, 28, 18, 173, NULL, NULL, '{}', 1, '2025-11-24 21:47:30', '2025-11-24 21:47:30'),
(64, 28, 137, 880, NULL, 'About test heading', '{}', 1, '2025-11-28 21:06:54', '2025-11-28 17:09:47'),
(65, 28, 137, 881, NULL, 'This is a test description', '{}', 1, '2025-11-28 21:06:54', '2025-11-28 17:09:47'),
(66, 28, 137, 882, NULL, NULL, '{}', 1, '2025-11-28 17:09:47', '2025-11-28 17:09:47'),
(67, 28, 137, 883, NULL, 'Heading text test', '{}', 1, '2025-11-28 21:06:54', '2025-11-28 17:09:47'),
(68, 28, 137, 884, NULL, 'Features test', '{}', 1, '2025-11-28 21:06:54', '2025-11-28 17:09:47'),
(69, 28, 137, 885, NULL, 'This is a test', '{\"screenId\": 112, \"actionType\": \"screen\"}', 1, '2025-11-28 21:06:54', '2025-11-28 17:09:47'),
(209, 28, 112, 624, NULL, NULL, '{}', 1, '2025-11-30 02:36:20', '2025-11-30 02:36:20'),
(210, 28, 112, NULL, 43, 'This is the para test', '{}', 1, '2025-11-30 02:36:20', '2025-11-30 02:36:20'),
(425, 56, 18, 168, NULL, 'Property Rental', '{}', 1, '2025-12-01 01:51:09', '2025-12-01 01:51:09'),
(426, 56, 18, 169, NULL, NULL, '{}', 1, '2025-12-01 01:51:09', '2025-12-01 01:51:09'),
(427, 56, 18, 170, NULL, NULL, '{}', 1, '2025-12-01 01:51:09', '2025-12-01 01:51:09'),
(428, 56, 18, 171, NULL, NULL, '{}', 1, '2025-12-01 01:51:09', '2025-12-01 01:51:09'),
(429, 56, 18, 172, NULL, NULL, '{}', 1, '2025-12-01 01:51:09', '2025-12-01 01:51:09'),
(430, 56, 18, 173, NULL, NULL, '{}', 1, '2025-12-01 01:51:09', '2025-12-01 01:51:09'),
(431, 56, 65, 618, NULL, '<p>Bluestone Apps is a premier mobile application development company delivering the highest performance with unique execution and design process in every app solution it provides.</p><p><br></p><h2><strong style=\"color: rgb(28, 28, 28);\">Our History</strong></h2><p><span style=\"color: rgb(102, 102, 102);\">Bluestone Apps is the sister company to Knoxweb, which was established in 1996. With the rise of mobile apps in the world of technology, Bluestone Apps became its own entity in 2011. Since that time, our team has been dedicated to providing native and hybrid mobile app solutions to a global clientele. We have obtained expertise in a variety of app categories, including&nbsp;ride share platforms, fitness, audio &amp; video streaming, restaurant ordering, travel, radio stations, user subscriptions, e-commerce, auctions &amp; bidding, food &amp; package delivery, file sharing, health &amp; medical platforms, video chat, social media networks, and more!</span></p><p><br></p><h2><strong style=\"color: rgb(28, 28, 28);\">Our Headquarters</strong></h2><p>Bluestone Apps is located in Knoxville, TN, which is home to the University of Tennessee and neighbor to the Great Smoky Mountains. We also have satellite offices in Minneapolis, MN and San Diego, CA. While some of our clients prefer a local digital agency to create their projects, the vast majority of our valued clientele works with us remotely. Through video conferencing, screen sharing, phone conversations, and emails combined with a trusted project management platform, our team can bring your project to life no matter where you are in the world.</p><p><br></p><h2 class=\"ql-align-center\"><strong style=\"color: rgb(28, 28, 28);\">Our Team</strong></h2><p><br></p><p class=\"ql-align-center\">Comprised of over 38 employees, the Bluestone Apps team includes individuals who work in our sales, design, development, testing, and support departments. Our&nbsp;<a href=\"https://web.facebook.com/login.php?api_key=127760087237610&amp;skip_api_login=1&amp;display=popup&amp;logged_in=0&amp;page_id=140521879985103&amp;switch_user=0&amp;request_id=792cd314-7dbd-4157-8068-836abcf917f5&amp;referrer=https%3A%2F%2Fbluestoneapps.com%2F&amp;social_plugin=customer_chat&amp;next=https%3A%2F%2Fweb.facebook.com%2Fdialog%2Fplugin.optin%3F_path%3Dplugin.optin%26app_id%3D127760087237610%26client_id%3D127760087237610%26display%3Dpopup%26secure%3Dtrue%26social_plugin%3Dcustomer_chat%26return_params%3D%257B%2522ret%2522%253A%2522optin%2522%252C%2522app_id%2522%253Anull%252C%2522attribution%2522%253A%2522wordpress%2522%252C%2522attribution_version%2522%253A%25221.8%2522%252C%2522channel%2522%253A%2522https%253A%255C%252F%255C%252Fstaticxx.facebook.com%255C%252Fx%255C%252Fconnect%255C%252Fxd_arbiter%255C%252F%253Fversion%253D46%2523cb%253Df1bf0566a9464%2526domain%253Dbluestoneapps.com%2526origin%253Dhttps%255Cu00253A%255Cu00252F%255Cu00252Fbluestoneapps.com%255Cu00252Ff38b77c325c6d38%2526relation%253Dparent.parent%2522%252C%2522container_width%2522%253A%25220%2522%252C%2522local_state%2522%253A%2522%257B%255C%2522v%255C%2522%253A0%252C%255C%2522path%255C%2522%253A2%252C%255C%2522chatState%255C%2522%253A1%252C%255C%2522visibility%255C%2522%253A%255C%2522hidden%255C%2522%252C%255C%2522showUpgradePrompt%255C%2522%253A%255C%2522not_shown%255C%2522%257D%2522%252C%2522locale%2522%253A%2522en_US%2522%252C%2522page_id%2522%253A%2522140521879985103%2522%252C%2522request_time%2522%253A%25221615105114771%2522%252C%2522sdk%2522%253A%2522joey%2522%252C%2522_rdc%2522%253A%25221%2522%252C%2522_rdr%2522%253Anull%252C%2522customer_chat_origin_uri%2522%253A%2522https%253A%255C%252F%255C%252Fbluestoneapps.com%255C%252Ff38b77c325c6d38%2522%252C%2522referer_uri%2522%253A%2522https%253A%255C%252F%255C%252Fbluestoneapps.com%255C%252Ff38b77c325c6d38%2522%257D%26login_params%3D%257B%2522logged_in%2522%253Afalse%252C%2522page_id%2522%253A%2522140521879985103%2522%252C%2522switch_user%2522%253Afalse%252C%2522request_id%2522%253A%2522792cd314-7dbd-4157-8068-836abcf917f5%2522%252C%2522referrer%2522%253A%2522https%253A%255C%252F%255C%252Fbluestoneapps.com%255C%252F%2522%257D%26from_login%3D1\" rel=\"noopener noreferrer\" target=\"_blank\" style=\"background-color: transparent; color: rgb(102, 102, 102);\">clients</a>&nbsp;are also integral members of the&nbsp;<a href=\"https://bluestoneapps.com/mobile-apps-continue-to-evolve-our-way-of-living/\" rel=\"noopener noreferrer\" target=\"_blank\" style=\"background-color: transparent; color: rgb(102, 102, 102);\">team</a>&nbsp;-- we ensure that they are involved in every step of the development process.</p><p><br></p><h2 class=\"ql-align-center\">Lets Talk.</h2><p><br></p><p class=\"ql-align-center\">Ready to discuss your app idea? Please complete the form below, and a concept specialist will contact you soon to discuss your project. We are looking forward to working with you!</p>', NULL, 1, '2025-12-01 01:51:09', '2025-12-01 01:51:09'),
(432, 56, 110, 798, NULL, NULL, '{}', 1, '2025-12-01 01:51:09', '2025-12-01 01:51:09'),
(433, 56, 110, 799, NULL, 'Test', '{}', 1, '2025-12-01 01:51:09', '2025-12-01 01:51:09'),
(434, 56, 110, 800, NULL, NULL, '{}', 1, '2025-12-01 01:51:09', '2025-12-01 01:51:09'),
(435, 56, 110, 801, NULL, NULL, '{}', 1, '2025-12-01 01:51:09', '2025-12-01 01:51:09'),
(436, 56, 110, 802, NULL, NULL, '{}', 1, '2025-12-01 01:51:09', '2025-12-01 01:51:09'),
(437, 56, 110, 803, NULL, NULL, '{}', 1, '2025-12-01 01:51:09', '2025-12-01 01:51:09'),
(438, 56, 110, 804, NULL, NULL, '{}', 1, '2025-12-01 01:51:09', '2025-12-01 01:51:09'),
(439, 56, 110, 805, NULL, NULL, '{}', 1, '2025-12-01 01:51:09', '2025-12-01 01:51:09'),
(440, 56, 112, 624, NULL, NULL, '{}', 1, '2025-12-01 01:51:09', '2025-12-01 01:51:09'),
(441, 56, 127, 865, NULL, NULL, '{}', 1, '2025-12-01 01:51:09', '2025-12-01 01:51:09'),
(442, 56, 137, 880, NULL, 'About test heading', '{}', 1, '2025-12-01 01:51:09', '2025-12-01 01:51:09'),
(443, 56, 137, 881, NULL, 'This is a test description', '{}', 1, '2025-12-01 01:51:09', '2025-12-01 01:51:09'),
(444, 56, 137, 882, NULL, NULL, '{}', 1, '2025-12-01 01:51:09', '2025-12-01 01:51:09'),
(445, 56, 137, 883, NULL, 'Heading text test', '{}', 1, '2025-12-01 01:51:09', '2025-12-01 01:51:09'),
(446, 56, 137, 884, NULL, 'Features test', '{}', 1, '2025-12-01 01:51:09', '2025-12-01 01:51:09'),
(447, 56, 137, 885, NULL, 'This is a test', '{\"screenId\": 112, \"actionType\": \"screen\"}', 1, '2025-12-01 01:51:09', '2025-12-01 01:51:09'),
(448, 56, 17, 156, NULL, NULL, '{}', 1, '2025-12-01 18:38:11', '2025-12-01 18:38:11'),
(449, 56, 17, 157, NULL, NULL, '{}', 1, '2025-12-01 18:38:11', '2025-12-01 18:38:11'),
(450, 56, 17, 158, NULL, NULL, '{}', 1, '2025-12-01 18:38:11', '2025-12-01 18:38:11'),
(451, 56, 17, 159, NULL, NULL, '{}', 1, '2025-12-01 18:38:11', '2025-12-01 18:38:11'),
(452, 56, 17, 160, NULL, NULL, '{}', 1, '2025-12-01 18:38:11', '2025-12-01 18:38:11'),
(453, 56, 17, 161, NULL, NULL, '{}', 1, '2025-12-01 18:38:11', '2025-12-01 18:38:11'),
(454, 56, 17, 162, NULL, NULL, '{}', 1, '2025-12-01 18:38:11', '2025-12-01 18:38:11'),
(455, 56, 17, 163, NULL, NULL, '{}', 1, '2025-12-01 18:38:11', '2025-12-01 18:38:11'),
(456, 56, 17, 164, NULL, NULL, '{}', 1, '2025-12-01 18:38:11', '2025-12-01 18:38:11'),
(457, 56, 17, 165, NULL, NULL, '{}', 1, '2025-12-01 18:38:11', '2025-12-01 18:38:11'),
(458, 56, 17, 166, NULL, NULL, '{}', 1, '2025-12-01 18:38:11', '2025-12-01 18:38:11'),
(459, 56, 17, 167, NULL, NULL, '{}', 1, '2025-12-01 18:38:11', '2025-12-01 18:38:11'),
(460, 56, 17, 887, NULL, NULL, '{\"screenId\": 116, \"actionType\": \"screen\"}', 1, '2025-12-01 18:38:11', '2025-12-01 18:38:11'),
(461, 56, 140, 895, NULL, 'Poll', '{}', 1, '2025-12-03 17:54:53', '2025-12-03 17:54:53'),
(462, 56, 140, 896, NULL, NULL, '{}', 1, '2025-12-03 17:54:53', '2025-12-03 17:54:53'),
(463, 56, 140, 897, NULL, NULL, '{}', 1, '2025-12-03 17:54:53', '2025-12-03 17:54:53'),
(464, 56, 140, 898, NULL, NULL, '{}', 1, '2025-12-03 17:54:53', '2025-12-03 17:54:53'),
(465, 56, 140, 902, NULL, NULL, '{}', 1, '2025-12-03 17:54:53', '2025-12-03 17:54:53'),
(466, 56, 140, 901, NULL, NULL, '{}', 1, '2025-12-03 17:54:53', '2025-12-03 17:54:53'),
(473, 57, 18, 168, NULL, 'Property Rental', '{}', 1, '2025-12-03 20:19:29', '2025-12-03 20:19:29'),
(474, 57, 18, 169, NULL, NULL, '{}', 1, '2025-12-03 20:19:29', '2025-12-03 20:19:29'),
(475, 57, 18, 170, NULL, NULL, '{}', 1, '2025-12-03 20:19:29', '2025-12-03 20:19:29'),
(476, 57, 18, 171, NULL, NULL, '{}', 1, '2025-12-03 20:19:29', '2025-12-03 20:19:29'),
(477, 57, 18, 172, NULL, NULL, '{}', 1, '2025-12-03 20:19:29', '2025-12-03 20:19:29'),
(478, 57, 18, 173, NULL, NULL, '{}', 1, '2025-12-03 20:19:29', '2025-12-03 20:19:29'),
(479, 57, 65, 618, NULL, '<p>Bluestone Apps is a premier mobile application development company delivering the highest performance with unique execution and design process in every app solution it provides.</p><p><br></p><h2><strong style=\"color: rgb(28, 28, 28);\">Our History</strong></h2><p><span style=\"color: rgb(102, 102, 102);\">Bluestone Apps is the sister company to Knoxweb, which was established in 1996. With the rise of mobile apps in the world of technology, Bluestone Apps became its own entity in 2011. Since that time, our team has been dedicated to providing native and hybrid mobile app solutions to a global clientele. We have obtained expertise in a variety of app categories, including&nbsp;ride share platforms, fitness, audio &amp; video streaming, restaurant ordering, travel, radio stations, user subscriptions, e-commerce, auctions &amp; bidding, food &amp; package delivery, file sharing, health &amp; medical platforms, video chat, social media networks, and more!</span></p><p><br></p><h2><strong style=\"color: rgb(28, 28, 28);\">Our Headquarters</strong></h2><p>Bluestone Apps is located in Knoxville, TN, which is home to the University of Tennessee and neighbor to the Great Smoky Mountains. We also have satellite offices in Minneapolis, MN and San Diego, CA. While some of our clients prefer a local digital agency to create their projects, the vast majority of our valued clientele works with us remotely. Through video conferencing, screen sharing, phone conversations, and emails combined with a trusted project management platform, our team can bring your project to life no matter where you are in the world.</p><p><br></p><h2 class=\"ql-align-center\"><strong style=\"color: rgb(28, 28, 28);\">Our Team</strong></h2><p><br></p><p class=\"ql-align-center\">Comprised of over 38 employees, the Bluestone Apps team includes individuals who work in our sales, design, development, testing, and support departments. Our&nbsp;<a href=\"https://web.facebook.com/login.php?api_key=127760087237610&amp;skip_api_login=1&amp;display=popup&amp;logged_in=0&amp;page_id=140521879985103&amp;switch_user=0&amp;request_id=792cd314-7dbd-4157-8068-836abcf917f5&amp;referrer=https%3A%2F%2Fbluestoneapps.com%2F&amp;social_plugin=customer_chat&amp;next=https%3A%2F%2Fweb.facebook.com%2Fdialog%2Fplugin.optin%3F_path%3Dplugin.optin%26app_id%3D127760087237610%26client_id%3D127760087237610%26display%3Dpopup%26secure%3Dtrue%26social_plugin%3Dcustomer_chat%26return_params%3D%257B%2522ret%2522%253A%2522optin%2522%252C%2522app_id%2522%253Anull%252C%2522attribution%2522%253A%2522wordpress%2522%252C%2522attribution_version%2522%253A%25221.8%2522%252C%2522channel%2522%253A%2522https%253A%255C%252F%255C%252Fstaticxx.facebook.com%255C%252Fx%255C%252Fconnect%255C%252Fxd_arbiter%255C%252F%253Fversion%253D46%2523cb%253Df1bf0566a9464%2526domain%253Dbluestoneapps.com%2526origin%253Dhttps%255Cu00253A%255Cu00252F%255Cu00252Fbluestoneapps.com%255Cu00252Ff38b77c325c6d38%2526relation%253Dparent.parent%2522%252C%2522container_width%2522%253A%25220%2522%252C%2522local_state%2522%253A%2522%257B%255C%2522v%255C%2522%253A0%252C%255C%2522path%255C%2522%253A2%252C%255C%2522chatState%255C%2522%253A1%252C%255C%2522visibility%255C%2522%253A%255C%2522hidden%255C%2522%252C%255C%2522showUpgradePrompt%255C%2522%253A%255C%2522not_shown%255C%2522%257D%2522%252C%2522locale%2522%253A%2522en_US%2522%252C%2522page_id%2522%253A%2522140521879985103%2522%252C%2522request_time%2522%253A%25221615105114771%2522%252C%2522sdk%2522%253A%2522joey%2522%252C%2522_rdc%2522%253A%25221%2522%252C%2522_rdr%2522%253Anull%252C%2522customer_chat_origin_uri%2522%253A%2522https%253A%255C%252F%255C%252Fbluestoneapps.com%255C%252Ff38b77c325c6d38%2522%252C%2522referer_uri%2522%253A%2522https%253A%255C%252F%255C%252Fbluestoneapps.com%255C%252Ff38b77c325c6d38%2522%257D%26login_params%3D%257B%2522logged_in%2522%253Afalse%252C%2522page_id%2522%253A%2522140521879985103%2522%252C%2522switch_user%2522%253Afalse%252C%2522request_id%2522%253A%2522792cd314-7dbd-4157-8068-836abcf917f5%2522%252C%2522referrer%2522%253A%2522https%253A%255C%252F%255C%252Fbluestoneapps.com%255C%252F%2522%257D%26from_login%3D1\" rel=\"noopener noreferrer\" target=\"_blank\" style=\"background-color: transparent; color: rgb(102, 102, 102);\">clients</a>&nbsp;are also integral members of the&nbsp;<a href=\"https://bluestoneapps.com/mobile-apps-continue-to-evolve-our-way-of-living/\" rel=\"noopener noreferrer\" target=\"_blank\" style=\"background-color: transparent; color: rgb(102, 102, 102);\">team</a>&nbsp;-- we ensure that they are involved in every step of the development process.</p><p><br></p><h2 class=\"ql-align-center\">Lets Talk.</h2><p><br></p><p class=\"ql-align-center\">Ready to discuss your app idea? Please complete the form below, and a concept specialist will contact you soon to discuss your project. We are looking forward to working with you!</p>', NULL, 1, '2025-12-03 20:19:29', '2025-12-03 20:19:29'),
(480, 57, 110, 798, NULL, NULL, '{}', 1, '2025-12-03 20:19:29', '2025-12-03 20:19:29'),
(481, 57, 110, 799, NULL, 'Test', '{}', 1, '2025-12-03 20:19:29', '2025-12-03 20:19:29'),
(482, 57, 110, 800, NULL, NULL, '{}', 1, '2025-12-03 20:19:29', '2025-12-03 20:19:29'),
(483, 57, 110, 801, NULL, NULL, '{}', 1, '2025-12-03 20:19:29', '2025-12-03 20:19:29'),
(484, 57, 110, 802, NULL, NULL, '{}', 1, '2025-12-03 20:19:29', '2025-12-03 20:19:29'),
(485, 57, 110, 803, NULL, NULL, '{}', 1, '2025-12-03 20:19:29', '2025-12-03 20:19:29'),
(486, 57, 110, 804, NULL, NULL, '{}', 1, '2025-12-03 20:19:29', '2025-12-03 20:19:29'),
(487, 57, 110, 805, NULL, NULL, '{}', 1, '2025-12-03 20:19:29', '2025-12-03 20:19:29'),
(488, 57, 112, 624, NULL, NULL, '{}', 1, '2025-12-03 20:19:29', '2025-12-03 20:19:29'),
(489, 57, 127, 865, NULL, NULL, '{}', 1, '2025-12-03 20:19:29', '2025-12-03 20:19:29'),
(490, 57, 137, 880, NULL, 'About test heading', '{}', 1, '2025-12-03 20:19:29', '2025-12-03 20:19:29'),
(491, 57, 137, 881, NULL, 'This is a test description', '{}', 1, '2025-12-03 20:19:29', '2025-12-03 20:19:29'),
(492, 57, 137, 882, NULL, NULL, '{}', 1, '2025-12-03 20:19:29', '2025-12-03 20:19:29'),
(493, 57, 137, 883, NULL, 'Heading text test', '{}', 1, '2025-12-03 20:19:29', '2025-12-03 20:19:29'),
(494, 57, 137, 884, NULL, 'Features test', '{}', 1, '2025-12-03 20:19:29', '2025-12-03 20:19:29'),
(495, 57, 137, 885, NULL, 'This is a test', '{\"screenId\": 112, \"actionType\": \"screen\"}', 1, '2025-12-03 20:19:29', '2025-12-03 20:19:29'),
(496, 56, 131, 873, NULL, NULL, '{\"showReviews\": true, \"showBookings\": true, \"showEarnings\": true, \"showListings\": true}', 1, '2025-12-10 21:59:16', '2025-12-10 20:30:52'),
(577, 65, 18, 168, NULL, 'Property Rental', '{}', 1, '2025-12-11 21:49:12', '2025-12-11 21:49:12'),
(578, 65, 18, 169, NULL, NULL, '{}', 1, '2025-12-11 21:49:12', '2025-12-11 21:49:12'),
(579, 65, 18, 170, NULL, NULL, '{}', 1, '2025-12-11 21:49:12', '2025-12-11 21:49:12'),
(580, 65, 18, 171, NULL, NULL, '{}', 1, '2025-12-11 21:49:12', '2025-12-11 21:49:12'),
(581, 65, 18, 172, NULL, NULL, '{}', 1, '2025-12-11 21:49:12', '2025-12-11 21:49:12'),
(582, 65, 18, 173, NULL, NULL, '{}', 1, '2025-12-11 21:49:12', '2025-12-11 21:49:12'),
(583, 65, 65, 618, NULL, '<p>Bluestone Apps is a premier mobile application development company delivering the highest performance with unique execution and design process in every app solution it provides.</p><p><br></p><h2><strong style=\"color: rgb(28, 28, 28);\">Our History</strong></h2><p><span style=\"color: rgb(102, 102, 102);\">Bluestone Apps is the sister company to Knoxweb, which was established in 1996. With the rise of mobile apps in the world of technology, Bluestone Apps became its own entity in 2011. Since that time, our team has been dedicated to providing native and hybrid mobile app solutions to a global clientele. We have obtained expertise in a variety of app categories, including&nbsp;ride share platforms, fitness, audio &amp; video streaming, restaurant ordering, travel, radio stations, user subscriptions, e-commerce, auctions &amp; bidding, food &amp; package delivery, file sharing, health &amp; medical platforms, video chat, social media networks, and more!</span></p><p><br></p><h2><strong style=\"color: rgb(28, 28, 28);\">Our Headquarters</strong></h2><p>Bluestone Apps is located in Knoxville, TN, which is home to the University of Tennessee and neighbor to the Great Smoky Mountains. We also have satellite offices in Minneapolis, MN and San Diego, CA. While some of our clients prefer a local digital agency to create their projects, the vast majority of our valued clientele works with us remotely. Through video conferencing, screen sharing, phone conversations, and emails combined with a trusted project management platform, our team can bring your project to life no matter where you are in the world.</p><p><br></p><h2 class=\"ql-align-center\"><strong style=\"color: rgb(28, 28, 28);\">Our Team</strong></h2><p><br></p><p class=\"ql-align-center\">Comprised of over 38 employees, the Bluestone Apps team includes individuals who work in our sales, design, development, testing, and support departments. Our&nbsp;<a href=\"https://web.facebook.com/login.php?api_key=127760087237610&amp;skip_api_login=1&amp;display=popup&amp;logged_in=0&amp;page_id=140521879985103&amp;switch_user=0&amp;request_id=792cd314-7dbd-4157-8068-836abcf917f5&amp;referrer=https%3A%2F%2Fbluestoneapps.com%2F&amp;social_plugin=customer_chat&amp;next=https%3A%2F%2Fweb.facebook.com%2Fdialog%2Fplugin.optin%3F_path%3Dplugin.optin%26app_id%3D127760087237610%26client_id%3D127760087237610%26display%3Dpopup%26secure%3Dtrue%26social_plugin%3Dcustomer_chat%26return_params%3D%257B%2522ret%2522%253A%2522optin%2522%252C%2522app_id%2522%253Anull%252C%2522attribution%2522%253A%2522wordpress%2522%252C%2522attribution_version%2522%253A%25221.8%2522%252C%2522channel%2522%253A%2522https%253A%255C%252F%255C%252Fstaticxx.facebook.com%255C%252Fx%255C%252Fconnect%255C%252Fxd_arbiter%255C%252F%253Fversion%253D46%2523cb%253Df1bf0566a9464%2526domain%253Dbluestoneapps.com%2526origin%253Dhttps%255Cu00253A%255Cu00252F%255Cu00252Fbluestoneapps.com%255Cu00252Ff38b77c325c6d38%2526relation%253Dparent.parent%2522%252C%2522container_width%2522%253A%25220%2522%252C%2522local_state%2522%253A%2522%257B%255C%2522v%255C%2522%253A0%252C%255C%2522path%255C%2522%253A2%252C%255C%2522chatState%255C%2522%253A1%252C%255C%2522visibility%255C%2522%253A%255C%2522hidden%255C%2522%252C%255C%2522showUpgradePrompt%255C%2522%253A%255C%2522not_shown%255C%2522%257D%2522%252C%2522locale%2522%253A%2522en_US%2522%252C%2522page_id%2522%253A%2522140521879985103%2522%252C%2522request_time%2522%253A%25221615105114771%2522%252C%2522sdk%2522%253A%2522joey%2522%252C%2522_rdc%2522%253A%25221%2522%252C%2522_rdr%2522%253Anull%252C%2522customer_chat_origin_uri%2522%253A%2522https%253A%255C%252F%255C%252Fbluestoneapps.com%255C%252Ff38b77c325c6d38%2522%252C%2522referer_uri%2522%253A%2522https%253A%255C%252F%255C%252Fbluestoneapps.com%255C%252Ff38b77c325c6d38%2522%257D%26login_params%3D%257B%2522logged_in%2522%253Afalse%252C%2522page_id%2522%253A%2522140521879985103%2522%252C%2522switch_user%2522%253Afalse%252C%2522request_id%2522%253A%2522792cd314-7dbd-4157-8068-836abcf917f5%2522%252C%2522referrer%2522%253A%2522https%253A%255C%252F%255C%252Fbluestoneapps.com%255C%252F%2522%257D%26from_login%3D1\" rel=\"noopener noreferrer\" target=\"_blank\" style=\"background-color: transparent; color: rgb(102, 102, 102);\">clients</a>&nbsp;are also integral members of the&nbsp;<a href=\"https://bluestoneapps.com/mobile-apps-continue-to-evolve-our-way-of-living/\" rel=\"noopener noreferrer\" target=\"_blank\" style=\"background-color: transparent; color: rgb(102, 102, 102);\">team</a>&nbsp;-- we ensure that they are involved in every step of the development process.</p><p><br></p><h2 class=\"ql-align-center\">Lets Talk.</h2><p><br></p><p class=\"ql-align-center\">Ready to discuss your app idea? Please complete the form below, and a concept specialist will contact you soon to discuss your project. We are looking forward to working with you!</p>', NULL, 1, '2025-12-11 21:49:12', '2025-12-11 21:49:12'),
(584, 65, 110, 798, NULL, NULL, '{}', 1, '2025-12-11 21:49:12', '2025-12-11 21:49:12'),
(585, 65, 110, 799, NULL, 'Test', '{}', 1, '2025-12-11 21:49:12', '2025-12-11 21:49:12'),
(586, 65, 110, 800, NULL, NULL, '{}', 1, '2025-12-11 21:49:12', '2025-12-11 21:49:12'),
(587, 65, 110, 801, NULL, NULL, '{}', 1, '2025-12-11 21:49:12', '2025-12-11 21:49:12'),
(588, 65, 110, 802, NULL, NULL, '{}', 1, '2025-12-11 21:49:12', '2025-12-11 21:49:12'),
(589, 65, 110, 803, NULL, NULL, '{}', 1, '2025-12-11 21:49:12', '2025-12-11 21:49:12'),
(590, 65, 110, 804, NULL, NULL, '{}', 1, '2025-12-11 21:49:12', '2025-12-11 21:49:12'),
(591, 65, 110, 805, NULL, NULL, '{}', 1, '2025-12-11 21:49:12', '2025-12-11 21:49:12'),
(592, 65, 112, 624, NULL, NULL, '{}', 1, '2025-12-11 21:49:12', '2025-12-11 21:49:12'),
(593, 65, 127, 865, NULL, NULL, '{}', 1, '2025-12-11 21:49:12', '2025-12-11 21:49:12'),
(594, 65, 137, 880, NULL, 'About test heading', '{}', 1, '2025-12-11 21:49:12', '2025-12-11 21:49:12'),
(595, 65, 137, 881, NULL, 'This is a test description', '{}', 1, '2025-12-11 21:49:12', '2025-12-11 21:49:12'),
(596, 65, 137, 882, NULL, NULL, '{}', 1, '2025-12-11 21:49:12', '2025-12-11 21:49:12'),
(597, 65, 137, 883, NULL, 'Heading text test', '{}', 1, '2025-12-11 21:49:12', '2025-12-11 21:49:12'),
(598, 65, 137, 884, NULL, 'Features test', '{}', 1, '2025-12-11 21:49:12', '2025-12-11 21:49:12'),
(599, 65, 137, 885, NULL, 'This is a test', '{\"screenId\": 112, \"actionType\": \"screen\"}', 1, '2025-12-11 21:49:12', '2025-12-11 21:49:12'),
(600, 65, 131, 873, NULL, NULL, '{\"showReviews\": true, \"showBookings\": true, \"showEarnings\": true, \"showListings\": true}', 1, '2025-12-11 21:49:12', '2025-12-11 21:49:12');

-- --------------------------------------------------------

--
-- Table structure for table `app_screen_element_overrides`
--

CREATE TABLE `app_screen_element_overrides` (
  `id` int NOT NULL,
  `app_id` int NOT NULL,
  `screen_id` int NOT NULL,
  `element_instance_id` int NOT NULL,
  `is_hidden` tinyint(1) DEFAULT '0',
  `is_required_override` tinyint(1) DEFAULT NULL,
  `custom_label` varchar(255) CHARACTER SET utf8mb4 COLLATE utf8mb4_unicode_ci DEFAULT NULL,
  `custom_placeholder` varchar(255) CHARACTER SET utf8mb4 COLLATE utf8mb4_unicode_ci DEFAULT NULL,
  `custom_default_value` text CHARACTER SET utf8mb4 COLLATE utf8mb4_unicode_ci,
  `custom_validation_rules` json DEFAULT NULL,
  `custom_display_order` int DEFAULT NULL,
  `custom_config` json DEFAULT NULL,
  `created_at` timestamp NULL DEFAULT CURRENT_TIMESTAMP,
  `updated_at` timestamp NULL DEFAULT CURRENT_TIMESTAMP ON UPDATE CURRENT_TIMESTAMP
) ENGINE=InnoDB DEFAULT CHARSET=utf8mb4 COLLATE=utf8mb4_unicode_ci;

--
-- Dumping data for table `app_screen_element_overrides`
--

INSERT INTO `app_screen_element_overrides` (`id`, `app_id`, `screen_id`, `element_instance_id`, `is_hidden`, `is_required_override`, `custom_label`, `custom_placeholder`, `custom_default_value`, `custom_validation_rules`, `custom_display_order`, `custom_config`, `created_at`, `updated_at`) VALUES
(13, 28, 58, 222, 0, 0, 'Profile information', NULL, NULL, NULL, 1, NULL, '2025-11-13 19:18:50', '2025-11-13 19:18:50'),
(14, 28, 75, 363, 0, 0, 'Page Title', '', 'Find Your Perfect Stay', NULL, 1, NULL, '2025-11-13 21:42:04', '2025-11-13 21:47:27'),
(17, 28, 105, 857, 0, NULL, NULL, NULL, NULL, NULL, 1, NULL, '2025-11-24 20:26:00', '2025-11-24 20:26:00'),
(18, 28, 105, 856, 0, NULL, NULL, NULL, NULL, NULL, 2, NULL, '2025-11-24 20:26:00', '2025-11-24 20:26:00'),
(19, 28, 105, 852, 0, NULL, NULL, NULL, NULL, NULL, 3, NULL, '2025-11-24 20:26:00', '2025-11-24 20:26:00'),
(20, 28, 105, 855, 0, NULL, NULL, NULL, NULL, NULL, 5, NULL, '2025-11-24 20:26:00', '2025-11-24 20:26:11'),
(21, 28, 105, 853, 0, NULL, NULL, NULL, NULL, NULL, 4, NULL, '2025-11-24 20:26:00', '2025-11-24 20:26:11'),
(22, 28, 105, 851, 0, NULL, NULL, NULL, NULL, NULL, 6, NULL, '2025-11-24 20:26:00', '2025-11-24 20:26:00'),
(23, 28, 105, 854, 0, NULL, NULL, NULL, NULL, NULL, 7, NULL, '2025-11-24 20:26:00', '2025-11-24 20:26:00'),
(24, 28, 105, 850, 0, NULL, NULL, NULL, NULL, NULL, 8, NULL, '2025-11-24 20:26:00', '2025-11-24 20:26:00'),
(29, 28, 137, 880, 0, NULL, NULL, NULL, NULL, NULL, 1, NULL, '2025-11-29 18:40:49', '2025-11-29 18:40:49'),
(30, 28, 137, 881, 0, NULL, NULL, NULL, NULL, NULL, 2, NULL, '2025-11-29 18:40:49', '2025-11-29 18:40:49'),
(31, 28, 137, 882, 0, NULL, NULL, NULL, NULL, NULL, 3, NULL, '2025-11-29 18:40:49', '2025-11-29 18:40:49'),
(32, 28, 137, 883, 0, NULL, NULL, NULL, NULL, NULL, 4, NULL, '2025-11-29 18:40:49', '2025-11-29 18:40:49'),
(33, 28, 137, 884, 0, NULL, NULL, NULL, NULL, NULL, 5, NULL, '2025-11-29 18:40:49', '2025-11-29 18:40:49'),
(34, 28, 137, 885, 0, NULL, NULL, NULL, NULL, NULL, 8, NULL, '2025-11-29 18:40:49', '2025-11-29 18:41:29');

-- --------------------------------------------------------

--
-- Table structure for table `app_screen_version_assignments`
--

CREATE TABLE `app_screen_version_assignments` (
  `id` int NOT NULL,
  `app_id` int NOT NULL,
  `screen_id` int NOT NULL,
  `version_id` int DEFAULT NULL COMMENT 'NULL means using latest',
  `is_preview_mode` tinyint(1) DEFAULT '0' COMMENT 'If true, shows preview to admins only',
  `locked` tinyint(1) DEFAULT '0' COMMENT 'If true, prevents updates until unlocked',
  `locked_by` int DEFAULT NULL,
  `locked_at` timestamp NULL DEFAULT NULL,
  `notes` text CHARACTER SET utf8mb4 COLLATE utf8mb4_unicode_ci,
  `updated_at` timestamp NULL DEFAULT CURRENT_TIMESTAMP ON UPDATE CURRENT_TIMESTAMP
) ENGINE=InnoDB DEFAULT CHARSET=utf8mb4 COLLATE=utf8mb4_unicode_ci;

-- --------------------------------------------------------

--
-- Table structure for table `app_settings`
--

CREATE TABLE `app_settings` (
  `id` int NOT NULL,
  `app_id` int NOT NULL,
  `setting_key` varchar(100) CHARACTER SET utf8mb4 COLLATE utf8mb4_unicode_ci NOT NULL,
  `setting_value` text CHARACTER SET utf8mb4 COLLATE utf8mb4_unicode_ci,
  `created_at` timestamp NULL DEFAULT CURRENT_TIMESTAMP,
  `updated_at` timestamp NULL DEFAULT CURRENT_TIMESTAMP ON UPDATE CURRENT_TIMESTAMP
) ENGINE=InnoDB DEFAULT CHARSET=utf8mb4 COLLATE=utf8mb4_unicode_ci;

-- --------------------------------------------------------

--
-- Table structure for table `app_templates`
--

CREATE TABLE `app_templates` (
  `id` int NOT NULL,
  `name` varchar(255) CHARACTER SET utf8mb4 COLLATE utf8mb4_unicode_ci NOT NULL,
  `description` text CHARACTER SET utf8mb4 COLLATE utf8mb4_unicode_ci,
  `category` varchar(100) CHARACTER SET utf8mb4 COLLATE utf8mb4_unicode_ci DEFAULT NULL,
  `icon` varchar(50) CHARACTER SET utf8mb4 COLLATE utf8mb4_unicode_ci DEFAULT 'Layout',
  `preview_image` varchar(500) CHARACTER SET utf8mb4 COLLATE utf8mb4_unicode_ci DEFAULT NULL,
  `is_active` tinyint(1) DEFAULT '1',
  `created_by` int DEFAULT NULL,
  `created_at` timestamp NULL DEFAULT CURRENT_TIMESTAMP,
  `updated_at` timestamp NULL DEFAULT CURRENT_TIMESTAMP ON UPDATE CURRENT_TIMESTAMP
) ENGINE=InnoDB DEFAULT CHARSET=utf8mb4 COLLATE=utf8mb4_unicode_ci;

--
-- Dumping data for table `app_templates`
--

INSERT INTO `app_templates` (`id`, `name`, `description`, `category`, `icon`, `preview_image`, `is_active`, `created_by`, `created_at`, `updated_at`) VALUES
(1, 'E-Commerce App', 'Complete e-commerce solution with product catalog, cart, and checkout', 'E-Commerce', 'ShoppingCart', NULL, 1, 1, '2025-11-04 20:00:21', '2025-11-04 20:00:21'),
(2, 'Social Media App', 'Social networking app with profiles, posts, and messaging', 'Social', 'MessageSquare', NULL, 1, 1, '2025-11-04 20:00:21', '2025-11-04 20:00:21'),
(3, 'Food Delivery App', 'Restaurant discovery and food ordering platform', 'Food & Drink', 'UtensilsCrossed', NULL, 1, 1, '2025-11-04 20:00:21', '2025-11-04 20:00:21'),
(4, 'Fitness Tracker', 'Health and fitness tracking with workouts and nutrition', 'Health & Fitness', 'Activity', NULL, 1, 1, '2025-11-04 20:00:21', '2025-11-04 20:00:21'),
(5, 'Real Estate App', 'Complete real estate marketplace for buying, selling, and renting properties with agent profiles, property listings, inquiry management, and virtual tours', 'Real Estate', 'Building', NULL, 1, 1, '2025-11-04 20:00:21', '2025-12-09 19:41:43'),
(8, 'Finance & Banking App', 'Complete banking and finance management app with account dashboard', 'Finance & Banking', 'DollarSign', NULL, 1, NULL, '2025-11-06 15:47:20', '2025-11-06 19:10:04'),
(9, 'Property Rental App', 'Complete property rental and booking platform, booking system, host profiles, and reviews', 'Real Estate & Rental', 'Home', NULL, 1, NULL, '2025-11-06 15:49:34', '2025-11-06 19:10:30'),
(10, 'Video Streaming Platform', 'Complete video streaming and content platform with video player, channels, comments, subscriptions', 'Media & Entertainment', 'Video', NULL, 1, NULL, '2025-11-06 15:54:53', '2025-11-06 19:11:31'),
(11, 'Ride Share', 'Complete ride-sharing solution with booking, tracking, and payment features', 'Transportation', 'Car', NULL, 1, NULL, '2025-11-06 19:32:16', '2025-11-06 19:32:16'),
(12, 'Service Matching Platform', 'Complete template for service matching platforms connecting customers with service providers. Includes dual user roles, booking, payments, reviews, and messaging.', 'Marketplace', 'Briefcase', NULL, 1, NULL, '2025-11-07 15:14:42', '2025-11-07 15:14:42'),
(13, 'Money Transfer App', 'Complete template for money transfer and remittance applications. Includes multi-currency support, recipient management, transaction tracking, and secure payments.', 'Finance & Banking', 'DollarSign', NULL, 1, NULL, '2025-11-07 15:21:03', '2025-11-07 15:21:03'),
(14, 'Healthcare & Telemedicine', 'Complete template for healthcare and telemedicine applications. Includes appointment booking, medical records, prescriptions, video consultations, and health tracking.', 'Health & Fitness', 'Heart', NULL, 1, NULL, '2025-11-07 18:21:45', '2025-11-07 18:21:45'),
(15, 'Education & Learning Platform', 'Complete template for online learning and education applications. Includes courses, lessons, quizzes, progress tracking, certificates, and live classes.', 'Education', 'BookOpen', NULL, 1, NULL, '2025-11-07 18:21:53', '2025-11-07 18:21:53'),
(16, 'Event Booking & Ticketing', 'Complete template for event discovery and ticket booking applications. Includes event browsing, ticket purchasing, QR codes, check-in, and event management.', 'Entertainment', 'Calendar', NULL, 1, NULL, '2025-11-07 18:22:02', '2025-11-07 18:22:02'),
(17, 'Job Search & Recruitment', 'Complete template for job search and recruitment applications. Includes job listings, applications, resume builder, company profiles, and interview scheduling.', 'Business & Productivity', 'Briefcase', NULL, 1, NULL, '2025-11-07 18:22:10', '2025-11-07 18:22:10'),
(18, 'Dating & Social Connection', 'Complete template for dating and social connection applications. Includes profile matching, swiping, messaging, video calls, and safety features.', 'Social', 'Heart', NULL, 1, NULL, '2025-11-07 18:22:17', '2025-11-07 18:22:17');

-- --------------------------------------------------------

--
-- Table structure for table `app_template_administrators`
--

CREATE TABLE `app_template_administrators` (
  `id` int NOT NULL,
  `template_id` int NOT NULL,
  `user_id` int NOT NULL,
  `role_id` int DEFAULT '3',
  `can_view` tinyint(1) DEFAULT '1',
  `can_edit` tinyint(1) DEFAULT '0',
  `can_delete` tinyint(1) DEFAULT '0',
  `can_publish` tinyint(1) DEFAULT '0',
  `can_manage_users` tinyint(1) DEFAULT '0',
  `can_manage_settings` tinyint(1) DEFAULT '0',
  `custom_permissions` json DEFAULT NULL,
  `granted_by` int NOT NULL,
  `created_at` timestamp NULL DEFAULT CURRENT_TIMESTAMP
) ENGINE=InnoDB DEFAULT CHARSET=utf8mb4 COLLATE=utf8mb4_0900_ai_ci;

--
-- Dumping data for table `app_template_administrators`
--

INSERT INTO `app_template_administrators` (`id`, `template_id`, `user_id`, `role_id`, `can_view`, `can_edit`, `can_delete`, `can_publish`, `can_manage_users`, `can_manage_settings`, `custom_permissions`, `granted_by`, `created_at`) VALUES
(1, 9, 2, 2, 1, 1, 1, 1, 1, 1, NULL, 1, '2025-11-30 15:28:28'),
(2, 9, 3, 3, 1, 1, 1, 1, 1, 1, NULL, 1, '2025-11-30 15:28:28'),
(4, 11, 1, 2, 1, 0, 0, 0, 0, 0, NULL, 1, '2025-12-03 22:36:06');

-- --------------------------------------------------------

--
-- Table structure for table `app_template_custom_screen_elements`
--

CREATE TABLE `app_template_custom_screen_elements` (
  `id` int NOT NULL,
  `template_id` int NOT NULL,
  `screen_id` int NOT NULL,
  `element_id` int NOT NULL,
  `field_key` varchar(100) NOT NULL,
  `label` varchar(255) DEFAULT NULL,
  `placeholder` varchar(255) DEFAULT NULL,
  `default_value` text,
  `validation_rules` json DEFAULT NULL,
  `is_required` tinyint(1) DEFAULT '0',
  `display_order` int DEFAULT '0',
  `config` json DEFAULT NULL,
  `created_at` timestamp NULL DEFAULT CURRENT_TIMESTAMP
) ENGINE=InnoDB DEFAULT CHARSET=utf8mb4 COLLATE=utf8mb4_0900_ai_ci;

--
-- Dumping data for table `app_template_custom_screen_elements`
--

INSERT INTO `app_template_custom_screen_elements` (`id`, `template_id`, `screen_id`, `element_id`, `field_key`, `label`, `placeholder`, `default_value`, `validation_rules`, `is_required`, `display_order`, `config`, `created_at`) VALUES
(8, 9, 62, 34, 'Google', 'google', NULL, 'http://googl.com', NULL, 0, 999, NULL, '2025-11-30 15:30:08'),
(9, 9, 105, 33, 'edit_profile', 'Edit Profile', NULL, NULL, NULL, 0, 9, '{\"screenId\": 106, \"actionType\": \"screen\"}', '2025-11-30 15:30:08'),
(10, 9, 112, 28, 'para_test', 'Para test', NULL, NULL, NULL, 0, 999, '{}', '2025-11-30 15:30:08'),
(11, 9, 137, 31, 'divider', 'divider', NULL, NULL, NULL, 0, 7, '{}', '2025-11-30 15:30:08'),
(12, 9, 137, 10, 'test_dropdown', 'Test Dropdown', 'Select an Option', '', NULL, 0, 6, '{\"options\": [{\"label\": \"test 1\", \"value\": \"test1\"}, {\"label\": \"test 2\", \"value\": \"test2\"}, {\"label\": \"test 3\", \"value\": \"test3\"}, {\"label\": \"test 4\", \"value\": \"test4\"}]}', '2025-11-30 15:30:08');

-- --------------------------------------------------------

--
-- Table structure for table `app_template_driver_profiles`
--

CREATE TABLE `app_template_driver_profiles` (
  `id` int NOT NULL,
  `template_id` int NOT NULL,
  `template_user_id` int NOT NULL,
  `vehicle_make` varchar(100) DEFAULT NULL,
  `vehicle_model` varchar(100) DEFAULT NULL,
  `vehicle_year` int DEFAULT NULL,
  `vehicle_color` varchar(50) DEFAULT NULL,
  `license_plate` varchar(20) DEFAULT NULL,
  `vehicle_type` varchar(20) DEFAULT 'sedan',
  `rating` decimal(3,2) DEFAULT '5.00',
  `total_rides` int DEFAULT '0',
  `is_verified` tinyint(1) DEFAULT '1',
  `created_at` timestamp NULL DEFAULT CURRENT_TIMESTAMP
) ENGINE=InnoDB DEFAULT CHARSET=utf8mb4 COLLATE=utf8mb4_0900_ai_ci;

--
-- Dumping data for table `app_template_driver_profiles`
--

INSERT INTO `app_template_driver_profiles` (`id`, `template_id`, `template_user_id`, `vehicle_make`, `vehicle_model`, `vehicle_year`, `vehicle_color`, `license_plate`, `vehicle_type`, `rating`, `total_rides`, `is_verified`, `created_at`) VALUES
(3, 11, 17, 'Toyota', 'Camry', 2023, 'Silver', 'ABC 123', 'sedan', 4.85, 156, 1, '2025-12-03 22:36:06'),
(4, 11, 18, 'Honda', 'Accord', 2022, 'Black', 'XYZ 789', 'sedan', 4.92, 243, 1, '2025-12-03 22:36:06');

-- --------------------------------------------------------

--
-- Table structure for table `app_template_menus`
--

CREATE TABLE `app_template_menus` (
  `id` int NOT NULL,
  `template_id` int NOT NULL,
  `name` varchar(100) NOT NULL,
  `menu_type` enum('sidebar_left','sidebar_right','tabbar','header','footer') NOT NULL,
  `icon` varchar(50) DEFAULT NULL,
  `description` text,
  `is_active` tinyint(1) DEFAULT '1',
  `created_at` timestamp NULL DEFAULT CURRENT_TIMESTAMP
) ENGINE=InnoDB DEFAULT CHARSET=utf8mb4 COLLATE=utf8mb4_0900_ai_ci;

--
-- Dumping data for table `app_template_menus`
--

INSERT INTO `app_template_menus` (`id`, `template_id`, `name`, `menu_type`, `icon`, `description`, `is_active`, `created_at`) VALUES
(57, 9, 'Renter Tab bar Menu', 'tabbar', 'menu', 'Bottom navigation with main screens', 1, '2025-11-30 15:26:54'),
(58, 9, 'Menu', 'sidebar_left', 'menu', 'Renter Sidebar Menu', 1, '2025-11-30 15:26:54'),
(59, 9, 'Host Menu', 'sidebar_left', 'menu', 'Host Sidebar Menu', 1, '2025-11-30 15:26:54'),
(60, 9, 'Legal', 'sidebar_right', 'menu', NULL, 1, '2025-11-30 15:26:54'),
(65, 11, 'Rider Tab Bar', 'tabbar', 'Navigation', 'Bottom navigation for riders', 1, '2025-12-03 22:36:06'),
(66, 11, 'Driver Tab Bar', 'tabbar', 'Navigation', 'Bottom navigation for drivers', 1, '2025-12-03 22:36:06'),
(67, 11, 'Rider Sidebar', 'sidebar_left', 'Menu', 'Side menu for riders', 1, '2025-12-03 22:36:06'),
(68, 11, 'Driver Sidebar', 'sidebar_left', 'Menu', 'Side menu for drivers', 1, '2025-12-03 22:36:06'),
(69, 5, 'Buyer Tab Bar', 'tabbar', 'menu', 'Bottom navigation for property browsing', 1, '2025-12-09 19:41:43'),
(70, 5, 'Buyer Menu', 'sidebar_left', 'menu', 'Buyer sidebar menu', 1, '2025-12-09 19:41:43'),
(71, 5, 'Agent Menu', 'sidebar_left', 'menu', 'Agent and seller sidebar menu', 1, '2025-12-09 19:41:43'),
(72, 5, 'Legal', 'sidebar_right', 'menu', 'Legal pages sidebar', 1, '2025-12-09 19:41:43');

-- --------------------------------------------------------

--
-- Table structure for table `app_template_menu_items`
--

CREATE TABLE `app_template_menu_items` (
  `id` int NOT NULL,
  `template_menu_id` int NOT NULL,
  `screen_id` int DEFAULT NULL,
  `label` varchar(100) DEFAULT NULL,
  `icon` varchar(50) DEFAULT NULL,
  `item_type` enum('screen','sidebar','url','action','divider','logout') DEFAULT 'screen',
  `url` varchar(255) DEFAULT NULL,
  `action_type` varchar(50) DEFAULT NULL,
  `display_order` int DEFAULT '0',
  `is_active` tinyint(1) DEFAULT '1',
  `config` json DEFAULT NULL,
  `created_at` timestamp NULL DEFAULT CURRENT_TIMESTAMP
) ENGINE=InnoDB DEFAULT CHARSET=utf8mb4 COLLATE=utf8mb4_0900_ai_ci;

--
-- Dumping data for table `app_template_menu_items`
--

INSERT INTO `app_template_menu_items` (`id`, `template_menu_id`, `screen_id`, `label`, `icon`, `item_type`, `url`, `action_type`, `display_order`, `is_active`, `config`, `created_at`) VALUES
(263, 57, NULL, '__NO_LABEL__', 'menu', 'sidebar', NULL, NULL, 4, 1, '{\"sidebar_menu_id\": 58, \"sidebar_position\": \"right\"}', '2025-11-30 15:27:15'),
(264, 57, 105, '__NO_LABEL__', 'account-outline', 'screen', NULL, NULL, 3, 1, NULL, '2025-11-30 15:27:15'),
(265, 57, 112, '__NO_LABEL__', 'home-outline', 'screen', NULL, NULL, 1, 1, NULL, '2025-11-30 15:27:15'),
(266, 57, 114, '__NO_LABEL__', 'calendar', 'screen', NULL, NULL, 2, 1, NULL, '2025-11-30 15:27:15'),
(267, 57, 116, '__NO_LABEL__', 'email-outline', 'screen', NULL, NULL, 2, 1, NULL, '2025-11-30 15:27:15'),
(268, 58, 105, 'User Profile', 'account-outline', 'screen', NULL, NULL, 2, 1, NULL, '2025-11-30 15:27:15'),
(269, 58, 107, 'Notifications', 'bell-outline', 'screen', NULL, NULL, 3, 1, NULL, '2025-11-30 15:27:15'),
(270, 58, 108, 'Contact Us', 'email-outline', 'screen', NULL, NULL, 5, 1, NULL, '2025-11-30 15:27:15'),
(271, 58, 109, 'About Us', 'account-group-outline', 'screen', NULL, NULL, 4, 1, NULL, '2025-11-30 15:27:15'),
(272, 58, 110, 'Privacy Policy', 'tune', 'screen', NULL, NULL, 6, 1, NULL, '2025-11-30 15:27:15'),
(273, 58, 111, 'Terms of Service', 'tune-vertical', 'screen', NULL, NULL, 7, 1, NULL, '2025-11-30 15:27:15'),
(274, 58, 112, 'Home', 'map-search-outline', 'screen', NULL, NULL, 0, 1, NULL, '2025-11-30 15:27:15'),
(275, 58, 114, 'My Bookings', 'warehouse', 'screen', NULL, NULL, 8, 1, NULL, '2025-11-30 15:27:15'),
(276, 58, 116, 'Messages', 'inbox', 'screen', NULL, NULL, 9, 1, NULL, '2025-11-30 15:27:15'),
(278, 58, 128, 'Logout', 'logout', 'screen', NULL, NULL, 12, 1, NULL, '2025-11-30 15:27:15'),
(279, 58, 137, 'About (Primitives)', NULL, 'screen', NULL, NULL, 11, 1, NULL, '2025-11-30 15:27:15'),
(280, 59, 96, 'Property Listings', 'home-city-outline', 'screen', NULL, NULL, 9, 1, NULL, '2025-11-30 15:27:15'),
(281, 59, 105, 'User Profile', 'account-outline', 'screen', NULL, NULL, 3, 1, NULL, '2025-11-30 15:27:15'),
(282, 59, 107, 'Notifications', 'bell-outline', 'screen', NULL, NULL, 6, 1, NULL, '2025-11-30 15:27:15'),
(283, 59, 108, 'Contact Us', 'email-outline', 'screen', NULL, NULL, 11, 1, NULL, '2025-11-30 15:27:15'),
(284, 59, 109, 'About Us', 'account-group-outline', 'screen', NULL, NULL, 12, 1, NULL, '2025-11-30 15:27:15'),
(285, 59, 112, 'Search Properties', 'magnify', 'screen', NULL, NULL, 5, 1, NULL, '2025-11-30 15:27:15'),
(286, 59, 116, 'Messages', 'inbox', 'screen', NULL, NULL, 7, 1, NULL, '2025-11-30 15:27:15'),
(288, 59, 127, 'Create Listing', 'calendar-plus', 'screen', NULL, NULL, 2, 1, NULL, '2025-11-30 15:27:15'),
(289, 59, 128, 'Logout', 'logout', 'screen', NULL, NULL, 13, 1, NULL, '2025-11-30 15:27:15'),
(290, 59, 129, 'My Listings', 'home-group', 'screen', NULL, NULL, 1, 1, NULL, '2025-11-30 15:27:15'),
(291, 59, 131, 'Host Dashboard', 'view-dashboard', 'screen', NULL, NULL, 0, 1, NULL, '2025-11-30 15:27:15'),
(292, 59, 132, 'Host Bookings', 'calendar-check', 'screen', NULL, NULL, 10, 1, NULL, '2025-11-30 15:27:15'),
(293, 59, 133, 'Earnings', 'cash-multiple', 'screen', NULL, NULL, 4, 1, NULL, '2025-11-30 15:27:15'),
(294, 60, 110, 'Privacy Policy', 'shield-check', 'screen', NULL, NULL, 0, 1, NULL, '2025-11-30 15:27:15'),
(295, 60, 111, 'Terms of Service', 'file-document', 'screen', NULL, NULL, 1, 1, NULL, '2025-11-30 15:27:15'),
(321, 65, 141, 'Home', 'Home', 'screen', NULL, NULL, 1, 1, NULL, '2025-12-03 22:36:06'),
(322, 65, 143, 'Rides', 'History', 'screen', NULL, NULL, 2, 1, NULL, '2025-12-03 22:36:06'),
(323, 65, 145, 'Payment', 'CreditCard', 'screen', NULL, NULL, 3, 1, NULL, '2025-12-03 22:36:06'),
(324, 65, 105, 'Profile', 'User', 'screen', NULL, NULL, 4, 1, NULL, '2025-12-03 22:36:06'),
(325, 66, 147, 'Home', 'Home', 'screen', NULL, NULL, 1, 1, NULL, '2025-12-03 22:36:06'),
(326, 66, 150, 'Rides', 'List', 'screen', NULL, NULL, 2, 1, NULL, '2025-12-03 22:36:06'),
(327, 66, 148, 'Earnings', 'DollarSign', 'screen', NULL, NULL, 3, 1, NULL, '2025-12-03 22:36:06'),
(328, 66, 105, 'Profile', 'User', 'screen', NULL, NULL, 4, 1, NULL, '2025-12-03 22:36:06'),
(329, 67, 141, 'Request Ride', 'MapPin', 'screen', NULL, NULL, 1, 1, NULL, '2025-12-03 22:36:06'),
(330, 67, 143, 'Ride History', 'History', 'screen', NULL, NULL, 2, 1, NULL, '2025-12-03 22:36:06'),
(331, 67, 145, 'Payment Methods', 'CreditCard', 'screen', NULL, NULL, 3, 1, NULL, '2025-12-03 22:36:06'),
(332, 67, 151, 'Saved Addresses', 'MapPin', 'screen', NULL, NULL, 4, 1, NULL, '2025-12-03 22:36:06'),
(333, 67, 149, 'Become a Driver', 'Car', 'screen', NULL, NULL, 5, 1, NULL, '2025-12-03 22:36:06'),
(334, 67, 107, 'Notifications', 'Bell', 'screen', NULL, NULL, 6, 1, NULL, '2025-12-03 22:36:06'),
(335, 67, 105, 'Profile', 'User', 'screen', NULL, NULL, 7, 1, NULL, '2025-12-03 22:36:06'),
(336, 67, 108, 'Help & Support', 'HelpCircle', 'screen', NULL, NULL, 8, 1, NULL, '2025-12-03 22:36:06'),
(337, 67, 109, 'About', 'Info', 'screen', NULL, NULL, 9, 1, NULL, '2025-12-03 22:36:06'),
(338, 67, 128, 'Logout', 'LogOut', 'screen', NULL, NULL, 10, 1, NULL, '2025-12-03 22:36:06'),
(339, 68, 147, 'Dashboard', 'LayoutDashboard', 'screen', NULL, NULL, 1, 1, NULL, '2025-12-03 22:36:06'),
(340, 68, 150, 'My Rides', 'List', 'screen', NULL, NULL, 2, 1, NULL, '2025-12-03 22:36:06'),
(341, 68, 148, 'Earnings', 'DollarSign', 'screen', NULL, NULL, 3, 1, NULL, '2025-12-03 22:36:06'),
(342, 68, 107, 'Notifications', 'Bell', 'screen', NULL, NULL, 4, 1, NULL, '2025-12-03 22:36:06'),
(343, 68, 105, 'Profile', 'User', 'screen', NULL, NULL, 5, 1, NULL, '2025-12-03 22:36:06'),
(344, 68, 108, 'Help & Support', 'HelpCircle', 'screen', NULL, NULL, 6, 1, NULL, '2025-12-03 22:36:06'),
(345, 68, 128, 'Logout', 'LogOut', 'screen', NULL, NULL, 7, 1, NULL, '2025-12-03 22:36:06'),
(346, 58, 139, 'Customer Service', 'email', 'screen', NULL, NULL, 13, 1, NULL, '2025-12-08 15:08:42'),
(347, 58, 140, 'Poll', 'email', 'screen', NULL, NULL, 14, 1, NULL, '2025-12-08 15:08:42'),
(348, 59, 139, 'Customer Service', 'email', 'screen', NULL, NULL, 14, 1, NULL, '2025-12-08 15:08:42'),
(349, 69, 112, '__NO_LABEL__', 'home-outline', 'screen', NULL, NULL, 1, 1, NULL, '2025-12-09 19:41:43'),
(350, 69, 135, '__NO_LABEL__', 'heart-outline', 'screen', NULL, NULL, 2, 1, NULL, '2025-12-09 19:41:43'),
(351, 69, 116, '__NO_LABEL__', 'email-outline', 'screen', NULL, NULL, 3, 1, NULL, '2025-12-09 19:41:43'),
(352, 69, 105, '__NO_LABEL__', 'account-outline', 'screen', NULL, NULL, 4, 1, NULL, '2025-12-09 19:41:43'),
(353, 69, NULL, '__NO_LABEL__', 'menu', 'sidebar', NULL, NULL, 5, 1, NULL, '2025-12-09 19:41:43'),
(354, 70, 112, 'Search', 'magnify', 'screen', NULL, NULL, 1, 1, NULL, '2025-12-09 19:41:43'),
(355, 70, 96, 'Browse Listings', 'home-city-outline', 'screen', NULL, NULL, 2, 1, NULL, '2025-12-09 19:41:43'),
(356, 70, 135, 'Favorites', 'heart-outline', 'screen', NULL, NULL, 3, 1, NULL, '2025-12-09 19:41:43'),
(357, 70, 105, 'Profile', 'account-outline', 'screen', NULL, NULL, 4, 1, NULL, '2025-12-09 19:41:43'),
(358, 70, 107, 'Notifications', 'bell-outline', 'screen', NULL, NULL, 5, 1, NULL, '2025-12-09 19:41:43'),
(359, 70, 116, 'Messages', 'email-outline', 'screen', NULL, NULL, 6, 1, NULL, '2025-12-09 19:41:43'),
(360, 70, 109, 'About Us', 'information-outline', 'screen', NULL, NULL, 7, 1, NULL, '2025-12-09 19:41:43'),
(361, 70, 108, 'Contact Us', 'phone-outline', 'screen', NULL, NULL, 8, 1, NULL, '2025-12-09 19:41:43'),
(362, 70, 139, 'Customer Service', 'headphones', 'screen', NULL, NULL, 9, 1, NULL, '2025-12-09 19:41:43'),
(363, 70, 110, 'Privacy Policy', 'shield-check-outline', 'screen', NULL, NULL, 10, 1, NULL, '2025-12-09 19:41:43'),
(364, 70, 111, 'Terms of Service', 'file-document-outline', 'screen', NULL, NULL, 11, 1, NULL, '2025-12-09 19:41:43'),
(365, 70, 128, 'Logout', 'logout', 'screen', NULL, NULL, 12, 1, NULL, '2025-12-09 19:41:43'),
(366, 71, 131, 'Dashboard', 'view-dashboard', 'screen', NULL, NULL, 1, 1, NULL, '2025-12-09 19:41:44'),
(367, 71, 129, 'My Listings', 'home-group', 'screen', NULL, NULL, 2, 1, NULL, '2025-12-09 19:41:44'),
(368, 71, 127, 'Create Listing', 'plus-circle-outline', 'screen', NULL, NULL, 3, 1, NULL, '2025-12-09 19:41:44'),
(369, 71, 132, 'Inquiries', 'clipboard-list-outline', 'screen', NULL, NULL, 4, 1, NULL, '2025-12-09 19:41:44'),
(370, 71, 133, 'Earnings', 'cash-multiple', 'screen', NULL, NULL, 5, 1, NULL, '2025-12-09 19:41:44'),
(371, 71, 112, 'Search', 'magnify', 'screen', NULL, NULL, 6, 1, NULL, '2025-12-09 19:41:44'),
(372, 71, 105, 'Profile', 'account-outline', 'screen', NULL, NULL, 7, 1, NULL, '2025-12-09 19:41:44'),
(373, 71, 107, 'Notifications', 'bell-outline', 'screen', NULL, NULL, 8, 1, NULL, '2025-12-09 19:41:44'),
(374, 71, 116, 'Messages', 'email-outline', 'screen', NULL, NULL, 9, 1, NULL, '2025-12-09 19:41:44'),
(375, 71, 108, 'Contact Us', 'phone-outline', 'screen', NULL, NULL, 10, 1, NULL, '2025-12-09 19:41:44'),
(376, 71, 109, 'About Us', 'information-outline', 'screen', NULL, NULL, 11, 1, NULL, '2025-12-09 19:41:44'),
(377, 71, 128, 'Logout', 'logout', 'screen', NULL, NULL, 12, 1, NULL, '2025-12-09 19:41:44'),
(378, 72, 110, 'Privacy Policy', 'shield-check', 'screen', NULL, NULL, 1, 1, NULL, '2025-12-09 19:41:44'),
(379, 72, 111, 'Terms of Service', 'file-document', 'screen', NULL, NULL, 2, 1, NULL, '2025-12-09 19:41:44');

-- --------------------------------------------------------

--
-- Table structure for table `app_template_menu_role_access`
--

CREATE TABLE `app_template_menu_role_access` (
  `id` int NOT NULL,
  `template_menu_id` int NOT NULL,
  `template_role_id` int NOT NULL,
  `created_at` timestamp NULL DEFAULT CURRENT_TIMESTAMP
) ENGINE=InnoDB DEFAULT CHARSET=utf8mb4 COLLATE=utf8mb4_0900_ai_ci;

--
-- Dumping data for table `app_template_menu_role_access`
--

INSERT INTO `app_template_menu_role_access` (`id`, `template_menu_id`, `template_role_id`, `created_at`) VALUES
(32, 59, 22, '2025-11-30 15:27:25'),
(33, 58, 23, '2025-11-30 15:27:25'),
(34, 57, 23, '2025-11-30 15:27:25'),
(39, 65, 30, '2025-12-03 22:36:06'),
(40, 67, 30, '2025-12-03 22:36:06'),
(41, 66, 31, '2025-12-03 22:36:06'),
(42, 68, 31, '2025-12-03 22:36:06'),
(43, 69, 32, '2025-12-09 19:41:44'),
(44, 70, 32, '2025-12-09 19:41:44'),
(45, 71, 33, '2025-12-09 19:41:44'),
(46, 71, 34, '2025-12-09 19:41:44'),
(47, 72, 32, '2025-12-09 19:41:44'),
(48, 72, 33, '2025-12-09 19:41:44'),
(49, 72, 34, '2025-12-09 19:41:44');

-- --------------------------------------------------------

--
-- Table structure for table `app_template_property_amenities`
--

CREATE TABLE `app_template_property_amenities` (
  `id` int NOT NULL,
  `template_listing_id` int NOT NULL,
  `amenity_id` int NOT NULL,
  `created_at` timestamp NULL DEFAULT CURRENT_TIMESTAMP
) ENGINE=InnoDB DEFAULT CHARSET=utf8mb4 COLLATE=utf8mb4_0900_ai_ci;

-- --------------------------------------------------------

--
-- Table structure for table `app_template_property_images`
--

CREATE TABLE `app_template_property_images` (
  `id` int NOT NULL,
  `template_listing_id` int NOT NULL,
  `image_url` varchar(500) NOT NULL,
  `image_key` varchar(255) DEFAULT NULL,
  `caption` varchar(255) DEFAULT NULL,
  `display_order` int DEFAULT '0',
  `is_primary` tinyint(1) DEFAULT '0',
  `created_at` timestamp NULL DEFAULT CURRENT_TIMESTAMP
) ENGINE=InnoDB DEFAULT CHARSET=utf8mb4 COLLATE=utf8mb4_0900_ai_ci;

--
-- Dumping data for table `app_template_property_images`
--

INSERT INTO `app_template_property_images` (`id`, `template_listing_id`, `image_url`, `image_key`, `caption`, `display_order`, `is_primary`, `created_at`) VALUES
(16, 16, '/uploads/app_28/house1.jpeg', NULL, NULL, 0, 1, '2025-11-30 15:29:40'),
(17, 17, '/uploads/app_28/house2.jpg', NULL, NULL, 0, 1, '2025-11-30 15:29:40'),
(18, 18, '/uploads/app_28/house3.jpg', NULL, NULL, 0, 1, '2025-11-30 15:29:40'),
(19, 19, '/uploads/app_28/house4.jpg', NULL, NULL, 0, 1, '2025-11-30 15:29:40'),
(20, 20, '/uploads/app_28/house5.jpg', NULL, NULL, 0, 1, '2025-11-30 15:29:40'),
(21, 21, '/uploads/app_28/house6.jpg', NULL, NULL, 0, 1, '2025-11-30 15:29:40'),
(22, 22, '/uploads/app_28/house7.jpg', NULL, NULL, 0, 1, '2025-11-30 15:29:40'),
(23, 23, '/uploads/app_28/house8.jpg', NULL, NULL, 0, 1, '2025-11-30 15:29:40'),
(24, 24, '/uploads/app_28/house9.jpeg', NULL, NULL, 0, 1, '2025-11-30 15:29:40'),
(25, 25, '/uploads/app_28/house10.jpg', NULL, NULL, 0, 1, '2025-11-30 15:29:40'),
(26, 26, 'http://localhost:3000/uploads/general/292A5B6E-3739-4ABC-9AC8-814E5B67C4D7-1764332395290-822812011.jpg', NULL, NULL, 1, 1, '2025-11-30 15:29:40'),
(27, 27, 'https://images.unsplash.com/photo-1502672260266-1c1ef2d93688?w=800', NULL, 'Living Room', 1, 1, '2025-12-09 19:41:44'),
(28, 27, 'https://images.unsplash.com/photo-1560448204-e02f11c3d0e2?w=800', NULL, 'Kitchen', 2, 0, '2025-12-09 19:41:44'),
(29, 27, 'https://images.unsplash.com/photo-1522708323590-d24dbb6b0267?w=800', NULL, 'Bedroom', 3, 0, '2025-12-09 19:41:44'),
(30, 28, 'https://images.unsplash.com/photo-1564013799919-ab600027ffc6?w=800', NULL, 'Front Exterior', 1, 1, '2025-12-09 19:41:44'),
(31, 28, 'https://images.unsplash.com/photo-1556909114-f6e7ad7d3136?w=800', NULL, 'Kitchen', 2, 0, '2025-12-09 19:41:44'),
(32, 28, 'https://images.unsplash.com/photo-1560185007-cde436f6a4d0?w=800', NULL, 'Backyard', 3, 0, '2025-12-09 19:41:44'),
(33, 29, 'https://images.unsplash.com/photo-1613490493576-7fde63acd811?w=800', NULL, 'Waterfront View', 1, 1, '2025-12-09 19:41:44'),
(34, 29, 'https://images.unsplash.com/photo-1600596542815-ffad4c1539a9?w=800', NULL, 'Pool Area', 2, 0, '2025-12-09 19:41:44'),
(35, 29, 'https://images.unsplash.com/photo-1600607687939-ce8a6c25118c?w=800', NULL, 'Interior', 3, 0, '2025-12-09 19:41:44');

-- --------------------------------------------------------

--
-- Table structure for table `app_template_property_inquiries`
--

CREATE TABLE `app_template_property_inquiries` (
  `id` int NOT NULL,
  `template_id` int NOT NULL,
  `listing_ref` int NOT NULL,
  `buyer_ref` int NOT NULL,
  `agent_ref` int DEFAULT NULL,
  `inquiry_type` enum('general','showing_request','price_inquiry','offer_interest','other') DEFAULT 'general',
  `subject` varchar(255) DEFAULT NULL,
  `message` text,
  `preferred_contact` enum('email','phone','either') DEFAULT 'either',
  `status` enum('new','read','responded','closed') DEFAULT 'new',
  `response` text,
  `responded_at` timestamp NULL DEFAULT NULL,
  `days_ago` int DEFAULT '0',
  `created_at` timestamp NULL DEFAULT CURRENT_TIMESTAMP,
  `updated_at` timestamp NULL DEFAULT CURRENT_TIMESTAMP ON UPDATE CURRENT_TIMESTAMP
) ENGINE=InnoDB DEFAULT CHARSET=utf8mb4 COLLATE=utf8mb4_0900_ai_ci;

--
-- Dumping data for table `app_template_property_inquiries`
--

INSERT INTO `app_template_property_inquiries` (`id`, `template_id`, `listing_ref`, `buyer_ref`, `agent_ref`, `inquiry_type`, `subject`, `message`, `preferred_contact`, `status`, `response`, `responded_at`, `days_ago`, `created_at`, `updated_at`) VALUES
(1, 5, 27, 19, 23, 'general', 'Interested in this property', 'I love the location and would like to know more about the neighborhood. Are there any HOA fees?', 'email', 'new', NULL, NULL, 0, '2025-12-09 23:07:12', '2025-12-09 23:07:12'),
(2, 5, 27, 20, 23, 'price_inquiry', 'Price negotiable?', 'Is the seller willing to negotiate on the price? I am pre-approved for a mortgage.', 'phone', 'responded', 'Thank you for your interest! The seller is motivated and willing to consider reasonable offers. Would you like to schedule a showing?', NULL, 2, '2025-12-09 23:07:12', '2025-12-09 23:07:12'),
(3, 5, 28, 19, 23, 'general', 'School district question', 'What school district is this property in? We have two children in elementary school.', 'either', 'new', NULL, NULL, 1, '2025-12-09 23:07:12', '2025-12-09 23:07:12'),
(4, 5, 29, 20, 24, 'showing_request', 'Garage size', 'How many cars can fit in the garage? Is there additional storage space?', 'email', 'read', NULL, NULL, 3, '2025-12-09 23:07:12', '2025-12-09 23:07:12');

-- --------------------------------------------------------

--
-- Table structure for table `app_template_property_listings`
--

CREATE TABLE `app_template_property_listings` (
  `id` int NOT NULL,
  `template_id` int NOT NULL,
  `template_user_id` int DEFAULT NULL,
  `title` varchar(255) NOT NULL,
  `description` text,
  `property_type` enum('apartment','house','condo','townhouse','villa','cabin','cottage','loft','studio','other') DEFAULT 'apartment',
  `address_line1` varchar(255) DEFAULT NULL,
  `address_line2` varchar(255) DEFAULT NULL,
  `city` varchar(100) NOT NULL,
  `state` varchar(100) DEFAULT NULL,
  `country` varchar(100) NOT NULL,
  `postal_code` varchar(20) DEFAULT NULL,
  `latitude` decimal(10,8) DEFAULT NULL,
  `longitude` decimal(11,8) DEFAULT NULL,
  `bedrooms` int DEFAULT '0',
  `bathrooms` decimal(3,1) DEFAULT '0.0',
  `beds` int DEFAULT '0',
  `guests_max` int DEFAULT '1',
  `square_feet` int DEFAULT NULL,
  `price_per_night` decimal(10,2) NOT NULL,
  `currency` varchar(3) DEFAULT 'USD',
  `cleaning_fee` decimal(10,2) DEFAULT '0.00',
  `service_fee_percentage` decimal(5,2) DEFAULT '0.00',
  `min_nights` int DEFAULT '1',
  `max_nights` int DEFAULT '365',
  `check_in_time` time DEFAULT '15:00:00',
  `check_out_time` time DEFAULT '11:00:00',
  `cancellation_policy` enum('flexible','moderate','strict','super_strict') DEFAULT 'moderate',
  `status` enum('draft','pending_review','active','inactive','archived') DEFAULT 'draft',
  `is_published` tinyint(1) DEFAULT '0',
  `is_instant_book` tinyint(1) DEFAULT '0',
  `house_rules` text,
  `additional_info` text,
  `created_at` timestamp NULL DEFAULT CURRENT_TIMESTAMP,
  `updated_at` timestamp NULL DEFAULT CURRENT_TIMESTAMP ON UPDATE CURRENT_TIMESTAMP
) ENGINE=InnoDB DEFAULT CHARSET=utf8mb4 COLLATE=utf8mb4_0900_ai_ci;

--
-- Dumping data for table `app_template_property_listings`
--

INSERT INTO `app_template_property_listings` (`id`, `template_id`, `template_user_id`, `title`, `description`, `property_type`, `address_line1`, `address_line2`, `city`, `state`, `country`, `postal_code`, `latitude`, `longitude`, `bedrooms`, `bathrooms`, `beds`, `guests_max`, `square_feet`, `price_per_night`, `currency`, `cleaning_fee`, `service_fee_percentage`, `min_nights`, `max_nights`, `check_in_time`, `check_out_time`, `cancellation_policy`, `status`, `is_published`, `is_instant_book`, `house_rules`, `additional_info`, `created_at`, `updated_at`) VALUES
(16, 9, 4, 'Modern Downtown Loft with City Views', 'Stunning loft in the heart of downtown Knoxville with floor-to-ceiling windows, exposed brick, and walking distance to Market Square.', 'loft', '531 S Gay St', NULL, 'Knoxville', 'TN', 'United States', '37902', NULL, NULL, 1, 1.0, 0, 2, NULL, 125.00, 'USD', 50.00, 10.00, 2, 30, '15:00:00', '11:00:00', 'moderate', 'active', 1, 0, NULL, NULL, '2025-11-30 15:29:29', '2025-11-30 15:29:29'),
(17, 9, 10, 'Spacious Family Home Near University of Tennessee', 'Beautiful 4-bedroom home in a quiet neighborhood, just minutes from UT campus. Perfect for families.', 'house', '1823 Laurel Ave', NULL, 'Knoxville', 'TN', 'United States', '37916', NULL, NULL, 4, 3.0, 0, 8, NULL, 200.00, 'USD', 75.00, 10.00, 2, 14, '15:00:00', '11:00:00', 'moderate', 'active', 0, 0, NULL, NULL, '2025-11-30 15:29:29', '2025-11-30 19:53:26'),
(18, 9, 4, 'Cozy Studio in Historic Old City', 'Charming studio apartment in the vibrant Old City district. Walk to breweries, art galleries, and live music venues.', 'loft', '112 W Jackson Ave', NULL, 'Knoxville', 'TN', 'United States', '37902', NULL, NULL, 0, 1.0, 0, 2, NULL, 85.00, 'USD', 35.00, 10.00, 1, 30, '15:00:00', '11:00:00', 'moderate', 'active', 0, 0, NULL, NULL, '2025-11-30 15:29:29', '2025-11-30 15:29:29'),
(19, 9, 10, 'Luxury Waterfront Condo on Tennessee River', 'Upscale 2-bedroom condo with breathtaking river views. High-end finishes and building amenities.', 'condo', '900 S Gay St Unit 1502', NULL, 'Knoxville', 'TN', 'United States', '37902', NULL, NULL, 2, 2.0, 0, 4, NULL, 175.00, 'USD', 60.00, 10.00, 3, 30, '15:00:00', '11:00:00', 'moderate', 'active', 0, 0, NULL, NULL, '2025-11-30 15:29:29', '2025-11-30 19:53:26'),
(20, 9, 4, 'Charming Cottage in Upscale Sequoyah Hills', 'Adorable 2-bedroom cottage in one of Knoxville most desirable neighborhoods. Hardwood floors and private patio.', 'cottage', '3847 Taliluna Ave', NULL, 'Knoxville', 'TN', 'United States', '37919', NULL, NULL, 2, 1.0, 0, 4, NULL, 150.00, 'USD', 55.00, 10.00, 2, 30, '15:00:00', '11:00:00', 'moderate', 'active', 0, 0, NULL, NULL, '2025-11-30 15:29:29', '2025-11-30 15:29:29'),
(21, 9, 10, 'Pet-Friendly Apartment Near Knoxville Zoo', 'Welcome your furry friends! Spacious 2-bedroom apartment near Zoo Knoxville. Fenced yard and walking trails.', 'apartment', '3428 Magnolia Ave', NULL, 'Knoxville', 'TN', 'United States', '37914', NULL, NULL, 2, 1.0, 0, 4, NULL, 110.00, 'USD', 45.00, 10.00, 2, 30, '15:00:00', '11:00:00', 'moderate', 'active', 0, 0, NULL, NULL, '2025-11-30 15:29:29', '2025-11-30 19:53:26'),
(22, 9, 4, 'Restored Victorian Home in Fourth & Gill', 'Step back in time in this beautifully restored 1890s Victorian home. Original hardwood floors and period details.', 'house', '711 Eleanor St', NULL, 'Knoxville', 'TN', 'United States', '37917', NULL, NULL, 3, 2.0, 0, 6, NULL, 180.00, 'USD', 70.00, 10.00, 2, 14, '15:00:00', '11:00:00', 'moderate', 'active', 0, 0, NULL, NULL, '2025-11-30 15:29:29', '2025-11-30 15:29:29'),
(23, 9, 10, 'Contemporary Townhouse in West Knoxville', 'Brand new 3-bedroom townhouse. Open floor plan, granite counters, and attached garage.', 'townhouse', '11250 Parkside Dr', NULL, 'Knoxville', 'TN', 'United States', '37934', NULL, NULL, 3, 2.0, 0, 6, NULL, 165.00, 'USD', 65.00, 10.00, 2, 30, '15:00:00', '11:00:00', 'moderate', 'active', 0, 0, NULL, NULL, '2025-11-30 15:29:29', '2025-11-30 19:53:26'),
(24, 9, 4, 'Budget-Friendly Apartment Near UT Campus', 'Perfect for students or budget travelers! Clean, comfortable 1-bedroom apartment within walking distance to UT.', 'apartment', '1716 Melrose Ave', NULL, 'Knoxville', 'TN', 'United States', '37916', NULL, NULL, 1, 1.0, 0, 2, NULL, 75.00, 'USD', 30.00, 10.00, 1, 90, '15:00:00', '11:00:00', 'moderate', 'active', 0, 0, NULL, NULL, '2025-11-30 15:29:29', '2025-11-30 15:29:29'),
(25, 9, 10, 'Stunning Luxury Villa in Farragut', 'Spectacular 5-bedroom estate home. Gourmet kitchen, home theater, pool, hot tub, and game room.', 'villa', '12345 Wexford Downs Ln', NULL, 'Knoxville', 'TN', 'United States', '37934', NULL, NULL, 5, 4.0, 0, 12, NULL, 350.00, 'USD', 125.00, 10.00, 3, 14, '15:00:00', '11:00:00', 'moderate', 'active', 0, 0, NULL, NULL, '2025-11-30 15:29:29', '2025-11-30 19:53:26'),
(26, 9, 10, 'Cozy House', 'This is a test description', 'house', '123 Some Rd', '', 'Knoxville', 'TN', 'US', '37924', NULL, NULL, 3, 2.0, 3, 6, 2000, 250.00, 'USD', 55.00, 0.00, 1, 365, '15:00:00', '11:30:00', 'flexible', 'draft', 0, 1, 'No Smoking', 'WiFi', '2025-11-30 15:29:29', '2025-11-30 19:53:26'),
(27, 5, 23, 'Modern Downtown Condo with City Views', 'Stunning 2-bedroom condo in the heart of downtown with panoramic city views, modern finishes, and premium amenities.', 'condo', '123 Main Street', NULL, 'Knoxville', 'TN', 'USA', '37902', 35.96060000, -83.92070000, 2, 2.0, 0, 0, 1200, 325.00, 'USD', 0.00, 0.00, 1, 365, '15:00:00', '11:00:00', 'moderate', 'active', 1, 0, NULL, NULL, '2025-12-09 19:41:44', '2025-12-09 19:41:44'),
(28, 5, 23, 'Spacious Family Home in West Knoxville', 'Beautiful 4-bedroom family home with large backyard, updated kitchen, and excellent school district.', 'house', '456 Oak Avenue', NULL, 'Knoxville', 'TN', 'USA', '37919', 35.94560000, -84.02870000, 4, 3.0, 0, 0, 2800, 485.00, 'USD', 0.00, 0.00, 1, 365, '15:00:00', '11:00:00', 'moderate', 'active', 1, 0, NULL, NULL, '2025-12-09 19:41:44', '2025-12-09 19:41:44'),
(29, 5, 24, 'Luxury Waterfront Estate', 'Magnificent 5-bedroom estate on the Tennessee River with private dock, infinity pool, and breathtaking views.', 'villa', '789 Riverfront Drive', NULL, 'Knoxville', 'TN', 'USA', '37920', 35.93560000, -83.89070000, 5, 4.0, 0, 0, 5500, 1250.00, 'USD', 0.00, 0.00, 1, 365, '15:00:00', '11:00:00', 'moderate', 'active', 1, 0, NULL, NULL, '2025-12-09 19:41:44', '2025-12-09 19:41:44'),
(30, 5, 24, 'Charming Historic Bungalow', 'Beautifully restored 1920s bungalow in Fourth & Gill with original hardwood floors and modern updates.', 'house', '321 Luttrell Street', NULL, 'Knoxville', 'TN', 'USA', '37917', 35.97560000, -83.91070000, 3, 2.0, 0, 0, 1800, 295.00, 'USD', 0.00, 0.00, 1, 365, '15:00:00', '11:00:00', 'moderate', 'active', 1, 0, NULL, NULL, '2025-12-09 19:41:44', '2025-12-09 19:41:44'),
(31, 5, 21, 'Investment Property - Duplex', 'Well-maintained duplex with two 2-bedroom units, great rental history, and positive cash flow.', 'townhouse', '555 Investment Lane', NULL, 'Knoxville', 'TN', 'USA', '37916', 35.95060000, -83.93070000, 4, 2.0, 0, 0, 2200, 275.00, 'USD', 0.00, 0.00, 1, 365, '15:00:00', '11:00:00', 'moderate', 'active', 1, 0, NULL, NULL, '2025-12-09 19:41:44', '2025-12-09 19:41:44'),
(32, 5, 22, 'Cozy Starter Home', 'Perfect starter home with 3 bedrooms, updated bathroom, and fenced backyard. Move-in ready!', 'house', '888 Starter Street', NULL, 'Knoxville', 'TN', 'USA', '37918', 35.96560000, -83.94070000, 3, 1.0, 0, 0, 1400, 185.00, 'USD', 0.00, 0.00, 1, 365, '15:00:00', '11:00:00', 'moderate', 'active', 1, 0, NULL, NULL, '2025-12-09 19:41:44', '2025-12-09 19:41:44'),
(33, 5, 23, 'Luxury High-Rise Apartment', 'Premium penthouse apartment with floor-to-ceiling windows, concierge service, and rooftop access.', 'apartment', '100 Tower Place', NULL, 'Knoxville', 'TN', 'USA', '37902', 35.96260000, -83.91870000, 2, 2.0, 0, 0, 1600, 425.00, 'USD', 0.00, 0.00, 1, 365, '15:00:00', '11:00:00', 'moderate', 'active', 1, 0, NULL, NULL, '2025-12-09 19:41:44', '2025-12-09 19:41:44'),
(34, 5, 24, 'Mountain View Cabin', 'Rustic yet modern cabin in the Smoky Mountain foothills with stunning views and complete privacy.', 'cabin', '999 Mountain Road', NULL, 'Sevierville', 'TN', 'USA', '37862', 35.86560000, -83.56070000, 3, 2.0, 0, 0, 2000, 375.00, 'USD', 0.00, 0.00, 1, 365, '15:00:00', '11:00:00', 'moderate', 'active', 1, 0, NULL, NULL, '2025-12-09 19:41:44', '2025-12-09 19:41:44');

-- --------------------------------------------------------

--
-- Table structure for table `app_template_property_offers`
--

CREATE TABLE `app_template_property_offers` (
  `id` int NOT NULL,
  `template_id` int NOT NULL,
  `listing_ref` int NOT NULL,
  `buyer_ref` int NOT NULL,
  `agent_ref` int DEFAULT NULL,
  `offer_amount` decimal(12,2) NOT NULL,
  `earnest_money` decimal(10,2) DEFAULT NULL,
  `down_payment_percent` decimal(5,2) DEFAULT NULL,
  `financing_type` enum('cash','conventional','fha','va','other') DEFAULT 'conventional',
  `inspection_contingency` tinyint(1) DEFAULT '1',
  `financing_contingency` tinyint(1) DEFAULT '1',
  `appraisal_contingency` tinyint(1) DEFAULT '1',
  `sale_contingency` tinyint(1) DEFAULT '0',
  `other_contingencies` text,
  `closing_days` int DEFAULT '45',
  `status` enum('draft','submitted','under_review','countered','accepted','rejected','withdrawn','expired') DEFAULT 'submitted',
  `counter_amount` decimal(12,2) DEFAULT NULL,
  `counter_terms` text,
  `response_notes` text,
  `days_ago` int DEFAULT '0',
  `created_at` timestamp NULL DEFAULT CURRENT_TIMESTAMP,
  `updated_at` timestamp NULL DEFAULT CURRENT_TIMESTAMP ON UPDATE CURRENT_TIMESTAMP
) ENGINE=InnoDB DEFAULT CHARSET=utf8mb4 COLLATE=utf8mb4_0900_ai_ci;

--
-- Dumping data for table `app_template_property_offers`
--

INSERT INTO `app_template_property_offers` (`id`, `template_id`, `listing_ref`, `buyer_ref`, `agent_ref`, `offer_amount`, `earnest_money`, `down_payment_percent`, `financing_type`, `inspection_contingency`, `financing_contingency`, `appraisal_contingency`, `sale_contingency`, `other_contingencies`, `closing_days`, `status`, `counter_amount`, `counter_terms`, `response_notes`, `days_ago`, `created_at`, `updated_at`) VALUES
(1, 5, 27, 19, 23, 425000.00, 10000.00, 20.00, 'conventional', 1, 1, 1, 0, NULL, 45, 'submitted', NULL, NULL, NULL, 2, '2025-12-09 23:07:42', '2025-12-09 23:07:42'),
(2, 5, 27, 20, 23, 440000.00, 15000.00, 25.00, 'conventional', 1, 1, 1, 0, NULL, 30, 'under_review', NULL, NULL, NULL, 1, '2025-12-09 23:07:42', '2025-12-09 23:07:42'),
(3, 5, 28, 19, 24, 375000.00, 8000.00, 10.00, 'fha', 1, 1, 1, 0, NULL, 60, 'countered', 390000.00, 'Seller requests higher earnest money of 12000 and closing in 45 days', NULL, 5, '2025-12-09 23:07:42', '2025-12-09 23:07:42'),
(4, 5, 29, 20, 23, 850000.00, 25000.00, 30.00, 'cash', 0, 0, 0, 0, NULL, 21, 'accepted', NULL, NULL, 'Offer accepted. Congratulations!', 10, '2025-12-09 23:07:42', '2025-12-09 23:07:42'),
(5, 5, 30, 19, 24, 295000.00, 5000.00, 5.00, 'va', 1, 1, 1, 0, NULL, 45, 'rejected', NULL, NULL, 'Offer too low. Seller not interested at this price point.', 15, '2025-12-09 23:07:42', '2025-12-09 23:07:42');

-- --------------------------------------------------------

--
-- Table structure for table `app_template_property_showings`
--

CREATE TABLE `app_template_property_showings` (
  `id` int NOT NULL,
  `template_id` int NOT NULL,
  `listing_ref` int NOT NULL,
  `buyer_ref` int NOT NULL,
  `agent_ref` int DEFAULT NULL,
  `requested_date` date DEFAULT NULL,
  `requested_time` time DEFAULT NULL,
  `showing_date` date DEFAULT NULL,
  `showing_time` time DEFAULT NULL,
  `showing_type` enum('in_person','virtual','open_house') DEFAULT 'in_person',
  `status` enum('requested','confirmed','completed','cancelled','no_show') DEFAULT 'requested',
  `buyer_notes` text,
  `agent_notes` text,
  `confirmation_notes` text,
  `cancellation_reason` text,
  `feedback` text,
  `buyer_interest_level` enum('not_interested','somewhat_interested','interested','very_interested') DEFAULT NULL,
  `days_from_now` int DEFAULT '1',
  `days_ago` int DEFAULT '0',
  `created_at` timestamp NULL DEFAULT CURRENT_TIMESTAMP,
  `updated_at` timestamp NULL DEFAULT CURRENT_TIMESTAMP ON UPDATE CURRENT_TIMESTAMP
) ENGINE=InnoDB DEFAULT CHARSET=utf8mb4 COLLATE=utf8mb4_0900_ai_ci;

--
-- Dumping data for table `app_template_property_showings`
--

INSERT INTO `app_template_property_showings` (`id`, `template_id`, `listing_ref`, `buyer_ref`, `agent_ref`, `requested_date`, `requested_time`, `showing_date`, `showing_time`, `showing_type`, `status`, `buyer_notes`, `agent_notes`, `confirmation_notes`, `cancellation_reason`, `feedback`, `buyer_interest_level`, `days_from_now`, `days_ago`, `created_at`, `updated_at`) VALUES
(1, 5, 27, 19, 23, NULL, NULL, NULL, NULL, 'in_person', 'confirmed', 'Very excited to see this property!', 'Buyer is pre-approved, serious interest', NULL, NULL, NULL, NULL, 2, 0, '2025-12-09 23:07:26', '2025-12-09 23:07:26'),
(2, 5, 28, 20, 23, NULL, NULL, NULL, NULL, 'in_person', 'requested', 'Would prefer afternoon if possible', NULL, NULL, NULL, NULL, NULL, 3, 0, '2025-12-09 23:07:26', '2025-12-09 23:07:26'),
(3, 5, 28, 19, 24, NULL, NULL, NULL, NULL, 'in_person', 'completed', NULL, 'Showed property, buyer loved the kitchen', NULL, NULL, 'Beautiful home, love the open floor plan. Need to discuss with spouse.', 'interested', -5, 7, '2025-12-09 23:07:26', '2025-12-09 23:07:26'),
(4, 5, 29, 19, 23, NULL, NULL, NULL, NULL, 'virtual', 'requested', 'I am out of state, would like a video tour', NULL, NULL, NULL, NULL, NULL, 1, 0, '2025-12-09 23:07:26', '2025-12-09 23:07:26'),
(5, 5, 30, 20, 24, NULL, NULL, NULL, NULL, 'in_person', 'cancelled', NULL, NULL, NULL, NULL, NULL, NULL, -3, 5, '2025-12-09 23:07:26', '2025-12-09 23:07:26');

-- --------------------------------------------------------

--
-- Table structure for table `app_template_rides`
--

CREATE TABLE `app_template_rides` (
  `id` int NOT NULL,
  `template_id` int NOT NULL,
  `template_rider_id` int DEFAULT NULL,
  `template_driver_id` int DEFAULT NULL,
  `pickup_address` varchar(500) DEFAULT NULL,
  `pickup_latitude` decimal(10,8) DEFAULT NULL,
  `pickup_longitude` decimal(11,8) DEFAULT NULL,
  `destination_address` varchar(500) DEFAULT NULL,
  `destination_latitude` decimal(10,8) DEFAULT NULL,
  `destination_longitude` decimal(11,8) DEFAULT NULL,
  `ride_type` varchar(20) DEFAULT 'standard',
  `status` varchar(20) DEFAULT 'completed',
  `estimated_fare` decimal(10,2) DEFAULT NULL,
  `actual_fare` decimal(10,2) DEFAULT NULL,
  `created_at` timestamp NULL DEFAULT CURRENT_TIMESTAMP
) ENGINE=InnoDB DEFAULT CHARSET=utf8mb4 COLLATE=utf8mb4_0900_ai_ci;

--
-- Dumping data for table `app_template_rides`
--

INSERT INTO `app_template_rides` (`id`, `template_id`, `template_rider_id`, `template_driver_id`, `pickup_address`, `pickup_latitude`, `pickup_longitude`, `destination_address`, `destination_latitude`, `destination_longitude`, `ride_type`, `status`, `estimated_fare`, `actual_fare`, `created_at`) VALUES
(4, 11, 15, 17, '123 Main St, New York, NY', 40.71280000, -74.00600000, '456 Broadway, New York, NY', 40.75890000, -73.98510000, 'standard', 'completed', 15.50, 16.25, '2025-12-03 22:36:06'),
(5, 11, 15, 18, '789 Park Ave, New York, NY', 40.76490000, -73.97240000, 'JFK Airport, Queens, NY', 40.64130000, -73.77810000, 'premium', 'completed', 45.00, 52.75, '2025-12-03 22:36:06'),
(6, 11, 16, 17, 'Times Square, New York, NY', 40.75800000, -73.98550000, 'Central Park, New York, NY', 40.78290000, -73.96540000, 'standard', 'completed', 12.00, 11.50, '2025-12-03 22:36:06');

-- --------------------------------------------------------

--
-- Table structure for table `app_template_ride_pricing`
--

CREATE TABLE `app_template_ride_pricing` (
  `id` int NOT NULL,
  `template_id` int NOT NULL,
  `ride_type` varchar(20) NOT NULL,
  `base_fare` decimal(10,2) NOT NULL,
  `per_km_rate` decimal(10,2) NOT NULL,
  `per_minute_rate` decimal(10,2) NOT NULL,
  `minimum_fare` decimal(10,2) NOT NULL
) ENGINE=InnoDB DEFAULT CHARSET=utf8mb4 COLLATE=utf8mb4_0900_ai_ci;

--
-- Dumping data for table `app_template_ride_pricing`
--

INSERT INTO `app_template_ride_pricing` (`id`, `template_id`, `ride_type`, `base_fare`, `per_km_rate`, `per_minute_rate`, `minimum_fare`) VALUES
(1, 11, 'standard', 2.50, 1.50, 0.25, 5.00),
(2, 11, 'premium', 4.00, 2.25, 0.35, 8.00),
(3, 11, 'xl', 5.00, 2.50, 0.40, 10.00),
(4, 11, 'luxury', 10.00, 4.00, 0.60, 20.00);

-- --------------------------------------------------------

--
-- Table structure for table `app_template_roles`
--

CREATE TABLE `app_template_roles` (
  `id` int NOT NULL,
  `template_id` int NOT NULL,
  `name` varchar(100) NOT NULL,
  `display_name` varchar(100) NOT NULL,
  `description` text,
  `is_default` tinyint(1) DEFAULT '0',
  `created_at` timestamp NULL DEFAULT CURRENT_TIMESTAMP
) ENGINE=InnoDB DEFAULT CHARSET=utf8mb4 COLLATE=utf8mb4_0900_ai_ci;

--
-- Dumping data for table `app_template_roles`
--

INSERT INTO `app_template_roles` (`id`, `template_id`, `name`, `display_name`, `description`, `is_default`, `created_at`) VALUES
(21, 9, 'guest', 'Guest', 'Browse properties without booking - perfect for window shopping and research', 1, '2025-11-30 15:26:27'),
(22, 9, 'host', 'Host', 'List and manage properties, handle bookings, and communicate with guests', 0, '2025-11-30 15:26:27'),
(23, 9, 'renter', 'Renter', 'Book properties, manage reservations, and communicate with hosts', 0, '2025-11-30 15:26:27'),
(30, 11, 'rider', 'Rider', 'Passenger who requests rides', 1, '2025-12-03 22:36:06'),
(31, 11, 'driver', 'Driver', 'Driver who provides rides', 0, '2025-12-03 22:36:06'),
(32, 5, 'buyer', 'Buyer', 'Browse properties, save favorites, schedule showings, and submit inquiries', 1, '2025-12-09 19:41:43'),
(33, 5, 'seller', 'Seller', 'List properties for sale or rent, manage inquiries, and track interest', 0, '2025-12-09 19:41:43'),
(34, 5, 'agent', 'Agent', 'Real estate agent - manage listings, connect buyers and sellers, handle transactions', 0, '2025-12-09 19:41:43');

-- --------------------------------------------------------

--
-- Table structure for table `app_template_role_home_screens`
--

CREATE TABLE `app_template_role_home_screens` (
  `id` int NOT NULL,
  `template_role_id` int NOT NULL,
  `screen_id` int NOT NULL,
  `created_at` timestamp NULL DEFAULT CURRENT_TIMESTAMP
) ENGINE=InnoDB DEFAULT CHARSET=utf8mb4 COLLATE=utf8mb4_0900_ai_ci;

--
-- Dumping data for table `app_template_role_home_screens`
--

INSERT INTO `app_template_role_home_screens` (`id`, `template_role_id`, `screen_id`, `created_at`) VALUES
(2, 22, 131, '2025-11-30 15:27:45'),
(5, 30, 141, '2025-12-03 22:36:06'),
(6, 31, 147, '2025-12-03 22:36:06'),
(7, 23, 112, '2025-12-08 15:13:01'),
(8, 32, 112, '2025-12-09 19:41:44'),
(9, 33, 129, '2025-12-09 19:41:44'),
(10, 34, 131, '2025-12-09 19:41:44');

-- --------------------------------------------------------

--
-- Table structure for table `app_template_screens`
--

CREATE TABLE `app_template_screens` (
  `id` int NOT NULL,
  `template_id` int NOT NULL,
  `screen_id` int DEFAULT NULL,
  `screen_name` varchar(255) CHARACTER SET utf8mb4 COLLATE utf8mb4_unicode_ci NOT NULL,
  `screen_key` varchar(100) CHARACTER SET utf8mb4 COLLATE utf8mb4_unicode_ci NOT NULL,
  `screen_description` text CHARACTER SET utf8mb4 COLLATE utf8mb4_unicode_ci,
  `screen_icon` varchar(50) CHARACTER SET utf8mb4 COLLATE utf8mb4_unicode_ci DEFAULT 'Monitor',
  `screen_category` varchar(100) CHARACTER SET utf8mb4 COLLATE utf8mb4_unicode_ci DEFAULT NULL,
  `display_order` int DEFAULT '0',
  `is_published` tinyint(1) DEFAULT '1',
  `published_at` timestamp NULL DEFAULT NULL,
  `is_home_screen` tinyint(1) DEFAULT '0',
  `created_at` timestamp NULL DEFAULT CURRENT_TIMESTAMP
) ENGINE=InnoDB DEFAULT CHARSET=utf8mb4 COLLATE=utf8mb4_unicode_ci;

--
-- Dumping data for table `app_template_screens`
--

INSERT INTO `app_template_screens` (`id`, `template_id`, `screen_id`, `screen_name`, `screen_key`, `screen_description`, `screen_icon`, `screen_category`, `display_order`, `is_published`, `published_at`, `is_home_screen`, `created_at`) VALUES
(2, 1, NULL, 'Login Screen', 'login', 'User login', 'LogIn', 'Auth', 2, 1, NULL, 0, '2025-11-04 20:00:21'),
(4, 1, NULL, 'Email Verification', 'email_verification', 'Verify email address', 'Mail', 'Auth', 4, 1, NULL, 0, '2025-11-04 20:00:21'),
(5, 1, NULL, 'Forgot Password', 'forgot_password', 'Password recovery', 'Key', 'Auth', 5, 1, NULL, 0, '2025-11-04 20:00:21'),
(6, 1, NULL, 'Reset Password', 'reset_password', 'Reset user password', 'Lock', 'Auth', 6, 1, NULL, 0, '2025-11-04 20:00:21'),
(7, 1, NULL, 'Home', 'home', 'Main landing page with featured products', 'Home', 'Main', 7, 1, NULL, 1, '2025-11-04 20:00:21'),
(8, 1, NULL, 'Products', 'products', 'Browse all products', 'ShoppingCart', 'Main', 8, 1, NULL, 0, '2025-11-04 20:00:21'),
(9, 1, NULL, 'Product Details', 'product_details', 'Detailed product information', 'Package', 'Main', 9, 1, NULL, 0, '2025-11-04 20:00:21'),
(10, 1, NULL, 'Cart', 'cart', 'Shopping cart', 'ShoppingCart', 'Main', 10, 1, NULL, 0, '2025-11-04 20:00:21'),
(11, 1, NULL, 'Checkout', 'checkout', 'Order checkout and payment', 'CreditCard', 'Main', 11, 1, NULL, 0, '2025-11-04 20:00:21'),
(12, 1, NULL, 'Orders', 'orders', 'Order history', 'Package', 'Account', 12, 1, NULL, 0, '2025-11-04 20:00:21'),
(13, 1, NULL, 'User Profile', 'user_profile', 'View user profile', 'User', 'Account', 13, 1, NULL, 0, '2025-11-04 20:00:21'),
(14, 1, NULL, 'Edit Profile', 'edit_profile', 'Edit user profile', 'Edit', 'Account', 14, 1, NULL, 0, '2025-11-04 20:00:21'),
(15, 1, NULL, 'Notifications List', 'notifications', 'View notifications', 'Bell', 'Account', 15, 1, NULL, 0, '2025-11-04 20:00:21'),
(16, 1, NULL, 'Settings', 'settings', 'App settings', 'Settings', 'Account', 16, 1, NULL, 0, '2025-11-04 20:00:21'),
(17, 1, NULL, 'Privacy Policy', 'privacy_policy', 'Privacy policy', 'Shield', 'Legal', 17, 1, NULL, 0, '2025-11-04 20:00:21'),
(18, 1, NULL, 'Terms of Service', 'terms_of_service', 'Terms and conditions', 'FileText', 'Legal', 18, 1, NULL, 0, '2025-11-04 20:00:21'),
(22, 2, NULL, 'Login Screen', 'login', 'User login', 'LogIn', 'Auth', 2, 1, NULL, 0, '2025-11-04 20:00:21'),
(24, 2, NULL, 'Email Verification', 'email_verification', 'Verify email address', 'Mail', 'Auth', 4, 1, NULL, 0, '2025-11-04 20:00:21'),
(25, 2, NULL, 'Forgot Password', 'forgot_password', 'Password recovery', 'Key', 'Auth', 5, 1, NULL, 0, '2025-11-04 20:00:21'),
(26, 2, NULL, 'Reset Password', 'reset_password', 'Reset user password', 'Lock', 'Auth', 6, 1, NULL, 0, '2025-11-04 20:00:21'),
(27, 2, NULL, 'Feed', 'feed', 'Social media feed', 'Home', 'Main', 7, 1, NULL, 1, '2025-11-04 20:00:21'),
(28, 2, NULL, 'Search', 'search', 'Search users and posts', 'Search', 'Main', 8, 1, NULL, 0, '2025-11-04 20:00:21'),
(29, 2, NULL, 'Messages', 'messages', 'Direct messages', 'MessageSquare', 'Main', 9, 1, NULL, 0, '2025-11-04 20:00:21'),
(30, 2, NULL, 'User Profile', 'user_profile', 'View user profile', 'User', 'Account', 10, 1, NULL, 0, '2025-11-04 20:00:21'),
(31, 2, NULL, 'Edit Profile', 'edit_profile', 'Edit user profile', 'Edit', 'Account', 11, 1, NULL, 0, '2025-11-04 20:00:21'),
(32, 2, NULL, 'Notifications List', 'notifications', 'View notifications', 'Bell', 'Account', 12, 1, NULL, 0, '2025-11-04 20:00:21'),
(33, 2, NULL, 'Settings', 'settings', 'App settings', 'Settings', 'Account', 13, 1, NULL, 0, '2025-11-04 20:00:21'),
(34, 2, NULL, 'Privacy Policy', 'privacy_policy', 'Privacy policy', 'Shield', 'Legal', 14, 1, NULL, 0, '2025-11-04 20:00:21'),
(35, 2, NULL, 'Terms of Service', 'terms_of_service', 'Terms and conditions', 'FileText', 'Legal', 15, 1, NULL, 0, '2025-11-04 20:00:21'),
(39, 3, NULL, 'Login Screen', 'login', 'User login', 'LogIn', 'Auth', 2, 1, NULL, 0, '2025-11-04 20:00:21'),
(41, 3, NULL, 'Email Verification', 'email_verification', 'Verify email address', 'Mail', 'Auth', 4, 1, NULL, 0, '2025-11-04 20:00:21'),
(42, 3, NULL, 'Forgot Password', 'forgot_password', 'Password recovery', 'Key', 'Auth', 5, 1, NULL, 0, '2025-11-04 20:00:21'),
(43, 3, NULL, 'Reset Password', 'reset_password', 'Reset user password', 'Lock', 'Auth', 6, 1, NULL, 0, '2025-11-04 20:00:21'),
(44, 3, NULL, 'Home', 'home', 'Restaurant discovery', 'Home', 'Main', 7, 1, NULL, 1, '2025-11-04 20:00:21'),
(45, 3, NULL, 'Restaurant Menu', 'restaurant_menu', 'Browse restaurant menu', 'UtensilsCrossed', 'Main', 8, 1, NULL, 0, '2025-11-04 20:00:21'),
(46, 3, NULL, 'Cart', 'cart', 'Food cart', 'ShoppingCart', 'Main', 9, 1, NULL, 0, '2025-11-04 20:00:21'),
(47, 3, NULL, 'Checkout', 'checkout', 'Order checkout', 'CreditCard', 'Main', 10, 1, NULL, 0, '2025-11-04 20:00:21'),
(48, 3, NULL, 'Track Order', 'track_order', 'Live order tracking', 'MapPin', 'Main', 11, 1, NULL, 0, '2025-11-04 20:00:21'),
(49, 3, NULL, 'Order History', 'order_history', 'Past orders', 'Clock', 'Account', 12, 1, NULL, 0, '2025-11-04 20:00:21'),
(50, 3, NULL, 'User Profile', 'user_profile', 'View user profile', 'User', 'Account', 13, 1, NULL, 0, '2025-11-04 20:00:21'),
(51, 3, NULL, 'Edit Profile', 'edit_profile', 'Edit user profile', 'Edit', 'Account', 14, 1, NULL, 0, '2025-11-04 20:00:21'),
(52, 3, NULL, 'Notifications List', 'notifications', 'View notifications', 'Bell', 'Account', 15, 1, NULL, 0, '2025-11-04 20:00:21'),
(53, 3, NULL, 'Settings', 'settings', 'App settings', 'Settings', 'Account', 16, 1, NULL, 0, '2025-11-04 20:00:21'),
(54, 3, NULL, 'Privacy Policy', 'privacy_policy', 'Privacy policy', 'Shield', 'Legal', 17, 1, NULL, 0, '2025-11-04 20:00:21'),
(55, 3, NULL, 'Terms of Service', 'terms_of_service', 'Terms and conditions', 'FileText', 'Legal', 18, 1, NULL, 0, '2025-11-04 20:00:21'),
(59, 4, NULL, 'Login Screen', 'login', 'User login', 'LogIn', 'Auth', 2, 1, NULL, 0, '2025-11-04 20:00:21'),
(61, 4, NULL, 'Email Verification', 'email_verification', 'Verify email address', 'Mail', 'Auth', 4, 1, NULL, 0, '2025-11-04 20:00:21'),
(62, 4, NULL, 'Forgot Password', 'forgot_password', 'Password recovery', 'Key', 'Auth', 5, 1, NULL, 0, '2025-11-04 20:00:21'),
(63, 4, NULL, 'Reset Password', 'reset_password', 'Reset user password', 'Lock', 'Auth', 6, 1, NULL, 0, '2025-11-04 20:00:21'),
(64, 4, NULL, 'Dashboard', 'dashboard', 'Fitness dashboard', 'LayoutDashboard', 'Main', 7, 1, NULL, 1, '2025-11-04 20:00:21'),
(65, 4, NULL, 'Workouts', 'workouts', 'Workout library', 'Activity', 'Main', 8, 1, NULL, 0, '2025-11-04 20:00:21'),
(66, 4, NULL, 'Nutrition', 'nutrition', 'Meal tracking', 'Apple', 'Main', 9, 1, NULL, 0, '2025-11-04 20:00:21'),
(67, 4, NULL, 'Progress', 'progress', 'Track your progress', 'TrendingUp', 'Main', 10, 1, NULL, 0, '2025-11-04 20:00:21'),
(68, 4, NULL, 'User Profile', 'user_profile', 'View user profile', 'User', 'Account', 11, 1, NULL, 0, '2025-11-04 20:00:21'),
(69, 4, NULL, 'Edit Profile', 'edit_profile', 'Edit user profile', 'Edit', 'Account', 12, 1, NULL, 0, '2025-11-04 20:00:21'),
(70, 4, NULL, 'Notifications List', 'notifications', 'View notifications', 'Bell', 'Account', 13, 1, NULL, 0, '2025-11-04 20:00:21'),
(71, 4, NULL, 'Settings', 'settings', 'App settings', 'Settings', 'Account', 14, 1, NULL, 0, '2025-11-04 20:00:21'),
(72, 4, NULL, 'Privacy Policy', 'privacy_policy', 'Privacy policy', 'Shield', 'Legal', 15, 1, NULL, 0, '2025-11-04 20:00:21'),
(73, 4, NULL, 'Terms of Service', 'terms_of_service', 'Terms and conditions', 'FileText', 'Legal', 16, 1, NULL, 0, '2025-11-04 20:00:21'),
(77, 5, 18, 'Login Screen', 'login', 'User login', 'LogIn', 'Authentication', 2, 1, NULL, 0, '2025-11-04 20:00:21'),
(79, 5, 104, 'Email Verification', 'email_verification', 'Verify email address', 'Mail', 'Authentication', 4, 1, NULL, 0, '2025-11-04 20:00:21'),
(80, 5, 103, 'Forgot Password', 'forgot_password', 'Password recovery', 'Key', 'Authentication', 5, 1, NULL, 0, '2025-11-04 20:00:21'),
(82, 5, 112, 'Search Properties', 'home', 'Property search', 'Home', 'Search', 7, 1, NULL, 1, '2025-11-04 20:00:21'),
(83, 5, 96, 'Property Listings', 'property_listings', 'Browse properties', 'Building', 'Property', 8, 1, NULL, 0, '2025-11-04 20:00:21'),
(84, 5, 97, 'Property Details', 'property_details', 'Property information', 'Building2', 'Property', 9, 1, NULL, 0, '2025-11-04 20:00:21'),
(85, 5, 135, 'Favorites', 'favorites', 'Saved properties', 'Heart', 'Favorites', 10, 1, NULL, 0, '2025-11-04 20:00:21'),
(87, 5, 105, 'User Profile', 'user_profile', 'View user profile', 'User', 'Profile', 12, 1, NULL, 0, '2025-11-04 20:00:21'),
(88, 5, 106, 'Edit Profile', 'edit_profile', 'Edit user profile', 'Edit', 'Profile', 13, 1, NULL, 0, '2025-11-04 20:00:21'),
(89, 5, 107, 'Notifications List', 'notifications', 'View notifications', 'Bell', 'Notifications', 14, 1, NULL, 0, '2025-11-04 20:00:21'),
(91, 5, 110, 'Privacy Policy', 'privacy_policy', 'Privacy policy', 'Shield', 'Legal', 16, 1, NULL, 0, '2025-11-04 20:00:21'),
(92, 5, 111, 'Terms of Service', 'terms_of_service', 'Terms and conditions', 'FileText', 'Legal', 17, 1, NULL, 0, '2025-11-04 20:00:21'),
(115, 8, NULL, 'Account Dashboard', 'account_dashboard', 'Main dashboard showing account balance, recent transactions, and quick actions', 'LayoutDashboard', 'Finance', 1, 1, NULL, 1, '2025-11-06 15:47:20'),
(116, 8, NULL, 'Transaction History', 'transaction_history', 'Complete list of all account transactions with search and filter options', 'Receipt', 'Finance', 2, 1, NULL, 0, '2025-11-06 15:47:20'),
(117, 8, NULL, 'Transfer Money', 'transfer_money', 'Send money to another account or contact', 'Send', 'Finance', 3, 1, NULL, 0, '2025-11-06 15:47:20'),
(118, 8, NULL, 'Bill Payment', 'bill_payment', 'Pay utility bills, credit cards, and other recurring payments', 'FileText', 'Finance', 4, 1, NULL, 0, '2025-11-06 15:47:20'),
(119, 8, NULL, 'Cards Management', 'cards_management', 'Manage debit and credit cards, view limits, and control card settings', 'CreditCard', 'Finance', 5, 1, NULL, 0, '2025-11-06 15:47:20'),
(120, 8, NULL, 'Account Statements', 'account_statements', 'View and download monthly account statements', 'FileBarChart', 'Finance', 6, 1, NULL, 0, '2025-11-06 15:47:20'),
(127, 10, NULL, 'Video Feed', 'video_feed', 'Main feed showing recommended and trending videos', 'PlayCircle', 'Content', 1, 1, NULL, 1, '2025-11-06 15:54:53'),
(128, 10, NULL, 'Video Player', 'video_player', 'Full video player with controls, description, and engagement options', 'Play', 'Content', 2, 1, NULL, 0, '2025-11-06 15:54:53'),
(129, 10, NULL, 'Channel Page', 'channel_page', 'Channel profile with videos, playlists, and about information', 'Tv', 'Profile', 3, 1, NULL, 0, '2025-11-06 15:54:53'),
(130, 10, NULL, 'Comments', 'comments', 'View and post comments on videos', 'MessageSquare', 'Engagement', 4, 1, NULL, 0, '2025-11-06 15:54:53'),
(131, 10, NULL, 'Subscriptions', 'subscriptions', 'View videos from subscribed channels', 'Bell', 'Content', 5, 1, NULL, 0, '2025-11-06 15:54:53'),
(132, 10, NULL, 'Upload Video', 'upload_video', 'Upload and publish new videos to your channel', 'Upload', 'Content', 6, 1, NULL, 0, '2025-11-06 15:54:53'),
(133, 11, 141, 'Request Ride', 'request_ride', 'Main screen to request a ride with pickup and destination selection', 'MapPin', 'Booking', 1, 1, NULL, 1, '2025-11-06 19:32:16'),
(134, 11, 142, 'Ride Tracking', 'ride_tracking', 'Track your current ride in real-time with driver location and ETA', 'Navigation', 'Booking', 2, 1, NULL, 0, '2025-11-06 19:32:16'),
(135, 11, 143, 'Ride History', 'ride_history', 'View all past rides with details and receipts', 'History', 'Account', 3, 1, NULL, 0, '2025-11-06 19:32:16'),
(136, 11, 145, 'Payment Methods', 'payment_methods', 'Manage credit cards, debit cards, and digital wallets', 'CreditCard', 'Account', 4, 1, NULL, 0, '2025-11-06 19:32:16'),
(137, 11, 85, 'Driver Profile', 'driver_profile', 'View detailed driver information, ratings, and reviews', 'User', 'Booking', 5, 1, NULL, 0, '2025-11-06 19:32:16'),
(138, 11, 105, 'User Profile', 'user_profile', 'Manage your account settings, preferences, and personal information', 'Settings', 'Account', 6, 1, NULL, 0, '2025-11-06 19:32:16'),
(139, 12, NULL, 'Splash Screen', 'splash_screen', 'App logo and branding while loading', 'Zap', 'Onboarding', 1, 1, NULL, 0, '2025-11-07 15:14:42'),
(140, 12, NULL, 'Onboarding', 'onboarding', 'Tutorial slides introducing the app', 'BookOpen', 'Onboarding', 2, 1, NULL, 0, '2025-11-07 15:14:42'),
(141, 12, NULL, 'Login Screen', 'login', 'Email/username and password login', 'LogIn', 'Authentication', 3, 1, NULL, 0, '2025-11-07 15:14:42'),
(142, 12, NULL, 'Sign Up', 'sign_up', 'Create new account - choose role (Customer or Provider)', 'UserPlus', 'Authentication', 4, 1, NULL, 0, '2025-11-07 15:14:42'),
(143, 12, NULL, 'Email Verification', 'email_verification', 'Verify email with code', 'Mail', 'Authentication', 5, 1, NULL, 0, '2025-11-07 15:14:42'),
(144, 12, NULL, 'Profile Setup', 'profile_setup', 'Complete profile after signup - choose role and add details', 'UserPlus', 'Onboarding', 6, 1, NULL, 0, '2025-11-07 15:14:42'),
(145, 12, NULL, 'Service Dashboard', 'service_dashboard', 'Main dashboard showing services or requests based on user role', 'Home', 'Navigation', 7, 1, NULL, 1, '2025-11-07 15:14:42'),
(146, 12, NULL, 'Search Services', 'search_services', 'Search and filter service providers', 'Search', 'Discovery', 8, 1, NULL, 0, '2025-11-07 15:14:42'),
(147, 12, NULL, 'Service Categories', 'service_categories', 'Browse services by category', 'Grid', 'Discovery', 9, 1, NULL, 0, '2025-11-07 15:14:42'),
(148, 12, NULL, 'Service Provider Profile', 'provider_profile', 'View service provider details, ratings, and portfolio', 'User', 'Profile', 10, 1, NULL, 0, '2025-11-07 15:14:42'),
(149, 12, NULL, 'Service Details', 'service_details', 'Detailed view of a specific service offering', 'FileText', 'Content', 11, 1, NULL, 0, '2025-11-07 15:14:42'),
(150, 12, NULL, 'Request Service', 'request_service', 'Form to request a service from providers', 'MessageSquare', 'Booking', 12, 1, NULL, 0, '2025-11-07 15:14:42'),
(151, 12, NULL, 'Request Details', 'request_details', 'View service request with received quotes', 'Eye', 'Booking', 13, 1, NULL, 0, '2025-11-07 15:14:42'),
(152, 12, NULL, 'Send Quote', 'send_quote', 'Provider sends quote/proposal to customer', 'DollarSign', 'Booking', 14, 1, NULL, 0, '2025-11-07 15:14:42'),
(153, 12, NULL, 'Schedule Booking', 'schedule_booking', 'Pick date and time for service', 'Calendar', 'Booking', 15, 1, NULL, 0, '2025-11-07 15:14:42'),
(154, 12, NULL, 'Booking Confirmation', 'booking_confirmation', 'Confirm service booking details', 'CheckCircle', 'Booking', 16, 1, NULL, 0, '2025-11-07 15:14:42'),
(155, 12, NULL, 'Messages', 'messages', 'Direct messaging between customers and providers', 'MessageCircle', 'Communication', 17, 1, NULL, 0, '2025-11-07 15:14:42'),
(156, 12, NULL, 'Notifications', 'notifications', 'Job alerts, messages, and updates', 'Bell', 'Communication', 18, 1, NULL, 0, '2025-11-07 15:14:42'),
(157, 12, NULL, 'Active Jobs', 'active_jobs', 'View current ongoing services', 'Briefcase', 'Jobs', 19, 1, NULL, 0, '2025-11-07 15:14:42'),
(158, 12, NULL, 'Job Details', 'job_details', 'Detailed view of a specific job', 'FileText', 'Jobs', 20, 1, NULL, 0, '2025-11-07 15:14:42'),
(159, 12, NULL, 'Job History', 'job_history', 'View past completed jobs', 'Clock', 'Jobs', 21, 1, NULL, 0, '2025-11-07 15:14:42'),
(160, 12, NULL, 'Job Tracking', 'job_tracking', 'Track job progress and status', 'MapPin', 'Jobs', 22, 1, NULL, 0, '2025-11-07 15:14:42'),
(161, 12, NULL, 'Payment Methods', 'payment_methods', 'Manage saved payment methods', 'CreditCard', 'Payment', 23, 1, NULL, 0, '2025-11-07 15:14:42'),
(162, 12, NULL, 'Make Payment', 'make_payment', 'Pay for service', 'CreditCard', 'Payment', 24, 1, NULL, 0, '2025-11-07 15:14:42'),
(163, 12, NULL, 'Payment Confirmation', 'payment_confirmation', 'Payment receipt and confirmation', 'CheckCircle', 'Payment', 25, 1, NULL, 0, '2025-11-07 15:14:42'),
(164, 12, NULL, 'Earnings', 'earnings', 'View earnings and payout history', 'DollarSign', 'Payment', 26, 1, NULL, 0, '2025-11-07 15:14:42'),
(165, 12, NULL, 'Payout Settings', 'payout_settings', 'Configure bank account for payouts', 'Settings', 'Payment', 27, 1, NULL, 0, '2025-11-07 15:14:42'),
(166, 12, NULL, 'Write Review', 'write_review', 'Rate and review service provider', 'Star', 'Reviews', 28, 1, NULL, 0, '2025-11-07 15:14:42'),
(167, 12, NULL, 'Reviews', 'reviews_list', 'View all reviews for a provider', 'Star', 'Reviews', 29, 1, NULL, 0, '2025-11-07 15:14:42'),
(168, 12, NULL, 'User Profile', 'user_profile', 'View own profile', 'User', 'Profile', 30, 1, NULL, 0, '2025-11-07 15:14:42'),
(169, 12, NULL, 'Edit Profile', 'edit_profile', 'Update profile information', 'Edit', 'Profile', 31, 1, NULL, 0, '2025-11-07 15:14:42'),
(170, 12, NULL, 'Settings', 'settings', 'App preferences and account settings', 'Settings', 'Profile', 32, 1, NULL, 0, '2025-11-07 15:14:42'),
(171, 12, NULL, 'Become a Provider', 'become_provider', 'Switch from customer to service provider', 'UserPlus', 'Profile', 33, 1, NULL, 0, '2025-11-07 15:14:42'),
(172, 12, NULL, 'About Us', 'about_us', 'Company information', 'Info', 'Information', 34, 1, NULL, 0, '2025-11-07 15:14:42'),
(173, 12, NULL, 'Contact Us', 'contact_us', 'Contact form for support', 'Mail', 'Information', 35, 1, NULL, 0, '2025-11-07 15:14:42'),
(174, 12, NULL, 'Terms of Service', 'terms_of_service', 'Legal terms and conditions', 'FileText', 'Legal', 36, 1, NULL, 0, '2025-11-07 15:14:42'),
(175, 12, NULL, 'Privacy Policy', 'privacy_policy', 'Privacy policy and data usage', 'Shield', 'Legal', 37, 1, NULL, 0, '2025-11-07 15:14:42'),
(176, 13, NULL, 'Splash Screen', 'splash_screen', 'App logo and branding', 'Zap', 'Onboarding', 1, 1, NULL, 0, '2025-11-07 15:21:03'),
(177, 13, NULL, 'Onboarding', 'onboarding', 'Tutorial slides about sending money', 'BookOpen', 'Onboarding', 2, 1, NULL, 0, '2025-11-07 15:21:03'),
(178, 13, NULL, 'Login', 'login', 'Secure login with email/phone', 'LogIn', 'Authentication', 3, 1, NULL, 0, '2025-11-07 15:21:03'),
(179, 13, NULL, 'Sign Up', 'sign_up', 'Create new account', 'UserPlus', 'Authentication', 4, 1, NULL, 0, '2025-11-07 15:21:03'),
(180, 13, NULL, 'Phone Verification', 'phone_verification', 'Verify phone with OTP', 'Smartphone', 'Authentication', 5, 1, NULL, 0, '2025-11-07 15:21:03'),
(181, 13, NULL, 'Email Verification', 'email_verification', 'Verify email address', 'Mail', 'Authentication', 6, 1, NULL, 0, '2025-11-07 15:21:03'),
(182, 13, NULL, 'Home Dashboard', 'home_dashboard', 'Main screen with balance and quick actions', 'Home', 'Navigation', 7, 1, NULL, 1, '2025-11-07 15:21:03'),
(183, 13, NULL, 'Transaction History', 'transaction_history', 'List of all transactions', 'List', 'Transactions', 8, 1, NULL, 0, '2025-11-07 15:21:03'),
(184, 13, NULL, 'Transaction Details', 'transaction_details', 'Detailed view of a transaction', 'FileText', 'Transactions', 9, 1, NULL, 0, '2025-11-07 15:21:03'),
(185, 13, NULL, 'Send Money', 'send_money', 'Start money transfer - select recipient', 'Send', 'Transfer', 10, 1, NULL, 0, '2025-11-07 15:21:03'),
(186, 13, NULL, 'Select Recipient', 'select_recipient', 'Choose from saved recipients or add new', 'Users', 'Transfer', 11, 1, NULL, 0, '2025-11-07 15:21:03'),
(187, 13, NULL, 'Add Recipient', 'add_recipient', 'Add new recipient details', 'UserPlus', 'Transfer', 12, 1, NULL, 0, '2025-11-07 15:21:03'),
(188, 13, NULL, 'Enter Amount', 'enter_amount', 'Enter transfer amount and select currency', 'DollarSign', 'Transfer', 13, 1, NULL, 0, '2025-11-07 15:21:03'),
(189, 13, NULL, 'Select Currency', 'select_currency', 'Choose sending and receiving currency', 'Globe', 'Transfer', 14, 1, NULL, 0, '2025-11-07 15:21:03'),
(190, 13, NULL, 'Review Transfer', 'review_transfer', 'Review transfer details and fees', 'Eye', 'Transfer', 15, 1, NULL, 0, '2025-11-07 15:21:03'),
(191, 13, NULL, 'Payment Method', 'payment_method', 'Choose payment method', 'CreditCard', 'Transfer', 16, 1, NULL, 0, '2025-11-07 15:21:03'),
(192, 13, NULL, 'Transfer Confirmation', 'transfer_confirmation', 'Transfer successful confirmation', 'CheckCircle', 'Transfer', 17, 1, NULL, 0, '2025-11-07 15:21:03'),
(193, 13, NULL, 'Recipients List', 'recipients_list', 'Manage saved recipients', 'Users', 'Recipients', 18, 1, NULL, 0, '2025-11-07 15:21:03'),
(194, 13, NULL, 'Recipient Details', 'recipient_details', 'View recipient information', 'User', 'Recipients', 19, 1, NULL, 0, '2025-11-07 15:21:03'),
(195, 13, NULL, 'Edit Recipient', 'edit_recipient', 'Update recipient details', 'Edit', 'Recipients', 20, 1, NULL, 0, '2025-11-07 15:21:03'),
(196, 13, NULL, 'Wallet', 'wallet', 'View balance and manage funds', 'Wallet', 'Wallet', 21, 1, NULL, 0, '2025-11-07 15:21:03'),
(197, 13, NULL, 'Add Funds', 'add_funds', 'Top up wallet balance', 'Plus', 'Wallet', 22, 1, NULL, 0, '2025-11-07 15:21:03'),
(198, 13, NULL, 'Withdraw Funds', 'withdraw_funds', 'Cash out to bank account', 'Minus', 'Wallet', 23, 1, NULL, 0, '2025-11-07 15:21:03'),
(199, 13, NULL, 'Payment Methods', 'payment_methods', 'Manage cards and bank accounts', 'CreditCard', 'Payment', 24, 1, NULL, 0, '2025-11-07 15:21:03'),
(200, 13, NULL, 'Add Payment Method', 'add_payment_method', 'Link new card or bank', 'Plus', 'Payment', 25, 1, NULL, 0, '2025-11-07 15:21:03'),
(201, 13, NULL, 'Bank Accounts', 'bank_accounts', 'Linked bank accounts', 'Building', 'Payment', 26, 1, NULL, 0, '2025-11-07 15:21:03'),
(202, 13, NULL, 'Add Bank Account', 'add_bank_account', 'Link bank account', 'Plus', 'Payment', 27, 1, NULL, 0, '2025-11-07 15:21:03'),
(203, 13, NULL, 'Exchange Rates', 'exchange_rates', 'View current exchange rates', 'TrendingUp', 'Rates', 28, 1, NULL, 0, '2025-11-07 15:21:03'),
(204, 13, NULL, 'Rate Alerts', 'rate_alerts', 'Set alerts for favorable rates', 'Bell', 'Rates', 29, 1, NULL, 0, '2025-11-07 15:21:03'),
(205, 13, NULL, 'Fee Calculator', 'fee_calculator', 'Calculate transfer fees', 'Calculator', 'Rates', 30, 1, NULL, 0, '2025-11-07 15:21:03'),
(206, 13, NULL, 'Identity Verification', 'identity_verification', 'Verify identity with documents', 'Shield', 'Security', 31, 1, NULL, 0, '2025-11-07 15:21:03'),
(207, 13, NULL, 'Upload Documents', 'upload_documents', 'Upload ID and proof of address', 'Upload', 'Security', 32, 1, NULL, 0, '2025-11-07 15:21:03'),
(208, 13, NULL, 'Two-Factor Authentication', 'two_factor_auth', 'Enable 2FA for security', 'Lock', 'Security', 33, 1, NULL, 0, '2025-11-07 15:21:03'),
(209, 13, NULL, 'Security Settings', 'security_settings', 'Manage security preferences', 'Shield', 'Security', 34, 1, NULL, 0, '2025-11-07 15:21:03'),
(210, 13, NULL, 'Transaction PIN', 'transaction_pin', 'Set PIN for transactions', 'Key', 'Security', 35, 1, NULL, 0, '2025-11-07 15:21:03'),
(211, 13, NULL, 'Profile', 'profile', 'View user profile', 'User', 'Profile', 36, 1, NULL, 0, '2025-11-07 15:21:03'),
(212, 13, NULL, 'Edit Profile', 'edit_profile', 'Update profile information', 'Edit', 'Profile', 37, 1, NULL, 0, '2025-11-07 15:21:03'),
(213, 13, NULL, 'Settings', 'settings', 'App settings and preferences', 'Settings', 'Settings', 38, 1, NULL, 0, '2025-11-07 15:21:03'),
(214, 13, NULL, 'Notifications Settings', 'notifications_settings', 'Manage notification preferences', 'Bell', 'Settings', 39, 1, NULL, 0, '2025-11-07 15:21:03'),
(215, 13, NULL, 'Language & Currency', 'language_currency', 'Set preferred language and currency', 'Globe', 'Settings', 40, 1, NULL, 0, '2025-11-07 15:21:03'),
(216, 13, NULL, 'Change Password', 'change_password', 'Update account password', 'Lock', 'Settings', 41, 1, NULL, 0, '2025-11-07 15:21:03'),
(217, 13, NULL, 'Help Center', 'help_center', 'FAQ and support articles', 'HelpCircle', 'Support', 42, 1, NULL, 0, '2025-11-07 15:21:03'),
(218, 13, NULL, 'Contact Support', 'contact_support', 'Get help from support team', 'MessageCircle', 'Support', 43, 1, NULL, 0, '2025-11-07 15:21:03'),
(219, 13, NULL, 'Live Chat', 'live_chat', 'Chat with support agent', 'MessageSquare', 'Support', 44, 1, NULL, 0, '2025-11-07 15:21:03'),
(220, 13, NULL, 'Report Issue', 'report_issue', 'Report a problem', 'AlertCircle', 'Support', 45, 1, NULL, 0, '2025-11-07 15:21:03'),
(221, 13, NULL, 'Transaction Dispute', 'transaction_dispute', 'Dispute a transaction', 'AlertTriangle', 'Support', 46, 1, NULL, 0, '2025-11-07 15:21:03'),
(222, 13, NULL, 'Notifications', 'notifications', 'All notifications and alerts', 'Bell', 'Notifications', 47, 1, NULL, 0, '2025-11-07 15:21:03'),
(223, 13, NULL, 'Activity Log', 'activity_log', 'Account activity history', 'Activity', 'Notifications', 48, 1, NULL, 0, '2025-11-07 15:21:03'),
(224, 13, NULL, 'Referral Program', 'referral_program', 'Invite friends and earn rewards', 'Gift', 'Rewards', 49, 1, NULL, 0, '2025-11-07 15:21:03'),
(225, 13, NULL, 'Rewards', 'rewards', 'View earned rewards and bonuses', 'Award', 'Rewards', 50, 1, NULL, 0, '2025-11-07 15:21:03'),
(226, 13, NULL, 'Promo Codes', 'promo_codes', 'Enter promotional codes', 'Tag', 'Rewards', 51, 1, NULL, 0, '2025-11-07 15:21:03'),
(227, 13, NULL, 'About Us', 'about_us', 'Company information', 'Info', 'Information', 52, 1, NULL, 0, '2025-11-07 15:21:03'),
(228, 13, NULL, 'Terms of Service', 'terms_of_service', 'Legal terms and conditions', 'FileText', 'Legal', 53, 1, NULL, 0, '2025-11-07 15:21:03'),
(229, 13, NULL, 'Privacy Policy', 'privacy_policy', 'Privacy policy and data usage', 'Shield', 'Legal', 54, 1, NULL, 0, '2025-11-07 15:21:03'),
(230, 13, NULL, 'Compliance', 'compliance', 'Regulatory compliance information', 'CheckSquare', 'Legal', 55, 1, NULL, 0, '2025-11-07 15:21:03'),
(231, 1, NULL, 'Splash Screen', 'splash_screen', 'App logo and branding', 'Zap', 'Onboarding', 0, 1, NULL, 0, '2025-11-07 15:30:52'),
(232, 1, NULL, 'Sign Up', 'sign_up', 'Create new account', 'UserPlus', 'Authentication', 4, 1, NULL, 0, '2025-11-07 15:30:52'),
(233, 1, NULL, 'Contact Us', 'contact_us', 'Contact form', 'Mail', 'Information', 100, 1, NULL, 0, '2025-11-07 15:30:52'),
(234, 1, NULL, 'About Us', 'about_us', 'Company information', 'Info', 'Information', 101, 1, NULL, 0, '2025-11-07 15:30:52'),
(235, 2, NULL, 'Splash Screen', 'splash_screen', 'App logo and branding', 'Zap', 'Onboarding', 0, 1, NULL, 0, '2025-11-07 15:30:52'),
(236, 2, NULL, 'Sign Up', 'sign_up', 'Create new account', 'UserPlus', 'Authentication', 4, 1, NULL, 0, '2025-11-07 15:30:52'),
(237, 2, NULL, 'Contact Us', 'contact_us', 'Contact form', 'Mail', 'Information', 100, 1, NULL, 0, '2025-11-07 15:30:52'),
(238, 2, NULL, 'About Us', 'about_us', 'Company information', 'Info', 'Information', 101, 1, NULL, 0, '2025-11-07 15:30:52'),
(239, 3, NULL, 'Splash Screen', 'splash_screen', 'App logo and branding', 'Zap', 'Onboarding', 0, 1, NULL, 0, '2025-11-07 15:30:52'),
(240, 3, NULL, 'Sign Up', 'sign_up', 'Create new account', 'UserPlus', 'Authentication', 4, 1, NULL, 0, '2025-11-07 15:30:52'),
(241, 3, NULL, 'Contact Us', 'contact_us', 'Contact form', 'Mail', 'Information', 100, 1, NULL, 0, '2025-11-07 15:30:52'),
(242, 3, NULL, 'About Us', 'about_us', 'Company information', 'Info', 'Information', 101, 1, NULL, 0, '2025-11-07 15:30:52'),
(243, 4, NULL, 'Splash Screen', 'splash_screen', 'App logo and branding', 'Zap', 'Onboarding', 0, 1, NULL, 0, '2025-11-07 15:30:52'),
(244, 4, NULL, 'Sign Up', 'sign_up', 'Create new account', 'UserPlus', 'Authentication', 4, 1, NULL, 0, '2025-11-07 15:30:52'),
(245, 4, NULL, 'Contact Us', 'contact_us', 'Contact form', 'Mail', 'Information', 100, 1, NULL, 0, '2025-11-07 15:30:52'),
(246, 4, NULL, 'About Us', 'about_us', 'Company information', 'Info', 'Information', 101, 1, NULL, 0, '2025-11-07 15:30:52'),
(247, 5, 101, 'Splash Screen', 'splash_screen', 'App logo and branding', 'Zap', 'Onboarding', 0, 1, NULL, 0, '2025-11-07 15:30:52'),
(248, 5, 102, 'Sign Up', 'sign_up', 'Create new account', 'UserPlus', 'Authentication', 4, 1, NULL, 0, '2025-11-07 15:30:52'),
(249, 5, 108, 'Contact Us', 'contact_us', 'Contact form', 'Mail', 'Information', 100, 1, NULL, 0, '2025-11-07 15:30:52'),
(250, 5, 109, 'About Us', 'about_us', 'Company information', 'Info', 'Information', 101, 1, NULL, 0, '2025-11-07 15:30:52'),
(251, 8, NULL, 'Splash Screen', 'splash_screen', 'App logo', 'Zap', 'Onboarding', 0, 1, NULL, 0, '2025-11-07 15:30:52'),
(252, 8, NULL, 'Login', 'login', 'Login screen', 'LogIn', 'Authentication', 1, 1, NULL, 0, '2025-11-07 15:30:52'),
(253, 8, NULL, 'Sign Up', 'sign_up', 'Create account', 'UserPlus', 'Authentication', 2, 1, NULL, 0, '2025-11-07 15:30:52'),
(254, 8, NULL, 'Forgot Password', 'forgot_password', 'Reset password', 'Key', 'Authentication', 3, 1, NULL, 0, '2025-11-07 15:30:52'),
(255, 8, NULL, 'Email Verification', 'email_verification', 'Verify email', 'Mail', 'Authentication', 4, 1, NULL, 0, '2025-11-07 15:30:52'),
(256, 8, NULL, 'User Profile', 'user_profile', 'View profile', 'User', 'Profile', 50, 1, NULL, 0, '2025-11-07 15:30:52'),
(257, 8, NULL, 'Edit Profile', 'edit_profile', 'Edit profile', 'Edit', 'Profile', 51, 1, NULL, 0, '2025-11-07 15:30:52'),
(258, 8, NULL, 'Notifications', 'notifications', 'Notifications', 'Bell', 'Notifications', 60, 1, NULL, 0, '2025-11-07 15:30:52'),
(259, 8, NULL, 'Contact Us', 'contact_us', 'Contact form', 'Mail', 'Information', 100, 1, NULL, 0, '2025-11-07 15:30:52'),
(260, 8, NULL, 'About Us', 'about_us', 'About', 'Info', 'Information', 101, 1, NULL, 0, '2025-11-07 15:30:52'),
(261, 8, NULL, 'Privacy Policy', 'privacy_policy', 'Privacy', 'Shield', 'Legal', 102, 1, NULL, 0, '2025-11-07 15:30:52'),
(262, 8, NULL, 'Terms of Service', 'terms_of_service', 'Terms', 'FileText', 'Legal', 103, 1, NULL, 0, '2025-11-07 15:30:52'),
(275, 10, NULL, 'Splash Screen', 'splash_screen', 'App logo', 'Zap', 'Onboarding', 0, 1, NULL, 0, '2025-11-07 15:30:52'),
(276, 10, NULL, 'Login', 'login', 'Login screen', 'LogIn', 'Authentication', 1, 1, NULL, 0, '2025-11-07 15:30:52'),
(277, 10, NULL, 'Sign Up', 'sign_up', 'Create account', 'UserPlus', 'Authentication', 2, 1, NULL, 0, '2025-11-07 15:30:52'),
(278, 10, NULL, 'Forgot Password', 'forgot_password', 'Reset password', 'Key', 'Authentication', 3, 1, NULL, 0, '2025-11-07 15:30:52'),
(279, 10, NULL, 'Email Verification', 'email_verification', 'Verify email', 'Mail', 'Authentication', 4, 1, NULL, 0, '2025-11-07 15:30:52'),
(280, 10, NULL, 'User Profile', 'user_profile', 'View profile', 'User', 'Profile', 50, 1, NULL, 0, '2025-11-07 15:30:52'),
(281, 10, NULL, 'Edit Profile', 'edit_profile', 'Edit profile', 'Edit', 'Profile', 51, 1, NULL, 0, '2025-11-07 15:30:52'),
(282, 10, NULL, 'Notifications', 'notifications', 'Notifications', 'Bell', 'Notifications', 60, 1, NULL, 0, '2025-11-07 15:30:52'),
(283, 10, NULL, 'Contact Us', 'contact_us', 'Contact form', 'Mail', 'Information', 100, 1, NULL, 0, '2025-11-07 15:30:52'),
(284, 10, NULL, 'About Us', 'about_us', 'About', 'Info', 'Information', 101, 1, NULL, 0, '2025-11-07 15:30:52'),
(285, 10, NULL, 'Privacy Policy', 'privacy_policy', 'Privacy', 'Shield', 'Legal', 102, 1, NULL, 0, '2025-11-07 15:30:52'),
(286, 10, NULL, 'Terms of Service', 'terms_of_service', 'Terms', 'FileText', 'Legal', 103, 1, NULL, 0, '2025-11-07 15:30:52'),
(287, 11, 101, 'Splash Screen', 'splash_screen', 'App logo', 'Zap', 'Onboarding', 0, 1, NULL, 0, '2025-11-07 15:30:52'),
(288, 11, 18, 'Login', 'login', 'Login screen', 'LogIn', 'Authentication', 1, 1, NULL, 0, '2025-11-07 15:30:52'),
(289, 11, 102, 'Sign Up', 'sign_up', 'Create account', 'UserPlus', 'Authentication', 2, 1, NULL, 0, '2025-11-07 15:30:52'),
(290, 11, 103, 'Forgot Password', 'forgot_password', 'Reset password', 'Key', 'Authentication', 3, 1, NULL, 0, '2025-11-07 15:30:52'),
(291, 11, 104, 'Email Verification', 'email_verification', 'Verify email', 'Mail', 'Authentication', 4, 1, NULL, 0, '2025-11-07 15:30:52'),
(292, 11, 106, 'Edit Profile', 'edit_profile', 'Edit profile', 'Edit', 'Profile', 51, 1, NULL, 0, '2025-11-07 15:30:52'),
(293, 11, 107, 'Notifications', 'notifications', 'Notifications', 'Bell', 'Notifications', 60, 1, NULL, 0, '2025-11-07 15:30:52'),
(294, 11, 108, 'Contact Us', 'contact_us', 'Contact form', 'Mail', 'Information', 100, 1, NULL, 0, '2025-11-07 15:30:52'),
(295, 11, 109, 'About Us', 'about_us', 'About', 'Info', 'Information', 101, 1, NULL, 0, '2025-11-07 15:30:52'),
(296, 11, 110, 'Privacy Policy', 'privacy_policy', 'Privacy', 'Shield', 'Legal', 102, 1, NULL, 0, '2025-11-07 15:30:52'),
(297, 11, 111, 'Terms of Service', 'terms_of_service', 'Terms', 'FileText', 'Legal', 103, 1, NULL, 0, '2025-11-07 15:30:52'),
(298, 12, NULL, 'Forgot Password', 'forgot_password', 'Reset password', 'Key', 'Authentication', 3, 1, NULL, 0, '2025-11-07 15:30:52'),
(299, 13, NULL, 'Forgot Password', 'forgot_password', 'Reset password', 'Key', 'Authentication', 3, 1, NULL, 0, '2025-11-07 15:30:52'),
(300, 13, NULL, 'Contact Us', 'contact_us', 'Contact form', 'Mail', 'Information', 100, 1, NULL, 0, '2025-11-07 15:30:52'),
(301, 14, NULL, 'Splash Screen', 'splash_screen', 'App logo and branding', 'Zap', 'Onboarding', 1, 1, NULL, 0, '2025-11-07 18:21:45'),
(302, 14, NULL, 'Onboarding', 'onboarding', 'Health app introduction', 'BookOpen', 'Onboarding', 2, 1, NULL, 0, '2025-11-07 18:21:45'),
(303, 14, NULL, 'Login', 'login', 'Secure login', 'LogIn', 'Authentication', 3, 1, NULL, 0, '2025-11-07 18:21:45'),
(304, 14, NULL, 'Sign Up', 'sign_up', 'Create account', 'UserPlus', 'Authentication', 4, 1, NULL, 0, '2025-11-07 18:21:45'),
(305, 14, NULL, 'Forgot Password', 'forgot_password', 'Password recovery', 'Key', 'Authentication', 5, 1, NULL, 0, '2025-11-07 18:21:45'),
(306, 14, NULL, 'Email Verification', 'email_verification', 'Verify email', 'Mail', 'Authentication', 6, 1, NULL, 0, '2025-11-07 18:21:45'),
(307, 14, NULL, 'Health Dashboard', 'health_dashboard', 'Main health overview with vitals and appointments', 'Activity', 'Navigation', 7, 1, NULL, 1, '2025-11-07 18:21:45'),
(308, 14, NULL, 'Find Doctor', 'find_doctor', 'Search for healthcare providers', 'Search', 'Appointments', 8, 1, NULL, 0, '2025-11-07 18:21:45'),
(309, 14, NULL, 'Doctor Profile', 'doctor_profile', 'View doctor details and reviews', 'User', 'Appointments', 9, 1, NULL, 0, '2025-11-07 18:21:45'),
(310, 14, NULL, 'Book Appointment', 'book_appointment', 'Schedule appointment with doctor', 'Calendar', 'Appointments', 10, 1, NULL, 0, '2025-11-07 18:21:45'),
(311, 14, NULL, 'Appointment Confirmation', 'appointment_confirmation', 'Booking confirmation', 'CheckCircle', 'Appointments', 11, 1, NULL, 0, '2025-11-07 18:21:45'),
(312, 14, NULL, 'My Appointments', 'my_appointments', 'List of upcoming and past appointments', 'List', 'Appointments', 12, 1, NULL, 0, '2025-11-07 18:21:45'),
(313, 14, NULL, 'Appointment Details', 'appointment_details', 'Detailed appointment information', 'FileText', 'Appointments', 13, 1, NULL, 0, '2025-11-07 18:21:45'),
(314, 14, NULL, 'Reschedule Appointment', 'reschedule_appointment', 'Change appointment time', 'Clock', 'Appointments', 14, 1, NULL, 0, '2025-11-07 18:21:45'),
(315, 14, NULL, 'Video Consultation', 'video_consultation', 'Live video call with doctor', 'Video', 'Telemedicine', 15, 1, NULL, 0, '2025-11-07 18:21:45'),
(316, 14, NULL, 'Waiting Room', 'waiting_room', 'Virtual waiting room', 'Clock', 'Telemedicine', 16, 1, NULL, 0, '2025-11-07 18:21:45'),
(317, 14, NULL, 'Chat with Doctor', 'chat_with_doctor', 'Text messaging with provider', 'MessageCircle', 'Telemedicine', 17, 1, NULL, 0, '2025-11-07 18:21:45'),
(318, 14, NULL, 'Consultation Summary', 'consultation_summary', 'Post-consultation notes', 'FileText', 'Telemedicine', 18, 1, NULL, 0, '2025-11-07 18:21:45'),
(319, 14, NULL, 'Medical Records', 'medical_records', 'View health records', 'Folder', 'Records', 19, 1, NULL, 0, '2025-11-07 18:21:45'),
(320, 14, NULL, 'Lab Results', 'lab_results', 'View test results', 'Activity', 'Records', 20, 1, NULL, 0, '2025-11-07 18:21:45'),
(321, 14, NULL, 'Prescriptions', 'prescriptions', 'View and refill prescriptions', 'Pill', 'Records', 21, 1, NULL, 0, '2025-11-07 18:21:45'),
(322, 14, NULL, 'Immunization Records', 'immunization_records', 'Vaccination history', 'Shield', 'Records', 22, 1, NULL, 0, '2025-11-07 18:21:45'),
(323, 14, NULL, 'Allergies', 'allergies', 'Manage allergy information', 'AlertTriangle', 'Records', 23, 1, NULL, 0, '2025-11-07 18:21:45'),
(324, 14, NULL, 'Medical History', 'medical_history', 'Past conditions and treatments', 'Clock', 'Records', 24, 1, NULL, 0, '2025-11-07 18:21:45'),
(325, 14, NULL, 'Health Metrics', 'health_metrics', 'Track vital signs', 'TrendingUp', 'Tracking', 25, 1, NULL, 0, '2025-11-07 18:21:45'),
(326, 14, NULL, 'Blood Pressure Log', 'blood_pressure_log', 'Record blood pressure', 'Activity', 'Tracking', 26, 1, NULL, 0, '2025-11-07 18:21:45'),
(327, 14, NULL, 'Blood Glucose Log', 'blood_glucose_log', 'Track blood sugar', 'Droplet', 'Tracking', 27, 1, NULL, 0, '2025-11-07 18:21:45'),
(328, 14, NULL, 'Weight Tracker', 'weight_tracker', 'Monitor weight changes', 'TrendingUp', 'Tracking', 28, 1, NULL, 0, '2025-11-07 18:21:45'),
(329, 14, NULL, 'Medication Tracker', 'medication_tracker', 'Track medication intake', 'Pill', 'Tracking', 29, 1, NULL, 0, '2025-11-07 18:21:45'),
(330, 14, NULL, 'Symptom Checker', 'symptom_checker', 'Check symptoms', 'Search', 'Tracking', 30, 1, NULL, 0, '2025-11-07 18:21:45'),
(331, 14, NULL, 'Health Goals', 'health_goals', 'Set and track health goals', 'Target', 'Tracking', 31, 1, NULL, 0, '2025-11-07 18:21:45'),
(332, 14, NULL, 'Activity Log', 'activity_log', 'Track physical activity', 'Activity', 'Tracking', 32, 1, NULL, 0, '2025-11-07 18:21:45'),
(333, 14, NULL, 'Pharmacy Locator', 'pharmacy_locator', 'Find nearby pharmacies', 'MapPin', 'Pharmacy', 33, 1, NULL, 0, '2025-11-07 18:21:45'),
(334, 14, NULL, 'Order Medication', 'order_medication', 'Order prescription refills', 'ShoppingCart', 'Pharmacy', 34, 1, NULL, 0, '2025-11-07 18:21:45'),
(335, 14, NULL, 'Medication Reminders', 'medication_reminders', 'Set pill reminders', 'Bell', 'Pharmacy', 35, 1, NULL, 0, '2025-11-07 18:21:45'),
(336, 14, NULL, 'Pharmacy Orders', 'pharmacy_orders', 'Track medication orders', 'Package', 'Pharmacy', 36, 1, NULL, 0, '2025-11-07 18:21:45'),
(337, 14, NULL, 'Insurance Information', 'insurance_information', 'Manage insurance details', 'CreditCard', 'Insurance', 37, 1, NULL, 0, '2025-11-07 18:21:45'),
(338, 14, NULL, 'Insurance Card', 'insurance_card', 'Digital insurance card', 'CreditCard', 'Insurance', 38, 1, NULL, 0, '2025-11-07 18:21:45'),
(339, 14, NULL, 'Bills & Payments', 'bills_payments', 'View and pay medical bills', 'DollarSign', 'Insurance', 39, 1, NULL, 0, '2025-11-07 18:21:45'),
(340, 14, NULL, 'Payment Methods', 'payment_methods', 'Manage payment options', 'CreditCard', 'Insurance', 40, 1, NULL, 0, '2025-11-07 18:21:45'),
(341, 14, NULL, 'Claims History', 'claims_history', 'View insurance claims', 'FileText', 'Insurance', 41, 1, NULL, 0, '2025-11-07 18:21:45'),
(342, 14, NULL, 'Family Members', 'family_members', 'Manage family profiles', 'Users', 'Family', 42, 1, NULL, 0, '2025-11-07 18:21:45'),
(343, 14, NULL, 'Add Family Member', 'add_family_member', 'Add dependent', 'UserPlus', 'Family', 43, 1, NULL, 0, '2025-11-07 18:21:45'),
(344, 14, NULL, 'Switch Profile', 'switch_profile', 'Switch between family members', 'RefreshCw', 'Family', 44, 1, NULL, 0, '2025-11-07 18:21:45'),
(345, 14, NULL, 'Notifications', 'notifications', 'Health alerts and reminders', 'Bell', 'Notifications', 45, 1, NULL, 0, '2025-11-07 18:21:45'),
(346, 14, NULL, 'Appointment Reminders', 'appointment_reminders', 'Upcoming appointment alerts', 'Clock', 'Notifications', 46, 1, NULL, 0, '2025-11-07 18:21:45'),
(347, 14, NULL, 'User Profile', 'user_profile', 'View profile', 'User', 'Profile', 47, 1, NULL, 0, '2025-11-07 18:21:45'),
(348, 14, NULL, 'Edit Profile', 'edit_profile', 'Update personal information', 'Edit', 'Profile', 48, 1, NULL, 0, '2025-11-07 18:21:45'),
(349, 14, NULL, 'Settings', 'settings', 'App preferences', 'Settings', 'Settings', 49, 1, NULL, 0, '2025-11-07 18:21:45'),
(350, 14, NULL, 'Privacy Settings', 'privacy_settings', 'Health data privacy', 'Lock', 'Settings', 50, 1, NULL, 0, '2025-11-07 18:21:45'),
(351, 14, NULL, 'Help Center', 'help_center', 'FAQ and support', 'HelpCircle', 'Support', 51, 1, NULL, 0, '2025-11-07 18:21:45'),
(352, 14, NULL, 'Contact Support', 'contact_us', 'Contact customer support', 'Mail', 'Support', 52, 1, NULL, 0, '2025-11-07 18:21:45'),
(353, 14, NULL, 'About Us', 'about_us', 'App information', 'Info', 'Information', 53, 1, NULL, 0, '2025-11-07 18:21:45'),
(354, 14, NULL, 'Terms of Service', 'terms_of_service', 'Legal terms', 'FileText', 'Legal', 54, 1, NULL, 0, '2025-11-07 18:21:45'),
(355, 14, NULL, 'Privacy Policy', 'privacy_policy', 'Privacy policy', 'Shield', 'Legal', 55, 1, NULL, 0, '2025-11-07 18:21:45'),
(356, 15, NULL, 'Splash Screen', 'splash_screen', 'App logo and branding', 'Zap', 'Onboarding', 1, 1, NULL, 0, '2025-11-07 18:21:53'),
(357, 15, NULL, 'Onboarding', 'onboarding', 'Learning platform introduction', 'BookOpen', 'Onboarding', 2, 1, NULL, 0, '2025-11-07 18:21:53'),
(358, 15, NULL, 'Login', 'login', 'User login', 'LogIn', 'Authentication', 3, 1, NULL, 0, '2025-11-07 18:21:53'),
(359, 15, NULL, 'Sign Up', 'sign_up', 'Create account', 'UserPlus', 'Authentication', 4, 1, NULL, 0, '2025-11-07 18:21:53'),
(360, 15, NULL, 'Forgot Password', 'forgot_password', 'Password recovery', 'Key', 'Authentication', 5, 1, NULL, 0, '2025-11-07 18:21:53'),
(361, 15, NULL, 'Email Verification', 'email_verification', 'Verify email', 'Mail', 'Authentication', 6, 1, NULL, 0, '2025-11-07 18:21:53'),
(362, 15, NULL, 'Home Dashboard', 'home_dashboard', 'Main learning dashboard', 'Home', 'Navigation', 7, 1, NULL, 1, '2025-11-07 18:21:53'),
(363, 15, NULL, 'Search', 'search', 'Search courses and content', 'Search', 'Navigation', 8, 1, NULL, 0, '2025-11-07 18:21:53'),
(364, 15, NULL, 'Browse Courses', 'browse_courses', 'Explore available courses', 'Grid', 'Discovery', 9, 1, NULL, 0, '2025-11-07 18:21:53'),
(365, 15, NULL, 'Course Categories', 'course_categories', 'Browse by category', 'Folder', 'Discovery', 10, 1, NULL, 0, '2025-11-07 18:21:53'),
(366, 15, NULL, 'Featured Courses', 'featured_courses', 'Highlighted courses', 'Star', 'Discovery', 11, 1, NULL, 0, '2025-11-07 18:21:53'),
(367, 15, NULL, 'Trending Courses', 'trending_courses', 'Popular courses', 'TrendingUp', 'Discovery', 12, 1, NULL, 0, '2025-11-07 18:21:53'),
(368, 15, NULL, 'Recommended', 'recommended', 'Personalized recommendations', 'ThumbsUp', 'Discovery', 13, 1, NULL, 0, '2025-11-07 18:21:53'),
(369, 15, NULL, 'Course Details', 'course_details', 'Course information and curriculum', 'FileText', 'Courses', 14, 1, NULL, 0, '2025-11-07 18:21:53'),
(370, 15, NULL, 'Course Preview', 'course_preview', 'Preview course content', 'Eye', 'Courses', 15, 1, NULL, 0, '2025-11-07 18:21:53'),
(371, 15, NULL, 'Instructor Profile', 'instructor_profile', 'View instructor details', 'User', 'Courses', 16, 1, NULL, 0, '2025-11-07 18:21:53'),
(372, 15, NULL, 'Course Reviews', 'course_reviews', 'Student reviews and ratings', 'Star', 'Courses', 17, 1, NULL, 0, '2025-11-07 18:21:53'),
(373, 15, NULL, 'My Courses', 'my_courses', 'Enrolled courses', 'BookOpen', 'Learning', 18, 1, NULL, 0, '2025-11-07 18:21:53'),
(374, 15, NULL, 'Course Player', 'course_player', 'Video lesson player', 'Play', 'Learning', 19, 1, NULL, 0, '2025-11-07 18:21:53'),
(375, 15, NULL, 'Lesson Content', 'lesson_content', 'Text and media lesson', 'FileText', 'Learning', 20, 1, NULL, 0, '2025-11-07 18:21:53'),
(376, 15, NULL, 'Course Notes', 'course_notes', 'Take and view notes', 'Edit', 'Learning', 21, 1, NULL, 0, '2025-11-07 18:21:53'),
(377, 15, NULL, 'Bookmarks', 'bookmarks', 'Saved lessons', 'Bookmark', 'Learning', 22, 1, NULL, 0, '2025-11-07 18:21:53'),
(378, 15, NULL, 'Downloads', 'downloads', 'Offline content', 'Download', 'Learning', 23, 1, NULL, 0, '2025-11-07 18:21:53'),
(379, 15, NULL, 'Continue Learning', 'continue_learning', 'Resume where you left off', 'Play', 'Learning', 24, 1, NULL, 0, '2025-11-07 18:21:53'),
(380, 15, NULL, 'Learning Path', 'learning_path', 'Structured learning journey', 'GitBranch', 'Learning', 25, 1, NULL, 0, '2025-11-07 18:21:53'),
(381, 15, NULL, 'Quiz', 'quiz', 'Take quiz', 'HelpCircle', 'Assessments', 26, 1, NULL, 0, '2025-11-07 18:21:53'),
(382, 15, NULL, 'Quiz Results', 'quiz_results', 'View quiz score', 'CheckCircle', 'Assessments', 27, 1, NULL, 0, '2025-11-07 18:21:53'),
(383, 15, NULL, 'Assignments', 'assignments', 'Course assignments', 'FileText', 'Assessments', 28, 1, NULL, 0, '2025-11-07 18:21:53'),
(384, 15, NULL, 'Submit Assignment', 'submit_assignment', 'Upload assignment', 'Upload', 'Assessments', 29, 1, NULL, 0, '2025-11-07 18:21:53'),
(385, 15, NULL, 'Practice Tests', 'practice_tests', 'Practice exams', 'Edit', 'Assessments', 30, 1, NULL, 0, '2025-11-07 18:21:53'),
(386, 15, NULL, 'Final Exam', 'final_exam', 'Course final exam', 'Award', 'Assessments', 31, 1, NULL, 0, '2025-11-07 18:21:53'),
(387, 15, NULL, 'Progress Dashboard', 'progress_dashboard', 'Learning progress overview', 'TrendingUp', 'Progress', 32, 1, NULL, 0, '2025-11-07 18:21:53'),
(388, 15, NULL, 'Course Progress', 'course_progress', 'Individual course progress', 'Activity', 'Progress', 33, 1, NULL, 0, '2025-11-07 18:21:53'),
(389, 15, NULL, 'Certificates', 'certificates', 'Earned certificates', 'Award', 'Progress', 34, 1, NULL, 0, '2025-11-07 18:21:53'),
(390, 15, NULL, 'Achievements', 'achievements', 'Badges and milestones', 'Trophy', 'Progress', 35, 1, NULL, 0, '2025-11-07 18:21:53'),
(391, 15, NULL, 'Leaderboard', 'leaderboard', 'Student rankings', 'TrendingUp', 'Progress', 36, 1, NULL, 0, '2025-11-07 18:21:53'),
(392, 15, NULL, 'Live Classes', 'live_classes', 'Scheduled live sessions', 'Video', 'Live', 37, 1, NULL, 0, '2025-11-07 18:21:53'),
(393, 15, NULL, 'Join Live Class', 'join_live_class', 'Enter live session', 'Video', 'Live', 38, 1, NULL, 0, '2025-11-07 18:21:53'),
(394, 15, NULL, 'Class Schedule', 'class_schedule', 'Upcoming live classes', 'Calendar', 'Live', 39, 1, NULL, 0, '2025-11-07 18:21:53'),
(395, 15, NULL, 'Recorded Sessions', 'recorded_sessions', 'Past live class recordings', 'Video', 'Live', 40, 1, NULL, 0, '2025-11-07 18:21:53'),
(396, 15, NULL, 'Discussion Forum', 'discussion_forum', 'Course discussions', 'MessageCircle', 'Community', 41, 1, NULL, 0, '2025-11-07 18:21:53'),
(397, 15, NULL, 'Q&A', 'qa', 'Ask questions', 'HelpCircle', 'Community', 42, 1, NULL, 0, '2025-11-07 18:21:53'),
(398, 15, NULL, 'Study Groups', 'study_groups', 'Join study groups', 'Users', 'Community', 43, 1, NULL, 0, '2025-11-07 18:21:53'),
(399, 15, NULL, 'Messages', 'messages', 'Chat with students and instructors', 'Mail', 'Community', 44, 1, NULL, 0, '2025-11-07 18:21:53'),
(400, 15, NULL, 'Announcements', 'announcements', 'Course updates', 'Bell', 'Community', 45, 1, NULL, 0, '2025-11-07 18:21:53'),
(401, 15, NULL, 'Enroll Course', 'enroll_course', 'Course enrollment', 'ShoppingCart', 'Enrollment', 46, 1, NULL, 0, '2025-11-07 18:21:53'),
(402, 15, NULL, 'Payment', 'payment', 'Course payment', 'CreditCard', 'Enrollment', 47, 1, NULL, 0, '2025-11-07 18:21:53'),
(403, 15, NULL, 'Purchase History', 'purchase_history', 'Past purchases', 'Receipt', 'Enrollment', 48, 1, NULL, 0, '2025-11-07 18:21:53'),
(404, 15, NULL, 'Wishlist', 'wishlist', 'Saved courses', 'Heart', 'Enrollment', 49, 1, NULL, 0, '2025-11-07 18:21:53'),
(405, 15, NULL, 'User Profile', 'user_profile', 'View profile', 'User', 'Profile', 50, 1, NULL, 0, '2025-11-07 18:21:53'),
(406, 15, NULL, 'Edit Profile', 'edit_profile', 'Update profile', 'Edit', 'Profile', 51, 1, NULL, 0, '2025-11-07 18:21:53'),
(407, 15, NULL, 'Settings', 'settings', 'App preferences', 'Settings', 'Settings', 52, 1, NULL, 0, '2025-11-07 18:21:53'),
(408, 15, NULL, 'Notifications Settings', 'notifications_settings', 'Notification preferences', 'Bell', 'Settings', 53, 1, NULL, 0, '2025-11-07 18:21:53'),
(409, 15, NULL, 'Notifications', 'notifications', 'All notifications', 'Bell', 'Notifications', 54, 1, NULL, 0, '2025-11-07 18:21:53'),
(410, 15, NULL, 'Help Center', 'help_center', 'FAQ and support', 'HelpCircle', 'Support', 55, 1, NULL, 0, '2025-11-07 18:21:53'),
(411, 15, NULL, 'Contact Us', 'contact_us', 'Contact support', 'Mail', 'Support', 56, 1, NULL, 0, '2025-11-07 18:21:53'),
(412, 15, NULL, 'About Us', 'about_us', 'Platform information', 'Info', 'Information', 57, 1, NULL, 0, '2025-11-07 18:21:53'),
(413, 15, NULL, 'Terms of Service', 'terms_of_service', 'Legal terms', 'FileText', 'Legal', 58, 1, NULL, 0, '2025-11-07 18:21:53'),
(414, 15, NULL, 'Privacy Policy', 'privacy_policy', 'Privacy policy', 'Shield', 'Legal', 59, 1, NULL, 0, '2025-11-07 18:21:53'),
(415, 16, NULL, 'Splash Screen', 'splash_screen', 'App logo', 'Zap', 'Onboarding', 1, 1, NULL, 0, '2025-11-07 18:22:02'),
(416, 16, NULL, 'Onboarding', 'onboarding', 'Event app introduction', 'BookOpen', 'Onboarding', 2, 1, NULL, 0, '2025-11-07 18:22:02'),
(417, 16, NULL, 'Login', 'login', 'User login', 'LogIn', 'Authentication', 3, 1, NULL, 0, '2025-11-07 18:22:02'),
(418, 16, NULL, 'Sign Up', 'sign_up', 'Create account', 'UserPlus', 'Authentication', 4, 1, NULL, 0, '2025-11-07 18:22:02'),
(419, 16, NULL, 'Forgot Password', 'forgot_password', 'Password recovery', 'Key', 'Authentication', 5, 1, NULL, 0, '2025-11-07 18:22:02'),
(420, 16, NULL, 'Email Verification', 'email_verification', 'Verify email', 'Mail', 'Authentication', 6, 1, NULL, 0, '2025-11-07 18:22:02'),
(421, 16, NULL, 'Home', 'home', 'Main event feed', 'Home', 'Navigation', 7, 1, NULL, 1, '2025-11-07 18:22:02'),
(422, 16, NULL, 'Search Events', 'search_events', 'Search and filter events', 'Search', 'Navigation', 8, 1, NULL, 0, '2025-11-07 18:22:02'),
(423, 16, NULL, 'Browse Events', 'browse_events', 'Explore all events', 'Grid', 'Discovery', 9, 1, NULL, 0, '2025-11-07 18:22:02'),
(424, 16, NULL, 'Event Categories', 'event_categories', 'Browse by category', 'Folder', 'Discovery', 10, 1, NULL, 0, '2025-11-07 18:22:02'),
(425, 16, NULL, 'Nearby Events', 'nearby_events', 'Events near you', 'MapPin', 'Discovery', 11, 1, NULL, 0, '2025-11-07 18:22:02'),
(426, 16, NULL, 'Featured Events', 'featured_events', 'Highlighted events', 'Star', 'Discovery', 12, 1, NULL, 0, '2025-11-07 18:22:02'),
(427, 16, NULL, 'Trending Events', 'trending_events', 'Popular events', 'TrendingUp', 'Discovery', 13, 1, NULL, 0, '2025-11-07 18:22:02');
INSERT INTO `app_template_screens` (`id`, `template_id`, `screen_id`, `screen_name`, `screen_key`, `screen_description`, `screen_icon`, `screen_category`, `display_order`, `is_published`, `published_at`, `is_home_screen`, `created_at`) VALUES
(428, 16, NULL, 'For You', 'for_you', 'Personalized recommendations', 'Heart', 'Discovery', 14, 1, NULL, 0, '2025-11-07 18:22:02'),
(429, 16, NULL, 'Event Details', 'event_details', 'Full event information', 'FileText', 'Events', 15, 1, NULL, 0, '2025-11-07 18:22:02'),
(430, 16, NULL, 'Event Gallery', 'event_gallery', 'Event photos and videos', 'Image', 'Events', 16, 1, NULL, 0, '2025-11-07 18:22:02'),
(431, 16, NULL, 'Venue Information', 'venue_information', 'Venue details and map', 'MapPin', 'Events', 17, 1, NULL, 0, '2025-11-07 18:22:02'),
(432, 16, NULL, 'Organizer Profile', 'organizer_profile', 'Event organizer info', 'User', 'Events', 18, 1, NULL, 0, '2025-11-07 18:22:02'),
(433, 16, NULL, 'Event Reviews', 'event_reviews', 'Attendee reviews', 'Star', 'Events', 19, 1, NULL, 0, '2025-11-07 18:22:02'),
(434, 16, NULL, 'Select Tickets', 'select_tickets', 'Choose ticket types and quantity', 'Ticket', 'Booking', 20, 1, NULL, 0, '2025-11-07 18:22:02'),
(435, 16, NULL, 'Seat Selection', 'seat_selection', 'Choose seats (for seated events)', 'Grid', 'Booking', 21, 1, NULL, 0, '2025-11-07 18:22:02'),
(436, 16, NULL, 'Attendee Information', 'attendee_information', 'Enter attendee details', 'Users', 'Booking', 22, 1, NULL, 0, '2025-11-07 18:22:02'),
(437, 16, NULL, 'Checkout', 'checkout', 'Review and pay', 'ShoppingCart', 'Booking', 23, 1, NULL, 0, '2025-11-07 18:22:02'),
(438, 16, NULL, 'Payment', 'payment', 'Payment processing', 'CreditCard', 'Booking', 24, 1, NULL, 0, '2025-11-07 18:22:02'),
(439, 16, NULL, 'Booking Confirmation', 'booking_confirmation', 'Purchase confirmation', 'CheckCircle', 'Booking', 25, 1, NULL, 0, '2025-11-07 18:22:02'),
(440, 16, NULL, 'Add to Calendar', 'add_to_calendar', 'Save event to calendar', 'Calendar', 'Booking', 26, 1, NULL, 0, '2025-11-07 18:22:02'),
(441, 16, NULL, 'My Tickets', 'my_tickets', 'All purchased tickets', 'Ticket', 'Tickets', 27, 1, NULL, 0, '2025-11-07 18:22:02'),
(442, 16, NULL, 'Ticket Details', 'ticket_details', 'Individual ticket information', 'FileText', 'Tickets', 28, 1, NULL, 0, '2025-11-07 18:22:02'),
(443, 16, NULL, 'QR Code Ticket', 'qr_code_ticket', 'Digital ticket with QR code', 'QrCode', 'Tickets', 29, 1, NULL, 0, '2025-11-07 18:22:02'),
(444, 16, NULL, 'Transfer Ticket', 'transfer_ticket', 'Transfer ticket to someone', 'Send', 'Tickets', 30, 1, NULL, 0, '2025-11-07 18:22:02'),
(445, 16, NULL, 'Refund Request', 'refund_request', 'Request ticket refund', 'RefreshCw', 'Tickets', 31, 1, NULL, 0, '2025-11-07 18:22:02'),
(446, 16, NULL, 'Check-In', 'check_in', 'Event check-in screen', 'CheckCircle', 'CheckIn', 32, 1, NULL, 0, '2025-11-07 18:22:02'),
(447, 16, NULL, 'Scan QR Code', 'scan_qr_code', 'Scan ticket QR code', 'Camera', 'CheckIn', 33, 1, NULL, 0, '2025-11-07 18:22:02'),
(448, 16, NULL, 'Event Feed', 'event_feed', 'Social feed for event', 'MessageCircle', 'Social', 34, 1, NULL, 0, '2025-11-07 18:22:02'),
(449, 16, NULL, 'Attendees', 'attendees', 'See who else is going', 'Users', 'Social', 35, 1, NULL, 0, '2025-11-07 18:22:02'),
(450, 16, NULL, 'Share Event', 'share_event', 'Share with friends', 'Share', 'Social', 36, 1, NULL, 0, '2025-11-07 18:22:02'),
(451, 16, NULL, 'Invite Friends', 'invite_friends', 'Invite contacts', 'UserPlus', 'Social', 37, 1, NULL, 0, '2025-11-07 18:22:02'),
(452, 16, NULL, 'Favorites', 'favorites', 'Saved events', 'Heart', 'Favorites', 38, 1, NULL, 0, '2025-11-07 18:22:02'),
(453, 16, NULL, 'Interests', 'interests', 'Select event interests', 'Tag', 'Favorites', 39, 1, NULL, 0, '2025-11-07 18:22:02'),
(454, 16, NULL, 'Following', 'following', 'Followed organizers and venues', 'Bell', 'Favorites', 40, 1, NULL, 0, '2025-11-07 18:22:02'),
(455, 16, NULL, 'Event Calendar', 'event_calendar', 'Calendar view of events', 'Calendar', 'Calendar', 41, 1, NULL, 0, '2025-11-07 18:22:02'),
(456, 16, NULL, 'Reminders', 'reminders', 'Event reminders', 'Bell', 'Calendar', 42, 1, NULL, 0, '2025-11-07 18:22:02'),
(457, 16, NULL, 'Notifications', 'notifications', 'All notifications', 'Bell', 'Notifications', 43, 1, NULL, 0, '2025-11-07 18:22:02'),
(458, 16, NULL, 'User Profile', 'user_profile', 'View profile', 'User', 'Profile', 44, 1, NULL, 0, '2025-11-07 18:22:02'),
(459, 16, NULL, 'Edit Profile', 'edit_profile', 'Update profile', 'Edit', 'Profile', 45, 1, NULL, 0, '2025-11-07 18:22:02'),
(460, 16, NULL, 'Settings', 'settings', 'App preferences', 'Settings', 'Settings', 46, 1, NULL, 0, '2025-11-07 18:22:02'),
(461, 16, NULL, 'Payment Methods', 'payment_methods', 'Manage payment options', 'CreditCard', 'Settings', 47, 1, NULL, 0, '2025-11-07 18:22:02'),
(462, 16, NULL, 'Help Center', 'help_center', 'FAQ and support', 'HelpCircle', 'Support', 48, 1, NULL, 0, '2025-11-07 18:22:02'),
(463, 16, NULL, 'Contact Us', 'contact_us', 'Contact support', 'Mail', 'Support', 49, 1, NULL, 0, '2025-11-07 18:22:02'),
(464, 16, NULL, 'About Us', 'about_us', 'App information', 'Info', 'Information', 50, 1, NULL, 0, '2025-11-07 18:22:02'),
(465, 16, NULL, 'Terms of Service', 'terms_of_service', 'Legal terms', 'FileText', 'Legal', 51, 1, NULL, 0, '2025-11-07 18:22:02'),
(466, 16, NULL, 'Privacy Policy', 'privacy_policy', 'Privacy policy', 'Shield', 'Legal', 52, 1, NULL, 0, '2025-11-07 18:22:02'),
(467, 17, NULL, 'Splash Screen', 'splash_screen', 'App logo', 'Zap', 'Onboarding', 1, 1, NULL, 0, '2025-11-07 18:22:10'),
(468, 17, NULL, 'Onboarding', 'onboarding', 'Job app introduction', 'BookOpen', 'Onboarding', 2, 1, NULL, 0, '2025-11-07 18:22:10'),
(469, 17, NULL, 'Login', 'login', 'User login', 'LogIn', 'Authentication', 3, 1, NULL, 0, '2025-11-07 18:22:10'),
(470, 17, NULL, 'Sign Up', 'sign_up', 'Create account', 'UserPlus', 'Authentication', 4, 1, NULL, 0, '2025-11-07 18:22:10'),
(471, 17, NULL, 'Forgot Password', 'forgot_password', 'Password recovery', 'Key', 'Authentication', 5, 1, NULL, 0, '2025-11-07 18:22:10'),
(472, 17, NULL, 'Email Verification', 'email_verification', 'Verify email', 'Mail', 'Authentication', 6, 1, NULL, 0, '2025-11-07 18:22:10'),
(473, 17, NULL, 'Profile Setup', 'profile_setup', 'Complete profile after signup', 'User', 'Onboarding', 7, 1, NULL, 0, '2025-11-07 18:22:10'),
(474, 17, NULL, 'Home Feed', 'home_feed', 'Job recommendations feed', 'Home', 'Navigation', 8, 1, NULL, 1, '2025-11-07 18:22:10'),
(475, 17, NULL, 'Search Jobs', 'search_jobs', 'Search and filter jobs', 'Search', 'Navigation', 9, 1, NULL, 0, '2025-11-07 18:22:10'),
(476, 17, NULL, 'Browse Jobs', 'browse_jobs', 'Explore all job listings', 'Grid', 'Discovery', 10, 1, NULL, 0, '2025-11-07 18:22:10'),
(477, 17, NULL, 'Job Categories', 'job_categories', 'Browse by category', 'Folder', 'Discovery', 11, 1, NULL, 0, '2025-11-07 18:22:10'),
(478, 17, NULL, 'Nearby Jobs', 'nearby_jobs', 'Jobs near you', 'MapPin', 'Discovery', 12, 1, NULL, 0, '2025-11-07 18:22:10'),
(479, 17, NULL, 'Remote Jobs', 'remote_jobs', 'Work from home opportunities', 'Home', 'Discovery', 13, 1, NULL, 0, '2025-11-07 18:22:10'),
(480, 17, NULL, 'Recommended Jobs', 'recommended_jobs', 'Personalized recommendations', 'ThumbsUp', 'Discovery', 14, 1, NULL, 0, '2025-11-07 18:22:10'),
(481, 17, NULL, 'Job Details', 'job_details', 'Full job description', 'FileText', 'Jobs', 15, 1, NULL, 0, '2025-11-07 18:22:10'),
(482, 17, NULL, 'Company Profile', 'company_profile', 'Company information', 'Building', 'Jobs', 16, 1, NULL, 0, '2025-11-07 18:22:10'),
(483, 17, NULL, 'Company Reviews', 'company_reviews', 'Employee reviews', 'Star', 'Jobs', 17, 1, NULL, 0, '2025-11-07 18:22:10'),
(484, 17, NULL, 'Similar Jobs', 'similar_jobs', 'Related job listings', 'List', 'Jobs', 18, 1, NULL, 0, '2025-11-07 18:22:10'),
(485, 17, NULL, 'Apply for Job', 'apply_for_job', 'Job application form', 'Send', 'Applications', 19, 1, NULL, 0, '2025-11-07 18:22:10'),
(486, 17, NULL, 'Quick Apply', 'quick_apply', 'One-click application', 'Zap', 'Applications', 20, 1, NULL, 0, '2025-11-07 18:22:10'),
(487, 17, NULL, 'Application Questions', 'application_questions', 'Screening questions', 'HelpCircle', 'Applications', 21, 1, NULL, 0, '2025-11-07 18:22:10'),
(488, 17, NULL, 'Upload Documents', 'upload_documents', 'Upload resume and cover letter', 'Upload', 'Applications', 22, 1, NULL, 0, '2025-11-07 18:22:10'),
(489, 17, NULL, 'Application Confirmation', 'application_confirmation', 'Application submitted', 'CheckCircle', 'Applications', 23, 1, NULL, 0, '2025-11-07 18:22:10'),
(490, 17, NULL, 'My Applications', 'my_applications', 'Track application status', 'List', 'Applications', 24, 1, NULL, 0, '2025-11-07 18:22:10'),
(491, 17, NULL, 'My Resume', 'my_resume', 'View and edit resume', 'FileText', 'Profile', 25, 1, NULL, 0, '2025-11-07 18:22:10'),
(492, 17, NULL, 'Resume Builder', 'resume_builder', 'Create resume', 'Edit', 'Profile', 26, 1, NULL, 0, '2025-11-07 18:22:10'),
(493, 17, NULL, 'Work Experience', 'work_experience', 'Add work history', 'Briefcase', 'Profile', 27, 1, NULL, 0, '2025-11-07 18:22:10'),
(494, 17, NULL, 'Education', 'education', 'Add education', 'BookOpen', 'Profile', 28, 1, NULL, 0, '2025-11-07 18:22:10'),
(495, 17, NULL, 'Skills', 'skills', 'Add skills and certifications', 'Award', 'Profile', 29, 1, NULL, 0, '2025-11-07 18:22:10'),
(496, 17, NULL, 'Saved Jobs', 'saved_jobs', 'Bookmarked jobs', 'Bookmark', 'Saved', 30, 1, NULL, 0, '2025-11-07 18:22:10'),
(497, 17, NULL, 'Job Alerts', 'job_alerts', 'Set up job alerts', 'Bell', 'Saved', 31, 1, NULL, 0, '2025-11-07 18:22:10'),
(498, 17, NULL, 'Followed Companies', 'followed_companies', 'Companies you follow', 'Heart', 'Saved', 32, 1, NULL, 0, '2025-11-07 18:22:10'),
(499, 17, NULL, 'Interview Schedule', 'interview_schedule', 'Upcoming interviews', 'Calendar', 'Interviews', 33, 1, NULL, 0, '2025-11-07 18:22:10'),
(500, 17, NULL, 'Interview Details', 'interview_details', 'Interview information', 'FileText', 'Interviews', 34, 1, NULL, 0, '2025-11-07 18:22:10'),
(501, 17, NULL, 'Interview Preparation', 'interview_preparation', 'Tips and resources', 'BookOpen', 'Interviews', 35, 1, NULL, 0, '2025-11-07 18:22:10'),
(502, 17, NULL, 'Video Interview', 'video_interview', 'Virtual interview', 'Video', 'Interviews', 36, 1, NULL, 0, '2025-11-07 18:22:10'),
(503, 17, NULL, 'Salary Calculator', 'salary_calculator', 'Estimate salary range', 'DollarSign', 'Insights', 37, 1, NULL, 0, '2025-11-07 18:22:10'),
(504, 17, NULL, 'Career Insights', 'career_insights', 'Industry trends', 'TrendingUp', 'Insights', 38, 1, NULL, 0, '2025-11-07 18:22:10'),
(505, 17, NULL, 'Skill Assessment', 'skill_assessment', 'Test your skills', 'Award', 'Insights', 39, 1, NULL, 0, '2025-11-07 18:22:10'),
(506, 17, NULL, 'Connections', 'connections', 'Professional network', 'Users', 'Networking', 40, 1, NULL, 0, '2025-11-07 18:22:10'),
(507, 17, NULL, 'Messages', 'messages', 'Chat with recruiters', 'MessageCircle', 'Networking', 41, 1, NULL, 0, '2025-11-07 18:22:10'),
(508, 17, NULL, 'Referrals', 'referrals', 'Employee referrals', 'UserPlus', 'Networking', 42, 1, NULL, 0, '2025-11-07 18:22:10'),
(509, 17, NULL, 'Notifications', 'notifications', 'All notifications', 'Bell', 'Notifications', 43, 1, NULL, 0, '2025-11-07 18:22:10'),
(510, 17, NULL, 'User Profile', 'user_profile', 'View profile', 'User', 'Profile', 44, 1, NULL, 0, '2025-11-07 18:22:10'),
(511, 17, NULL, 'Edit Profile', 'edit_profile', 'Update profile', 'Edit', 'Profile', 45, 1, NULL, 0, '2025-11-07 18:22:10'),
(512, 17, NULL, 'Settings', 'settings', 'App preferences', 'Settings', 'Settings', 46, 1, NULL, 0, '2025-11-07 18:22:10'),
(513, 17, NULL, 'Privacy Settings', 'privacy_settings', 'Control visibility', 'Lock', 'Settings', 47, 1, NULL, 0, '2025-11-07 18:22:10'),
(514, 17, NULL, 'Help Center', 'help_center', 'FAQ and support', 'HelpCircle', 'Support', 48, 1, NULL, 0, '2025-11-07 18:22:10'),
(515, 17, NULL, 'Contact Us', 'contact_us', 'Contact support', 'Mail', 'Support', 49, 1, NULL, 0, '2025-11-07 18:22:10'),
(516, 17, NULL, 'About Us', 'about_us', 'App information', 'Info', 'Information', 50, 1, NULL, 0, '2025-11-07 18:22:10'),
(517, 17, NULL, 'Terms of Service', 'terms_of_service', 'Legal terms', 'FileText', 'Legal', 51, 1, NULL, 0, '2025-11-07 18:22:10'),
(518, 17, NULL, 'Privacy Policy', 'privacy_policy', 'Privacy policy', 'Shield', 'Legal', 52, 1, NULL, 0, '2025-11-07 18:22:10'),
(519, 18, NULL, 'Splash Screen', 'splash_screen', 'App logo', 'Zap', 'Onboarding', 1, 1, NULL, 0, '2025-11-07 18:22:17'),
(520, 18, NULL, 'Onboarding', 'onboarding', 'Dating app introduction', 'BookOpen', 'Onboarding', 2, 1, NULL, 0, '2025-11-07 18:22:17'),
(521, 18, NULL, 'Login', 'login', 'User login', 'LogIn', 'Authentication', 3, 1, NULL, 0, '2025-11-07 18:22:17'),
(522, 18, NULL, 'Sign Up', 'sign_up', 'Create account', 'UserPlus', 'Authentication', 4, 1, NULL, 0, '2025-11-07 18:22:17'),
(523, 18, NULL, 'Phone Verification', 'phone_verification', 'Verify phone number', 'Smartphone', 'Authentication', 5, 1, NULL, 0, '2025-11-07 18:22:17'),
(524, 18, NULL, 'Email Verification', 'email_verification', 'Verify email', 'Mail', 'Authentication', 6, 1, NULL, 0, '2025-11-07 18:22:17'),
(525, 18, NULL, 'Profile Creation', 'profile_creation', 'Build your profile', 'User', 'Onboarding', 7, 1, NULL, 0, '2025-11-07 18:22:17'),
(526, 18, NULL, 'Photo Upload', 'photo_upload', 'Add profile photos', 'Image', 'Onboarding', 8, 1, NULL, 0, '2025-11-07 18:22:17'),
(527, 18, NULL, 'Discover', 'discover', 'Swipe through profiles', 'Users', 'Discovery', 9, 1, NULL, 1, '2025-11-07 18:22:17'),
(528, 18, NULL, 'Profile Card', 'profile_card', 'View profile details', 'User', 'Discovery', 10, 1, NULL, 0, '2025-11-07 18:22:17'),
(529, 18, NULL, 'Filters', 'filters', 'Set discovery preferences', 'SlidersHorizontal', 'Discovery', 11, 1, NULL, 0, '2025-11-07 18:22:17'),
(530, 18, NULL, 'Matches', 'matches', 'Your matches', 'Heart', 'Matches', 12, 1, NULL, 0, '2025-11-07 18:22:17'),
(531, 18, NULL, 'New Match', 'new_match', 'Match notification', 'Sparkles', 'Matches', 13, 1, NULL, 0, '2025-11-07 18:22:17'),
(532, 18, NULL, 'Match Profile', 'match_profile', 'View match details', 'User', 'Matches', 14, 1, NULL, 0, '2025-11-07 18:22:17'),
(533, 18, NULL, 'Icebreakers', 'icebreakers', 'Conversation starters', 'MessageCircle', 'Matches', 15, 1, NULL, 0, '2025-11-07 18:22:17'),
(534, 18, NULL, 'Messages', 'messages', 'All conversations', 'MessageCircle', 'Messaging', 16, 1, NULL, 0, '2025-11-07 18:22:17'),
(535, 18, NULL, 'Chat', 'chat', 'One-on-one chat', 'MessageSquare', 'Messaging', 17, 1, NULL, 0, '2025-11-07 18:22:17'),
(536, 18, NULL, 'Voice Call', 'voice_call', 'Audio call', 'Phone', 'Messaging', 18, 1, NULL, 0, '2025-11-07 18:22:17'),
(537, 18, NULL, 'Video Call', 'video_call', 'Video call', 'Video', 'Messaging', 19, 1, NULL, 0, '2025-11-07 18:22:17'),
(538, 18, NULL, 'Send Gift', 'send_gift', 'Send virtual gift', 'Gift', 'Messaging', 20, 1, NULL, 0, '2025-11-07 18:22:17'),
(539, 18, NULL, 'Likes You', 'likes_you', 'See who liked you', 'Heart', 'Activity', 21, 1, NULL, 0, '2025-11-07 18:22:17'),
(540, 18, NULL, 'Your Likes', 'your_likes', 'People you liked', 'ThumbsUp', 'Activity', 22, 1, NULL, 0, '2025-11-07 18:22:17'),
(541, 18, NULL, 'Activity Feed', 'activity_feed', 'Recent activity', 'Activity', 'Activity', 23, 1, NULL, 0, '2025-11-07 18:22:17'),
(542, 18, NULL, 'My Profile', 'my_profile', 'View your profile', 'User', 'Profile', 24, 1, NULL, 0, '2025-11-07 18:22:17'),
(543, 18, NULL, 'Edit Profile', 'edit_profile', 'Update profile information', 'Edit', 'Profile', 25, 1, NULL, 0, '2025-11-07 18:22:17'),
(544, 18, NULL, 'Edit Photos', 'edit_photos', 'Manage profile photos', 'Image', 'Profile', 26, 1, NULL, 0, '2025-11-07 18:22:17'),
(545, 18, NULL, 'Profile Preview', 'profile_preview', 'See how others see you', 'Eye', 'Profile', 27, 1, NULL, 0, '2025-11-07 18:22:17'),
(546, 18, NULL, 'Profile Verification', 'profile_verification', 'Verify your profile', 'CheckCircle', 'Profile', 28, 1, NULL, 0, '2025-11-07 18:22:17'),
(547, 18, NULL, 'Profile Prompts', 'profile_prompts', 'Answer profile questions', 'MessageSquare', 'Profile', 29, 1, NULL, 0, '2025-11-07 18:22:17'),
(548, 18, NULL, 'Dating Preferences', 'dating_preferences', 'Set match criteria', 'Heart', 'Preferences', 30, 1, NULL, 0, '2025-11-07 18:22:17'),
(549, 18, NULL, 'Location Settings', 'location_settings', 'Set search radius', 'MapPin', 'Preferences', 31, 1, NULL, 0, '2025-11-07 18:22:17'),
(550, 18, NULL, 'Deal Breakers', 'deal_breakers', 'Set must-haves and deal breakers', 'X', 'Preferences', 32, 1, NULL, 0, '2025-11-07 18:22:17'),
(551, 18, NULL, 'Premium Plans', 'premium_plans', 'Subscription options', 'Star', 'Premium', 33, 1, NULL, 0, '2025-11-07 18:22:17'),
(552, 18, NULL, 'Boost Profile', 'boost_profile', 'Increase visibility', 'TrendingUp', 'Premium', 34, 1, NULL, 0, '2025-11-07 18:22:17'),
(553, 18, NULL, 'Super Likes', 'super_likes', 'Stand out with super likes', 'Sparkles', 'Premium', 35, 1, NULL, 0, '2025-11-07 18:22:17'),
(554, 18, NULL, 'Rewind', 'rewind', 'Undo last swipe', 'RotateCcw', 'Premium', 36, 1, NULL, 0, '2025-11-07 18:22:17'),
(555, 18, NULL, 'Safety Center', 'safety_center', 'Safety tips and resources', 'Shield', 'Safety', 37, 1, NULL, 0, '2025-11-07 18:22:17'),
(556, 18, NULL, 'Report User', 'report_user', 'Report inappropriate behavior', 'AlertTriangle', 'Safety', 38, 1, NULL, 0, '2025-11-07 18:22:17'),
(557, 18, NULL, 'Block User', 'block_user', 'Block and unmatch', 'Ban', 'Safety', 39, 1, NULL, 0, '2025-11-07 18:22:17'),
(558, 18, NULL, 'Safety Tips', 'safety_tips', 'Dating safety guidelines', 'Info', 'Safety', 40, 1, NULL, 0, '2025-11-07 18:22:17'),
(559, 18, NULL, 'Events', 'events', 'Local dating events', 'Calendar', 'Social', 41, 1, NULL, 0, '2025-11-07 18:22:17'),
(560, 18, NULL, 'Group Activities', 'group_activities', 'Group meetups', 'Users', 'Social', 42, 1, NULL, 0, '2025-11-07 18:22:17'),
(561, 18, NULL, 'Date Ideas', 'date_ideas', 'Suggested date activities', 'Lightbulb', 'Social', 43, 1, NULL, 0, '2025-11-07 18:22:17'),
(562, 18, NULL, 'Notifications', 'notifications', 'All notifications', 'Bell', 'Notifications', 44, 1, NULL, 0, '2025-11-07 18:22:17'),
(563, 18, NULL, 'Settings', 'settings', 'App settings', 'Settings', 'Settings', 45, 1, NULL, 0, '2025-11-07 18:22:17'),
(564, 18, NULL, 'Notification Settings', 'notification_settings', 'Manage notifications', 'Bell', 'Settings', 46, 1, NULL, 0, '2025-11-07 18:22:17'),
(565, 18, NULL, 'Privacy Settings', 'privacy_settings', 'Control privacy', 'Lock', 'Settings', 47, 1, NULL, 0, '2025-11-07 18:22:17'),
(566, 18, NULL, 'Account Settings', 'account_settings', 'Manage account', 'User', 'Settings', 48, 1, NULL, 0, '2025-11-07 18:22:17'),
(567, 18, NULL, 'Subscription Management', 'subscription_management', 'Manage subscription', 'CreditCard', 'Settings', 49, 1, NULL, 0, '2025-11-07 18:22:17'),
(568, 18, NULL, 'Help Center', 'help_center', 'FAQ and support', 'HelpCircle', 'Support', 50, 1, NULL, 0, '2025-11-07 18:22:17'),
(569, 18, NULL, 'Contact Us', 'contact_us', 'Contact support', 'Mail', 'Support', 51, 1, NULL, 0, '2025-11-07 18:22:17'),
(570, 18, NULL, 'About Us', 'about_us', 'App information', 'Info', 'Information', 52, 1, NULL, 0, '2025-11-07 18:22:17'),
(571, 18, NULL, 'Terms of Service', 'terms_of_service', 'Legal terms', 'FileText', 'Legal', 53, 1, NULL, 0, '2025-11-07 18:22:17'),
(572, 18, NULL, 'Privacy Policy', 'privacy_policy', 'Privacy policy', 'Shield', 'Legal', 54, 1, NULL, 0, '2025-11-07 18:22:17'),
(583, 9, 18, 'Login Screen', 'login', 'Standard login screen with email and password fields', 'login', 'Authentication', 5, 1, '2025-11-20 17:46:27', 0, '2025-11-30 15:26:17'),
(601, 9, 96, 'Property Listings', 'property_listings', 'Browse available properties with filters and search', 'home-city', 'Property', 2, 1, '2025-11-26 17:00:45', 0, '2025-11-30 15:26:17'),
(602, 9, 97, 'Property Details', 'property_details', 'Detailed view of a specific property with photos, amenities, and booking options', 'home-variant', 'Property', 11, 1, NULL, 0, '2025-11-30 15:26:17'),
(603, 9, 98, 'Host Profile', 'host_profile', 'View host information, ratings, and other properties', 'account-tie', 'Profile', 12, 1, NULL, 0, '2025-11-30 15:26:17'),
(604, 9, 99, 'Reviews & Ratings', 'reviews_ratings', 'View and submit property reviews and ratings', 'star', 'Reviews', 15, 1, NULL, 0, '2025-11-30 15:26:17'),
(605, 9, 100, 'Advanced Search', 'advanced_search', 'Advanced search with detailed filters for finding the perfect property', 'magnify', 'Search', 16, 1, NULL, 0, '2025-11-30 15:26:17'),
(606, 9, 101, 'Splash Screen', 'splash_screen', 'App logo', 'flash', 'Onboarding', 4, 1, NULL, 0, '2025-11-30 15:26:17'),
(607, 9, 102, 'Sign Up', 'sign_up', 'Create account', 'account-plus', 'Authentication', 6, 1, NULL, 0, '2025-11-30 15:26:17'),
(608, 9, 103, 'Forgot Password', 'forgot_password', 'Reset password', 'key-variant', 'Authentication', 7, 1, NULL, 0, '2025-11-30 15:26:17'),
(609, 9, 104, 'Email Verification', 'email_verification', 'Verify email', 'email-check', 'Authentication', 8, 1, NULL, 0, '2025-11-30 15:26:17'),
(610, 9, 105, 'User Profile', 'user_profile', 'View profile', 'account', 'Profile', 13, 1, NULL, 0, '2025-11-30 15:26:17'),
(611, 9, 106, 'Edit Profile', 'edit_profile', 'Edit profile', 'account-edit', 'Profile', 14, 1, NULL, 0, '2025-11-30 15:26:17'),
(612, 9, 107, 'Notifications', 'notifications', 'Notifications', 'bell', 'Notifications', 17, 1, NULL, 0, '2025-11-30 15:26:17'),
(613, 9, 108, 'Contact Us', 'contact_us', 'Contact form', 'email', 'Information', 18, 1, NULL, 0, '2025-11-30 15:26:17'),
(614, 9, 109, 'About Us', 'about_us', 'About', 'information', 'Information', 19, 1, NULL, 0, '2025-11-30 15:26:17'),
(615, 9, 110, 'Privacy Policy', 'privacy_policy', 'Privacy', 'shield-check', 'Legal', 9, 1, NULL, 0, '2025-11-30 15:26:17'),
(616, 9, 111, 'Terms of Service', 'terms_of_service', 'Terms', 'file-document', 'Legal', 10, 1, NULL, 0, '2025-11-30 15:26:17'),
(617, 9, 112, 'Search Properties', 'search_properties', 'Search and filter available properties', 'home-search', 'Search', 0, 1, NULL, 0, '2025-11-30 15:26:17'),
(618, 9, 113, 'Book Property', 'book_property', 'Create a booking for a property', 'calendar-check', 'Booking', 20, 1, NULL, 0, '2025-11-30 15:26:17'),
(619, 9, 114, 'My Bookings', 'my_bookings', 'View and manage your bookings', 'calendar-text', 'Booking', 21, 1, NULL, 0, '2025-11-30 15:26:17'),
(620, 9, 115, 'Booking Details', 'booking_details', 'View detailed booking information', 'calendar-clock', 'Booking', 22, 1, NULL, 0, '2025-11-30 15:26:17'),
(621, 9, 116, 'Messages', 'messages', 'View your conversations', 'message-text', 'Communication', 1, 1, NULL, 0, '2025-11-30 15:26:17'),
(622, 9, 117, 'Chat', 'chat', 'Send and receive messages', 'chat', 'Communication', 23, 1, NULL, 0, '2025-11-30 15:26:17'),
(623, 9, 127, 'Create Listing', 'create_listing', 'Screen for hosts to create new property listings', 'home-plus', NULL, 3, 1, '2025-11-21 20:51:26', 0, '2025-11-30 15:26:17'),
(624, 9, 128, 'Logout', 'logout', 'Logout screen that logs out the user and redirects to login', 'logout', 'authentication', 24, 1, '2025-11-24 21:18:54', 0, '2025-11-30 15:26:17'),
(625, 9, 129, 'My Listings', 'my_listings', 'View and manage your property listings', 'home-group', 'Host', 30, 1, NULL, 0, '2025-11-30 15:26:17'),
(626, 9, 130, 'Edit Listing', 'edit_listing', 'Edit an existing property listing', 'home-edit', 'Host', 31, 1, NULL, 0, '2025-11-30 15:26:17'),
(627, 9, 131, 'Host Dashboard', 'host_dashboard', 'Overview of your hosting activity, bookings, and earnings', 'view-dashboard', 'Host', 32, 1, NULL, 0, '2025-11-30 15:26:17'),
(628, 9, 132, 'Host Bookings', 'host_bookings', 'Manage booking requests from renters', 'calendar-check', 'Host', 33, 1, NULL, 0, '2025-11-30 15:26:17'),
(629, 9, 133, 'Earnings', 'earnings', 'View your earnings and payout history', 'cash-multiple', 'Host', 34, 1, NULL, 0, '2025-11-30 15:26:17'),
(630, 9, 134, 'Availability Calendar', 'availability_calendar', 'Set property availability dates', 'calendar-month', 'Host', 35, 1, NULL, 0, '2025-11-30 15:26:17'),
(631, 9, 135, 'Favorites', 'favorites', 'Your saved and favorite properties', 'heart', 'Renter', 36, 1, NULL, 0, '2025-11-30 15:26:17'),
(632, 9, 137, 'About (Primitives)', 'about_primitives', 'Test screen using primitive renderer', NULL, 'info', 100, 1, NULL, 0, '2025-11-30 15:26:17'),
(646, 11, 144, 'Ride Details', 'ride_details', 'View details of a specific ride', 'FileText', 'Booking', 7, 1, NULL, 0, '2025-12-03 22:29:28'),
(647, 11, 147, 'Driver Dashboard', 'driver_dashboard', 'Driver home screen with earnings and ride requests', 'LayoutDashboard', 'Driver', 20, 1, NULL, 0, '2025-12-03 22:29:28'),
(648, 11, 148, 'Driver Earnings', 'driver_earnings', 'View earnings summary and payout history', 'DollarSign', 'Driver', 21, 1, NULL, 0, '2025-12-03 22:29:28'),
(649, 11, 149, 'Become a Driver', 'become_driver', 'Register as a driver and submit documents', 'Car', 'Driver', 22, 1, NULL, 0, '2025-12-03 22:29:28'),
(650, 11, 150, 'Driver Rides', 'driver_rides', 'View and manage ride requests as a driver', 'List', 'Driver', 23, 1, NULL, 0, '2025-12-03 22:29:28'),
(651, 11, 151, 'Saved Addresses', 'saved_addresses', 'Manage saved home, work, and favorite addresses', 'MapPin', 'Account', 8, 1, NULL, 0, '2025-12-03 22:29:28'),
(652, 11, 152, 'Rate Ride', 'rate_ride', 'Rate your ride and driver', 'Star', 'Booking', 9, 1, NULL, 0, '2025-12-03 22:29:28'),
(653, 11, 128, 'Logout', 'logout', 'Logout from the app', 'LogOut', 'Auth', 99, 1, NULL, 0, '2025-12-03 22:29:28'),
(654, 9, 139, 'Customer Service', 'customer_service', 'Contact form', 'email', 'Information', 50, 1, NULL, 0, '2025-12-08 15:08:22'),
(655, 9, 140, 'Poll', 'poll', 'General Poll', 'email', 'Information', 51, 1, NULL, 0, '2025-12-08 15:08:22'),
(656, 5, 116, 'Messages', 'messages', 'View your conversations with agents and sellers', 'MessageSquare', 'Communication', 102, 1, NULL, 0, '2025-12-09 19:41:43'),
(657, 5, 117, 'Chat', 'chat', 'Chat with agents and sellers', 'MessageCircle', 'Communication', 103, 1, NULL, 0, '2025-12-09 19:41:43'),
(658, 5, 131, 'Agent Dashboard', 'agent_dashboard', 'Overview of listings, inquiries, and activity', 'LayoutDashboard', 'Agent', 104, 1, NULL, 0, '2025-12-09 19:41:43'),
(659, 5, 129, 'My Listings', 'my_listings', 'Manage your property listings', 'Building', 'Agent', 105, 1, NULL, 0, '2025-12-09 19:41:43'),
(660, 5, 127, 'Create Listing', 'create_listing', 'Create a new property listing', 'PlusCircle', 'Agent', 106, 1, NULL, 0, '2025-12-09 19:41:43'),
(661, 5, 130, 'Edit Listing', 'edit_listing', 'Edit property listing details', 'Edit', 'Agent', 107, 1, NULL, 0, '2025-12-09 19:41:43'),
(662, 5, 132, 'Property Inquiries', 'property_inquiries', 'Manage inquiries from potential buyers', 'ClipboardList', 'Agent', 108, 1, NULL, 0, '2025-12-09 19:41:43'),
(663, 5, 133, 'Earnings', 'earnings', 'View commission and earnings', 'DollarSign', 'Agent', 109, 1, NULL, 0, '2025-12-09 19:41:43'),
(664, 5, 114, 'Saved Properties', 'saved_properties', 'Properties you have saved', 'Heart', 'Buyer', 110, 1, NULL, 0, '2025-12-09 19:41:43'),
(665, 5, 113, 'Schedule Showing', 'schedule_showing', 'Request a property showing', 'Calendar', 'Buyer', 111, 1, NULL, 0, '2025-12-09 19:41:43'),
(666, 5, 115, 'My Inquiries', 'my_inquiries', 'Track your property inquiries', 'FileText', 'Buyer', 112, 1, NULL, 0, '2025-12-09 19:41:43'),
(667, 5, 98, 'Agent Profile', 'agent_profile', 'View agent information and listings', 'User', 'Profile', 113, 1, NULL, 0, '2025-12-09 19:41:43'),
(668, 5, 128, 'Logout', 'logout', 'Sign out of your account', 'LogOut', 'Authentication', 114, 1, NULL, 0, '2025-12-09 19:41:43'),
(669, 5, 139, 'Customer Service', 'customer_service', 'Get help and support', 'Headphones', 'Information', 115, 1, NULL, 0, '2025-12-09 19:41:43');

-- --------------------------------------------------------

--
-- Table structure for table `app_template_screen_content`
--

CREATE TABLE `app_template_screen_content` (
  `id` int NOT NULL,
  `template_id` int NOT NULL,
  `screen_id` int NOT NULL,
  `element_instance_id` int DEFAULT NULL,
  `custom_element_id` int DEFAULT NULL,
  `content_value` text,
  `options` json DEFAULT NULL,
  `created_at` timestamp NULL DEFAULT CURRENT_TIMESTAMP,
  `updated_at` timestamp NULL DEFAULT CURRENT_TIMESTAMP ON UPDATE CURRENT_TIMESTAMP
) ENGINE=InnoDB DEFAULT CHARSET=utf8mb4 COLLATE=utf8mb4_0900_ai_ci;

--
-- Dumping data for table `app_template_screen_content`
--

INSERT INTO `app_template_screen_content` (`id`, `template_id`, `screen_id`, `element_instance_id`, `custom_element_id`, `content_value`, `options`, `created_at`, `updated_at`) VALUES
(32, 9, 18, 168, NULL, 'Property Rental', '{}', '2025-11-30 15:29:59', '2025-11-30 15:29:59'),
(33, 9, 18, 169, NULL, NULL, '{}', '2025-11-30 15:29:59', '2025-11-30 15:29:59'),
(34, 9, 18, 170, NULL, NULL, '{}', '2025-11-30 15:29:59', '2025-11-30 15:29:59'),
(35, 9, 18, 171, NULL, NULL, '{}', '2025-11-30 15:29:59', '2025-11-30 15:29:59'),
(36, 9, 18, 172, NULL, NULL, '{}', '2025-11-30 15:29:59', '2025-11-30 15:29:59'),
(37, 9, 18, 173, NULL, NULL, '{}', '2025-11-30 15:29:59', '2025-11-30 15:29:59'),
(38, 9, 65, 618, NULL, '<p>Bluestone Apps is a premier mobile application development company delivering the highest performance with unique execution and design process in every app solution it provides.</p><p><br></p><h2><strong style=\"color: rgb(28, 28, 28);\">Our History</strong></h2><p><span style=\"color: rgb(102, 102, 102);\">Bluestone Apps is the sister company to Knoxweb, which was established in 1996. With the rise of mobile apps in the world of technology, Bluestone Apps became its own entity in 2011. Since that time, our team has been dedicated to providing native and hybrid mobile app solutions to a global clientele. We have obtained expertise in a variety of app categories, including&nbsp;ride share platforms, fitness, audio &amp; video streaming, restaurant ordering, travel, radio stations, user subscriptions, e-commerce, auctions &amp; bidding, food &amp; package delivery, file sharing, health &amp; medical platforms, video chat, social media networks, and more!</span></p><p><br></p><h2><strong style=\"color: rgb(28, 28, 28);\">Our Headquarters</strong></h2><p>Bluestone Apps is located in Knoxville, TN, which is home to the University of Tennessee and neighbor to the Great Smoky Mountains. We also have satellite offices in Minneapolis, MN and San Diego, CA. While some of our clients prefer a local digital agency to create their projects, the vast majority of our valued clientele works with us remotely. Through video conferencing, screen sharing, phone conversations, and emails combined with a trusted project management platform, our team can bring your project to life no matter where you are in the world.</p><p><br></p><h2 class=\"ql-align-center\"><strong style=\"color: rgb(28, 28, 28);\">Our Team</strong></h2><p><br></p><p class=\"ql-align-center\">Comprised of over 38 employees, the Bluestone Apps team includes individuals who work in our sales, design, development, testing, and support departments. Our&nbsp;<a href=\"https://web.facebook.com/login.php?api_key=127760087237610&amp;skip_api_login=1&amp;display=popup&amp;logged_in=0&amp;page_id=140521879985103&amp;switch_user=0&amp;request_id=792cd314-7dbd-4157-8068-836abcf917f5&amp;referrer=https%3A%2F%2Fbluestoneapps.com%2F&amp;social_plugin=customer_chat&amp;next=https%3A%2F%2Fweb.facebook.com%2Fdialog%2Fplugin.optin%3F_path%3Dplugin.optin%26app_id%3D127760087237610%26client_id%3D127760087237610%26display%3Dpopup%26secure%3Dtrue%26social_plugin%3Dcustomer_chat%26return_params%3D%257B%2522ret%2522%253A%2522optin%2522%252C%2522app_id%2522%253Anull%252C%2522attribution%2522%253A%2522wordpress%2522%252C%2522attribution_version%2522%253A%25221.8%2522%252C%2522channel%2522%253A%2522https%253A%255C%252F%255C%252Fstaticxx.facebook.com%255C%252Fx%255C%252Fconnect%255C%252Fxd_arbiter%255C%252F%253Fversion%253D46%2523cb%253Df1bf0566a9464%2526domain%253Dbluestoneapps.com%2526origin%253Dhttps%255Cu00253A%255Cu00252F%255Cu00252Fbluestoneapps.com%255Cu00252Ff38b77c325c6d38%2526relation%253Dparent.parent%2522%252C%2522container_width%2522%253A%25220%2522%252C%2522local_state%2522%253A%2522%257B%255C%2522v%255C%2522%253A0%252C%255C%2522path%255C%2522%253A2%252C%255C%2522chatState%255C%2522%253A1%252C%255C%2522visibility%255C%2522%253A%255C%2522hidden%255C%2522%252C%255C%2522showUpgradePrompt%255C%2522%253A%255C%2522not_shown%255C%2522%257D%2522%252C%2522locale%2522%253A%2522en_US%2522%252C%2522page_id%2522%253A%2522140521879985103%2522%252C%2522request_time%2522%253A%25221615105114771%2522%252C%2522sdk%2522%253A%2522joey%2522%252C%2522_rdc%2522%253A%25221%2522%252C%2522_rdr%2522%253Anull%252C%2522customer_chat_origin_uri%2522%253A%2522https%253A%255C%252F%255C%252Fbluestoneapps.com%255C%252Ff38b77c325c6d38%2522%252C%2522referer_uri%2522%253A%2522https%253A%255C%252F%255C%252Fbluestoneapps.com%255C%252Ff38b77c325c6d38%2522%257D%26login_params%3D%257B%2522logged_in%2522%253Afalse%252C%2522page_id%2522%253A%2522140521879985103%2522%252C%2522switch_user%2522%253Afalse%252C%2522request_id%2522%253A%2522792cd314-7dbd-4157-8068-836abcf917f5%2522%252C%2522referrer%2522%253A%2522https%253A%255C%252F%255C%252Fbluestoneapps.com%255C%252F%2522%257D%26from_login%3D1\" rel=\"noopener noreferrer\" target=\"_blank\" style=\"background-color: transparent; color: rgb(102, 102, 102);\">clients</a>&nbsp;are also integral members of the&nbsp;<a href=\"https://bluestoneapps.com/mobile-apps-continue-to-evolve-our-way-of-living/\" rel=\"noopener noreferrer\" target=\"_blank\" style=\"background-color: transparent; color: rgb(102, 102, 102);\">team</a>&nbsp;-- we ensure that they are involved in every step of the development process.</p><p><br></p><h2 class=\"ql-align-center\">Lets Talk.</h2><p><br></p><p class=\"ql-align-center\">Ready to discuss your app idea? Please complete the form below, and a concept specialist will contact you soon to discuss your project. We are looking forward to working with you!</p>', NULL, '2025-11-30 15:29:59', '2025-11-30 15:29:59'),
(39, 9, 110, 798, NULL, NULL, '{}', '2025-11-30 15:29:59', '2025-11-30 15:29:59'),
(40, 9, 110, 799, NULL, 'Test', '{}', '2025-11-30 15:29:59', '2025-11-30 15:29:59'),
(41, 9, 110, 800, NULL, NULL, '{}', '2025-11-30 15:29:59', '2025-11-30 15:29:59'),
(42, 9, 110, 801, NULL, NULL, '{}', '2025-11-30 15:29:59', '2025-11-30 15:29:59'),
(43, 9, 110, 802, NULL, NULL, '{}', '2025-11-30 15:29:59', '2025-11-30 15:29:59'),
(44, 9, 110, 803, NULL, NULL, '{}', '2025-11-30 15:29:59', '2025-11-30 15:29:59'),
(45, 9, 110, 804, NULL, NULL, '{}', '2025-11-30 15:29:59', '2025-11-30 15:29:59'),
(46, 9, 110, 805, NULL, NULL, '{}', '2025-11-30 15:29:59', '2025-11-30 15:29:59'),
(48, 9, 112, 624, NULL, NULL, '{}', '2025-11-30 15:29:59', '2025-11-30 15:29:59'),
(49, 9, 127, 865, NULL, NULL, '{}', '2025-11-30 15:29:59', '2025-11-30 15:29:59'),
(50, 9, 137, 880, NULL, 'About test heading', '{}', '2025-11-30 15:29:59', '2025-11-30 15:29:59'),
(51, 9, 137, 881, NULL, 'This is a test description', '{}', '2025-11-30 15:29:59', '2025-11-30 15:29:59'),
(52, 9, 137, 882, NULL, NULL, '{}', '2025-11-30 15:29:59', '2025-11-30 15:29:59'),
(53, 9, 137, 883, NULL, 'Heading text test', '{}', '2025-11-30 15:29:59', '2025-11-30 15:29:59'),
(54, 9, 137, 884, NULL, 'Features test', '{}', '2025-11-30 15:29:59', '2025-11-30 15:29:59'),
(55, 9, 137, 885, NULL, 'This is a test', '{\"screenId\": 112, \"actionType\": \"screen\"}', '2025-11-30 15:29:59', '2025-11-30 15:29:59'),
(56, 9, 131, 873, NULL, NULL, '{\"showReviews\": true, \"showBookings\": true, \"showEarnings\": true, \"showListings\": true}', '2025-12-11 16:12:26', '2025-12-11 16:12:26');

-- --------------------------------------------------------

--
-- Table structure for table `app_template_screen_elements`
--

CREATE TABLE `app_template_screen_elements` (
  `id` int NOT NULL,
  `template_screen_id` int NOT NULL,
  `element_id` int NOT NULL,
  `field_key` varchar(100) CHARACTER SET utf8mb4 COLLATE utf8mb4_unicode_ci NOT NULL,
  `label` varchar(255) CHARACTER SET utf8mb4 COLLATE utf8mb4_unicode_ci DEFAULT NULL,
  `placeholder` varchar(255) CHARACTER SET utf8mb4 COLLATE utf8mb4_unicode_ci DEFAULT NULL,
  `default_value` text CHARACTER SET utf8mb4 COLLATE utf8mb4_unicode_ci,
  `is_required` tinyint(1) DEFAULT '0',
  `is_readonly` tinyint(1) DEFAULT '0',
  `display_order` int DEFAULT '0',
  `config` json DEFAULT NULL,
  `validation_rules` json DEFAULT NULL,
  `created_at` timestamp NULL DEFAULT CURRENT_TIMESTAMP
) ENGINE=InnoDB DEFAULT CHARSET=utf8mb4 COLLATE=utf8mb4_unicode_ci;

--
-- Dumping data for table `app_template_screen_elements`
--

INSERT INTO `app_template_screen_elements` (`id`, `template_screen_id`, `element_id`, `field_key`, `label`, `placeholder`, `default_value`, `is_required`, `is_readonly`, `display_order`, `config`, `validation_rules`, `created_at`) VALUES
(5, 2, 27, 'login_heading', 'Welcome Back', NULL, NULL, 0, 0, 0, NULL, NULL, '2025-11-04 20:15:18'),
(6, 2, 28, 'login_description', 'Please sign in to continue.', NULL, NULL, 0, 0, 1, NULL, NULL, '2025-11-04 20:15:18'),
(7, 2, 4, 'email', 'Email Address', 'your.email@example.com', NULL, 1, 0, 2, NULL, NULL, '2025-11-04 20:15:18'),
(8, 2, 1, 'password', 'Password', 'Enter your password', NULL, 1, 0, 3, NULL, NULL, '2025-11-04 20:15:18'),
(9, 2, 33, 'login_button', 'Sign In', NULL, NULL, 0, 0, 4, NULL, NULL, '2025-11-04 20:15:18'),
(10, 2, 28, 'forgot_password_link', 'Forgot your password?', NULL, NULL, 0, 0, 5, NULL, NULL, '2025-11-04 20:15:18'),
(21, 4, 27, 'verify_heading', 'Verify Your Email', NULL, NULL, 0, 0, 0, NULL, NULL, '2025-11-04 20:15:18'),
(22, 4, 28, 'verify_description', 'We sent a verification code to your email address. Please enter it below.', NULL, NULL, 0, 0, 1, NULL, NULL, '2025-11-04 20:15:18'),
(23, 4, 1, 'verification_code', 'Verification Code', 'Enter 6-digit code', NULL, 1, 0, 2, NULL, NULL, '2025-11-04 20:15:18'),
(24, 4, 33, 'verify_button', 'Verify Email', NULL, NULL, 0, 0, 3, NULL, NULL, '2025-11-04 20:15:18'),
(25, 4, 28, 'resend_link', 'Did not receive code? Resend', NULL, NULL, 0, 0, 4, NULL, NULL, '2025-11-04 20:15:18'),
(26, 5, 27, 'forgot_heading', 'Forgot Password?', NULL, NULL, 0, 0, 0, NULL, NULL, '2025-11-04 20:15:18'),
(27, 5, 28, 'forgot_description', 'Enter your email address and we will send you a link to reset your password.', NULL, NULL, 0, 0, 1, NULL, NULL, '2025-11-04 20:15:18'),
(28, 5, 4, 'email', 'Email Address', 'your.email@example.com', NULL, 1, 0, 2, NULL, NULL, '2025-11-04 20:15:18'),
(29, 5, 33, 'send_button', 'Send Reset Link', NULL, NULL, 0, 0, 3, NULL, NULL, '2025-11-04 20:15:18'),
(30, 5, 28, 'login_link', 'Remember your password? Login', NULL, NULL, 0, 0, 4, NULL, NULL, '2025-11-04 20:15:18'),
(31, 6, 27, 'reset_heading', 'Reset Password', NULL, NULL, 0, 0, 0, NULL, NULL, '2025-11-04 20:15:18'),
(32, 6, 28, 'reset_description', 'Please enter your new password below.', NULL, NULL, 0, 0, 1, NULL, NULL, '2025-11-04 20:15:18'),
(33, 6, 1, 'new_password', 'New Password', 'Enter new password', NULL, 1, 0, 2, NULL, NULL, '2025-11-04 20:15:18'),
(34, 6, 1, 'confirm_password', 'Confirm Password', 'Re-enter new password', NULL, 1, 0, 3, NULL, NULL, '2025-11-04 20:15:18'),
(35, 6, 33, 'reset_button', 'Reset Password', NULL, NULL, 0, 0, 4, NULL, NULL, '2025-11-04 20:15:18'),
(36, 9, 27, 'product_name', 'Product Name', NULL, NULL, 0, 0, 0, NULL, NULL, '2025-11-04 20:15:18'),
(37, 9, 28, 'product_subtitle', 'Premium Quality Product', NULL, NULL, 0, 0, 1, NULL, NULL, '2025-11-04 20:15:18'),
(38, 9, 27, 'price_label', 'Price', NULL, NULL, 0, 0, 2, NULL, NULL, '2025-11-04 20:15:18'),
(39, 9, 28, 'product_price', '$99.99', NULL, NULL, 0, 0, 3, NULL, NULL, '2025-11-04 20:15:18'),
(40, 9, 27, 'description_label', 'Description', NULL, NULL, 0, 0, 4, NULL, NULL, '2025-11-04 20:15:18'),
(41, 9, 28, 'product_description', 'This is a high-quality product designed to meet your needs. Made with premium materials and built to last.', NULL, NULL, 0, 0, 5, NULL, NULL, '2025-11-04 20:15:18'),
(42, 9, 27, 'features_label', 'Features', NULL, NULL, 0, 0, 6, NULL, NULL, '2025-11-04 20:15:18'),
(43, 9, 28, 'product_features', ' Premium quality materials\n Durable construction\n Easy to use\n 1-year warranty', NULL, NULL, 0, 0, 7, NULL, NULL, '2025-11-04 20:15:18'),
(44, 9, 27, 'quantity_label', 'Quantity', NULL, NULL, 0, 0, 8, NULL, NULL, '2025-11-04 20:15:18'),
(45, 9, 11, 'quantity', 'Quantity', '1', NULL, 0, 0, 9, NULL, NULL, '2025-11-04 20:15:18'),
(46, 9, 33, 'add_to_cart_button', 'Add to Cart', NULL, NULL, 0, 0, 10, NULL, NULL, '2025-11-04 20:15:18'),
(47, 9, 33, 'buy_now_button', 'Buy Now', NULL, NULL, 0, 0, 11, NULL, NULL, '2025-11-04 20:15:18'),
(48, 11, 27, 'checkout_heading', 'Checkout', NULL, NULL, 0, 0, 0, NULL, NULL, '2025-11-04 20:15:18'),
(49, 11, 27, 'shipping_heading', 'Shipping Address', NULL, NULL, 0, 0, 1, NULL, NULL, '2025-11-04 20:15:18'),
(50, 11, 1, 'shipping_name', 'Full Name', 'Enter full name', NULL, 1, 0, 2, NULL, NULL, '2025-11-04 20:15:18'),
(51, 11, 1, 'address_line1', 'Address Line 1', 'Street address', NULL, 1, 0, 3, NULL, NULL, '2025-11-04 20:15:18'),
(52, 11, 1, 'address_line2', 'Address Line 2', 'Apt, suite, etc. (optional)', NULL, 0, 0, 4, NULL, NULL, '2025-11-04 20:15:18'),
(53, 11, 1, 'city', 'City', 'City', NULL, 1, 0, 5, NULL, NULL, '2025-11-04 20:15:18'),
(54, 11, 1, 'state', 'State/Province', 'State', NULL, 1, 0, 6, NULL, NULL, '2025-11-04 20:15:18'),
(55, 11, 1, 'zip', 'ZIP/Postal Code', 'ZIP code', NULL, 1, 0, 7, NULL, NULL, '2025-11-04 20:15:18'),
(56, 11, 5, 'phone', 'Phone', '(555) 123-4567', NULL, 1, 0, 8, NULL, NULL, '2025-11-04 20:15:18'),
(57, 11, 27, 'payment_heading', 'Payment Method', NULL, NULL, 0, 0, 9, NULL, NULL, '2025-11-04 20:15:18'),
(58, 11, 28, 'payment_method', 'Credit/Debit Card', NULL, NULL, 0, 0, 10, NULL, NULL, '2025-11-04 20:15:18'),
(59, 11, 33, 'place_order_button', 'Place Order', NULL, NULL, 0, 0, 11, NULL, NULL, '2025-11-04 20:15:18'),
(60, 13, 27, 'profile_heading', 'My Profile', NULL, NULL, 0, 0, 0, NULL, NULL, '2025-11-04 20:15:18'),
(61, 13, 28, 'profile_description', 'Update your personal information below.', NULL, NULL, 0, 0, 1, NULL, NULL, '2025-11-04 20:15:18'),
(62, 13, 1, 'first_name', 'First Name', 'Enter your first name', NULL, 1, 0, 2, NULL, NULL, '2025-11-04 20:15:18'),
(63, 13, 1, 'last_name', 'Last Name', 'Enter your last name', NULL, 1, 0, 3, NULL, NULL, '2025-11-04 20:15:18'),
(64, 13, 4, 'email', 'Email', 'your.email@example.com', NULL, 1, 0, 4, NULL, NULL, '2025-11-04 20:15:18'),
(65, 13, 5, 'phone', 'Phone', '(555) 123-4567', NULL, 0, 0, 5, NULL, NULL, '2025-11-04 20:15:18'),
(66, 13, 2, 'bio', 'Bio', 'Tell us about yourself...', NULL, 0, 0, 6, NULL, NULL, '2025-11-04 20:15:18'),
(67, 13, 33, 'save_button', 'Save Changes', NULL, NULL, 0, 0, 7, NULL, NULL, '2025-11-04 20:15:18'),
(68, 14, 47, 'profile_photo', 'Profile Photo', 'Upload profile photo', '', 0, 0, 1, '{\"width\": \"150px\", \"height\": \"150px\", \"altText\": \"Profile Photo\", \"imageUrl\": \"https://placehold.co/150x150?text=Photo\", \"alignment\": \"center\"}', NULL, '2025-11-04 20:15:18'),
(69, 14, 1, 'first_name', 'First Name', 'Enter your first name', '', 1, 0, 2, NULL, NULL, '2025-11-04 20:15:18'),
(70, 14, 1, 'last_name', 'Last Name', 'Enter your last name', '', 1, 0, 3, NULL, NULL, '2025-11-04 20:15:18'),
(71, 14, 4, 'email', 'Email Address', 'your.email@example.com', '', 1, 0, 4, NULL, NULL, '2025-11-04 20:15:18'),
(72, 14, 5, 'phone', 'Phone Number', '+1 (555) 123-4567', '', 0, 0, 5, NULL, NULL, '2025-11-04 20:15:18'),
(73, 14, 2, 'bio', 'Bio', 'Tell us about yourself...', '', 0, 0, 6, NULL, NULL, '2025-11-04 20:15:18'),
(74, 14, 17, 'date_of_birth', 'Date of Birth', 'Select your date of birth', '', 0, 0, 7, NULL, NULL, '2025-11-04 20:15:18'),
(75, 14, 10, 'gender', 'Gender', 'Select your gender', '', 0, 0, 8, '{\"options\": [{\"label\": \"Male\", \"value\": \"male\"}, {\"label\": \"Female\", \"value\": \"female\"}, {\"label\": \"Non-binary\", \"value\": \"non_binary\"}, {\"label\": \"Prefer not to say\", \"value\": \"prefer_not_to_say\"}]}', NULL, '2025-11-04 20:15:18'),
(76, 14, 33, 'save_button', 'Save Changes', '', '', 0, 0, 9, NULL, NULL, '2025-11-04 20:15:18'),
(77, 14, 34, 'change_password_link', 'Change Password', '', '', 0, 0, 10, NULL, NULL, '2025-11-04 20:15:18'),
(78, 15, 27, 'notifications_heading', 'Notifications', NULL, NULL, 0, 0, 0, NULL, NULL, '2025-11-04 20:15:18'),
(79, 15, 28, 'notifications_description', 'Stay updated with your latest activities', NULL, NULL, 0, 0, 1, NULL, NULL, '2025-11-04 20:15:18'),
(80, 15, 28, 'notification_1', 'You have a new message', NULL, NULL, 0, 0, 2, NULL, NULL, '2025-11-04 20:15:18'),
(81, 15, 28, 'notification_2', 'Your order has been shipped', NULL, NULL, 0, 0, 3, NULL, NULL, '2025-11-04 20:15:18'),
(82, 15, 28, 'notification_3', 'New friend request', NULL, NULL, 0, 0, 4, NULL, NULL, '2025-11-04 20:15:18'),
(83, 15, 33, 'mark_read_button', 'Mark All as Read', NULL, NULL, 0, 0, 5, NULL, NULL, '2025-11-04 20:15:18'),
(84, 16, 27, 'settings_heading', 'Settings', NULL, NULL, 0, 0, 0, NULL, NULL, '2025-11-04 20:15:18'),
(85, 16, 28, 'settings_description', 'Manage your app preferences', NULL, NULL, 0, 0, 1, NULL, NULL, '2025-11-04 20:15:18'),
(86, 16, 27, 'account_section', 'Account', NULL, NULL, 0, 0, 2, NULL, NULL, '2025-11-04 20:15:18'),
(87, 16, 28, 'edit_profile_link', 'Edit Profile', NULL, NULL, 0, 0, 3, NULL, NULL, '2025-11-04 20:15:18'),
(88, 16, 28, 'change_password_link', 'Change Password', NULL, NULL, 0, 0, 4, NULL, NULL, '2025-11-04 20:15:18'),
(89, 16, 27, 'notifications_section', 'Notifications', NULL, NULL, 0, 0, 5, NULL, NULL, '2025-11-04 20:15:18'),
(90, 16, 28, 'push_notifications_toggle', 'Push Notifications', NULL, NULL, 0, 0, 6, NULL, NULL, '2025-11-04 20:15:18'),
(91, 16, 28, 'email_notifications_toggle', 'Email Notifications', NULL, NULL, 0, 0, 7, NULL, NULL, '2025-11-04 20:15:18'),
(92, 16, 27, 'privacy_section', 'Privacy', NULL, NULL, 0, 0, 8, NULL, NULL, '2025-11-04 20:15:18'),
(93, 16, 28, 'privacy_policy_link', 'Privacy Policy', NULL, NULL, 0, 0, 9, NULL, NULL, '2025-11-04 20:15:18'),
(94, 16, 28, 'terms_link', 'Terms of Service', NULL, NULL, 0, 0, 10, NULL, NULL, '2025-11-04 20:15:18'),
(95, 16, 33, 'logout_button', 'Logout', NULL, NULL, 0, 0, 11, NULL, NULL, '2025-11-04 20:15:18'),
(96, 17, 27, 'privacy_heading', 'Privacy Policy', NULL, NULL, 0, 0, 0, NULL, NULL, '2025-11-04 20:15:18'),
(97, 17, 28, 'last_updated', 'Last updated: November 2025', NULL, NULL, 0, 0, 1, NULL, NULL, '2025-11-04 20:15:18'),
(98, 17, 27, 'section1_heading', 'Information We Collect', NULL, NULL, 0, 0, 2, NULL, NULL, '2025-11-04 20:15:18'),
(99, 17, 28, 'section1_text', 'We collect information you provide directly to us, including name, email, and usage data.', NULL, NULL, 0, 0, 3, NULL, NULL, '2025-11-04 20:15:18'),
(100, 17, 27, 'section2_heading', 'How We Use Your Information', NULL, NULL, 0, 0, 4, NULL, NULL, '2025-11-04 20:15:18'),
(101, 17, 28, 'section2_text', 'We use your information to provide, maintain, and improve our services.', NULL, NULL, 0, 0, 5, NULL, NULL, '2025-11-04 20:15:18'),
(102, 17, 27, 'section3_heading', 'Data Security', NULL, NULL, 0, 0, 6, NULL, NULL, '2025-11-04 20:15:18'),
(103, 17, 28, 'section3_text', 'We implement appropriate security measures to protect your personal information.', NULL, NULL, 0, 0, 7, NULL, NULL, '2025-11-04 20:15:18'),
(104, 18, 27, 'terms_heading', 'Terms of Service', NULL, NULL, 0, 0, 0, NULL, NULL, '2025-11-04 20:15:18'),
(105, 18, 28, 'last_updated', 'Last updated: November 2025', NULL, NULL, 0, 0, 1, NULL, NULL, '2025-11-04 20:15:18'),
(106, 18, 27, 'section1_heading', 'Acceptance of Terms', NULL, NULL, 0, 0, 2, NULL, NULL, '2025-11-04 20:15:18'),
(107, 18, 28, 'section1_text', 'By accessing our service, you agree to be bound by these terms.', NULL, NULL, 0, 0, 3, NULL, NULL, '2025-11-04 20:15:18'),
(108, 18, 27, 'section2_heading', 'User Responsibilities', NULL, NULL, 0, 0, 4, NULL, NULL, '2025-11-04 20:15:18'),
(109, 18, 28, 'section2_text', 'You are responsible for maintaining the confidentiality of your account.', NULL, NULL, 0, 0, 5, NULL, NULL, '2025-11-04 20:15:18'),
(110, 18, 27, 'section3_heading', 'Termination', NULL, NULL, 0, 0, 6, NULL, NULL, '2025-11-04 20:15:18'),
(111, 18, 28, 'section3_text', 'We may terminate or suspend access to our service immediately, without prior notice.', NULL, NULL, 0, 0, 7, NULL, NULL, '2025-11-04 20:15:18'),
(133, 22, 27, 'login_heading', 'Welcome Back', NULL, NULL, 0, 0, 0, NULL, NULL, '2025-11-04 20:15:18'),
(134, 22, 28, 'login_description', 'Please sign in to continue.', NULL, NULL, 0, 0, 1, NULL, NULL, '2025-11-04 20:15:18'),
(135, 22, 4, 'email', 'Email Address', 'your.email@example.com', NULL, 1, 0, 2, NULL, NULL, '2025-11-04 20:15:18'),
(136, 22, 1, 'password', 'Password', 'Enter your password', NULL, 1, 0, 3, NULL, NULL, '2025-11-04 20:15:18'),
(137, 22, 33, 'login_button', 'Sign In', NULL, NULL, 0, 0, 4, NULL, NULL, '2025-11-04 20:15:18'),
(138, 22, 28, 'forgot_password_link', 'Forgot your password?', NULL, NULL, 0, 0, 5, NULL, NULL, '2025-11-04 20:15:18'),
(149, 24, 27, 'verify_heading', 'Verify Your Email', NULL, NULL, 0, 0, 0, NULL, NULL, '2025-11-04 20:15:18'),
(150, 24, 28, 'verify_description', 'We sent a verification code to your email address. Please enter it below.', NULL, NULL, 0, 0, 1, NULL, NULL, '2025-11-04 20:15:18'),
(151, 24, 1, 'verification_code', 'Verification Code', 'Enter 6-digit code', NULL, 1, 0, 2, NULL, NULL, '2025-11-04 20:15:18'),
(152, 24, 33, 'verify_button', 'Verify Email', NULL, NULL, 0, 0, 3, NULL, NULL, '2025-11-04 20:15:18'),
(153, 24, 28, 'resend_link', 'Did not receive code? Resend', NULL, NULL, 0, 0, 4, NULL, NULL, '2025-11-04 20:15:18'),
(154, 25, 27, 'forgot_heading', 'Forgot Password?', NULL, NULL, 0, 0, 0, NULL, NULL, '2025-11-04 20:15:18'),
(155, 25, 28, 'forgot_description', 'Enter your email address and we will send you a link to reset your password.', NULL, NULL, 0, 0, 1, NULL, NULL, '2025-11-04 20:15:18'),
(156, 25, 4, 'email', 'Email Address', 'your.email@example.com', NULL, 1, 0, 2, NULL, NULL, '2025-11-04 20:15:18'),
(157, 25, 33, 'send_button', 'Send Reset Link', NULL, NULL, 0, 0, 3, NULL, NULL, '2025-11-04 20:15:18'),
(158, 25, 28, 'login_link', 'Remember your password? Login', NULL, NULL, 0, 0, 4, NULL, NULL, '2025-11-04 20:15:18'),
(159, 26, 27, 'reset_heading', 'Reset Password', NULL, NULL, 0, 0, 0, NULL, NULL, '2025-11-04 20:15:18'),
(160, 26, 28, 'reset_description', 'Please enter your new password below.', NULL, NULL, 0, 0, 1, NULL, NULL, '2025-11-04 20:15:18'),
(161, 26, 1, 'new_password', 'New Password', 'Enter new password', NULL, 1, 0, 2, NULL, NULL, '2025-11-04 20:15:18'),
(162, 26, 1, 'confirm_password', 'Confirm Password', 'Re-enter new password', NULL, 1, 0, 3, NULL, NULL, '2025-11-04 20:15:18'),
(163, 26, 33, 'reset_button', 'Reset Password', NULL, NULL, 0, 0, 4, NULL, NULL, '2025-11-04 20:15:18'),
(164, 28, 27, 'search_heading', 'Search', NULL, NULL, 0, 0, 0, NULL, NULL, '2025-11-04 20:15:18'),
(165, 28, 1, 'search_input', 'Search', 'What are you looking for?', NULL, 0, 0, 1, NULL, NULL, '2025-11-04 20:15:18'),
(166, 28, 28, 'popular_section', 'Popular Searches', NULL, NULL, 0, 0, 2, NULL, NULL, '2025-11-04 20:15:18'),
(167, 28, 28, 'popular_1', 'Products', NULL, NULL, 0, 0, 3, NULL, NULL, '2025-11-04 20:15:18'),
(168, 28, 28, 'popular_2', 'Services', NULL, NULL, 0, 0, 4, NULL, NULL, '2025-11-04 20:15:18'),
(169, 28, 28, 'popular_3', 'Articles', NULL, NULL, 0, 0, 5, NULL, NULL, '2025-11-04 20:15:18'),
(170, 28, 33, 'search_button', 'Search', NULL, NULL, 0, 0, 6, NULL, NULL, '2025-11-04 20:15:18'),
(171, 30, 27, 'profile_heading', 'My Profile', NULL, NULL, 0, 0, 0, NULL, NULL, '2025-11-04 20:15:18'),
(172, 30, 28, 'profile_description', 'Update your personal information below.', NULL, NULL, 0, 0, 1, NULL, NULL, '2025-11-04 20:15:18'),
(173, 30, 1, 'first_name', 'First Name', 'Enter your first name', NULL, 1, 0, 2, NULL, NULL, '2025-11-04 20:15:18'),
(174, 30, 1, 'last_name', 'Last Name', 'Enter your last name', NULL, 1, 0, 3, NULL, NULL, '2025-11-04 20:15:18'),
(175, 30, 4, 'email', 'Email', 'your.email@example.com', NULL, 1, 0, 4, NULL, NULL, '2025-11-04 20:15:18'),
(176, 30, 5, 'phone', 'Phone', '(555) 123-4567', NULL, 0, 0, 5, NULL, NULL, '2025-11-04 20:15:18'),
(177, 30, 2, 'bio', 'Bio', 'Tell us about yourself...', NULL, 0, 0, 6, NULL, NULL, '2025-11-04 20:15:18'),
(178, 30, 33, 'save_button', 'Save Changes', NULL, NULL, 0, 0, 7, NULL, NULL, '2025-11-04 20:15:18'),
(179, 31, 47, 'profile_photo', 'Profile Photo', 'Upload profile photo', '', 0, 0, 1, '{\"width\": \"150px\", \"height\": \"150px\", \"altText\": \"Profile Photo\", \"imageUrl\": \"https://placehold.co/150x150?text=Photo\", \"alignment\": \"center\"}', NULL, '2025-11-04 20:15:18'),
(180, 31, 1, 'first_name', 'First Name', 'Enter your first name', '', 1, 0, 2, NULL, NULL, '2025-11-04 20:15:18'),
(181, 31, 1, 'last_name', 'Last Name', 'Enter your last name', '', 1, 0, 3, NULL, NULL, '2025-11-04 20:15:18'),
(182, 31, 4, 'email', 'Email Address', 'your.email@example.com', '', 1, 0, 4, NULL, NULL, '2025-11-04 20:15:18'),
(183, 31, 5, 'phone', 'Phone Number', '+1 (555) 123-4567', '', 0, 0, 5, NULL, NULL, '2025-11-04 20:15:18'),
(184, 31, 2, 'bio', 'Bio', 'Tell us about yourself...', '', 0, 0, 6, NULL, NULL, '2025-11-04 20:15:18'),
(185, 31, 17, 'date_of_birth', 'Date of Birth', 'Select your date of birth', '', 0, 0, 7, NULL, NULL, '2025-11-04 20:15:18'),
(186, 31, 10, 'gender', 'Gender', 'Select your gender', '', 0, 0, 8, '{\"options\": [{\"label\": \"Male\", \"value\": \"male\"}, {\"label\": \"Female\", \"value\": \"female\"}, {\"label\": \"Non-binary\", \"value\": \"non_binary\"}, {\"label\": \"Prefer not to say\", \"value\": \"prefer_not_to_say\"}]}', NULL, '2025-11-04 20:15:18'),
(187, 31, 33, 'save_button', 'Save Changes', '', '', 0, 0, 9, NULL, NULL, '2025-11-04 20:15:18'),
(188, 31, 34, 'change_password_link', 'Change Password', '', '', 0, 0, 10, NULL, NULL, '2025-11-04 20:15:18'),
(189, 32, 27, 'notifications_heading', 'Notifications', NULL, NULL, 0, 0, 0, NULL, NULL, '2025-11-04 20:15:18'),
(190, 32, 28, 'notifications_description', 'Stay updated with your latest activities', NULL, NULL, 0, 0, 1, NULL, NULL, '2025-11-04 20:15:18'),
(191, 32, 28, 'notification_1', 'You have a new message', NULL, NULL, 0, 0, 2, NULL, NULL, '2025-11-04 20:15:18'),
(192, 32, 28, 'notification_2', 'Your order has been shipped', NULL, NULL, 0, 0, 3, NULL, NULL, '2025-11-04 20:15:18'),
(193, 32, 28, 'notification_3', 'New friend request', NULL, NULL, 0, 0, 4, NULL, NULL, '2025-11-04 20:15:18'),
(194, 32, 33, 'mark_read_button', 'Mark All as Read', NULL, NULL, 0, 0, 5, NULL, NULL, '2025-11-04 20:15:18'),
(195, 33, 27, 'settings_heading', 'Settings', NULL, NULL, 0, 0, 0, NULL, NULL, '2025-11-04 20:15:18'),
(196, 33, 28, 'settings_description', 'Manage your app preferences', NULL, NULL, 0, 0, 1, NULL, NULL, '2025-11-04 20:15:18'),
(197, 33, 27, 'account_section', 'Account', NULL, NULL, 0, 0, 2, NULL, NULL, '2025-11-04 20:15:18'),
(198, 33, 28, 'edit_profile_link', 'Edit Profile', NULL, NULL, 0, 0, 3, NULL, NULL, '2025-11-04 20:15:18'),
(199, 33, 28, 'change_password_link', 'Change Password', NULL, NULL, 0, 0, 4, NULL, NULL, '2025-11-04 20:15:18'),
(200, 33, 27, 'notifications_section', 'Notifications', NULL, NULL, 0, 0, 5, NULL, NULL, '2025-11-04 20:15:18'),
(201, 33, 28, 'push_notifications_toggle', 'Push Notifications', NULL, NULL, 0, 0, 6, NULL, NULL, '2025-11-04 20:15:18'),
(202, 33, 28, 'email_notifications_toggle', 'Email Notifications', NULL, NULL, 0, 0, 7, NULL, NULL, '2025-11-04 20:15:18'),
(203, 33, 27, 'privacy_section', 'Privacy', NULL, NULL, 0, 0, 8, NULL, NULL, '2025-11-04 20:15:18'),
(204, 33, 28, 'privacy_policy_link', 'Privacy Policy', NULL, NULL, 0, 0, 9, NULL, NULL, '2025-11-04 20:15:18'),
(205, 33, 28, 'terms_link', 'Terms of Service', NULL, NULL, 0, 0, 10, NULL, NULL, '2025-11-04 20:15:18'),
(206, 33, 33, 'logout_button', 'Logout', NULL, NULL, 0, 0, 11, NULL, NULL, '2025-11-04 20:15:18'),
(207, 34, 27, 'privacy_heading', 'Privacy Policy', NULL, NULL, 0, 0, 0, NULL, NULL, '2025-11-04 20:15:18'),
(208, 34, 28, 'last_updated', 'Last updated: November 2025', NULL, NULL, 0, 0, 1, NULL, NULL, '2025-11-04 20:15:18'),
(209, 34, 27, 'section1_heading', 'Information We Collect', NULL, NULL, 0, 0, 2, NULL, NULL, '2025-11-04 20:15:18'),
(210, 34, 28, 'section1_text', 'We collect information you provide directly to us, including name, email, and usage data.', NULL, NULL, 0, 0, 3, NULL, NULL, '2025-11-04 20:15:18'),
(211, 34, 27, 'section2_heading', 'How We Use Your Information', NULL, NULL, 0, 0, 4, NULL, NULL, '2025-11-04 20:15:18'),
(212, 34, 28, 'section2_text', 'We use your information to provide, maintain, and improve our services.', NULL, NULL, 0, 0, 5, NULL, NULL, '2025-11-04 20:15:18'),
(213, 34, 27, 'section3_heading', 'Data Security', NULL, NULL, 0, 0, 6, NULL, NULL, '2025-11-04 20:15:18'),
(214, 34, 28, 'section3_text', 'We implement appropriate security measures to protect your personal information.', NULL, NULL, 0, 0, 7, NULL, NULL, '2025-11-04 20:15:18'),
(215, 35, 27, 'terms_heading', 'Terms of Service', NULL, NULL, 0, 0, 0, NULL, NULL, '2025-11-04 20:15:18'),
(216, 35, 28, 'last_updated', 'Last updated: November 2025', NULL, NULL, 0, 0, 1, NULL, NULL, '2025-11-04 20:15:18'),
(217, 35, 27, 'section1_heading', 'Acceptance of Terms', NULL, NULL, 0, 0, 2, NULL, NULL, '2025-11-04 20:15:18'),
(218, 35, 28, 'section1_text', 'By accessing our service, you agree to be bound by these terms.', NULL, NULL, 0, 0, 3, NULL, NULL, '2025-11-04 20:15:18'),
(219, 35, 27, 'section2_heading', 'User Responsibilities', NULL, NULL, 0, 0, 4, NULL, NULL, '2025-11-04 20:15:18'),
(220, 35, 28, 'section2_text', 'You are responsible for maintaining the confidentiality of your account.', NULL, NULL, 0, 0, 5, NULL, NULL, '2025-11-04 20:15:18'),
(221, 35, 27, 'section3_heading', 'Termination', NULL, NULL, 0, 0, 6, NULL, NULL, '2025-11-04 20:15:18'),
(222, 35, 28, 'section3_text', 'We may terminate or suspend access to our service immediately, without prior notice.', NULL, NULL, 0, 0, 7, NULL, NULL, '2025-11-04 20:15:18'),
(244, 39, 27, 'login_heading', 'Welcome Back', NULL, NULL, 0, 0, 0, NULL, NULL, '2025-11-04 20:15:18'),
(245, 39, 28, 'login_description', 'Please sign in to continue.', NULL, NULL, 0, 0, 1, NULL, NULL, '2025-11-04 20:15:18'),
(246, 39, 4, 'email', 'Email Address', 'your.email@example.com', NULL, 1, 0, 2, NULL, NULL, '2025-11-04 20:15:18'),
(247, 39, 1, 'password', 'Password', 'Enter your password', NULL, 1, 0, 3, NULL, NULL, '2025-11-04 20:15:18'),
(248, 39, 33, 'login_button', 'Sign In', NULL, NULL, 0, 0, 4, NULL, NULL, '2025-11-04 20:15:18'),
(249, 39, 28, 'forgot_password_link', 'Forgot your password?', NULL, NULL, 0, 0, 5, NULL, NULL, '2025-11-04 20:15:18'),
(260, 41, 27, 'verify_heading', 'Verify Your Email', NULL, NULL, 0, 0, 0, NULL, NULL, '2025-11-04 20:15:18'),
(261, 41, 28, 'verify_description', 'We sent a verification code to your email address. Please enter it below.', NULL, NULL, 0, 0, 1, NULL, NULL, '2025-11-04 20:15:18'),
(262, 41, 1, 'verification_code', 'Verification Code', 'Enter 6-digit code', NULL, 1, 0, 2, NULL, NULL, '2025-11-04 20:15:18'),
(263, 41, 33, 'verify_button', 'Verify Email', NULL, NULL, 0, 0, 3, NULL, NULL, '2025-11-04 20:15:18'),
(264, 41, 28, 'resend_link', 'Did not receive code? Resend', NULL, NULL, 0, 0, 4, NULL, NULL, '2025-11-04 20:15:18'),
(265, 42, 27, 'forgot_heading', 'Forgot Password?', NULL, NULL, 0, 0, 0, NULL, NULL, '2025-11-04 20:15:18'),
(266, 42, 28, 'forgot_description', 'Enter your email address and we will send you a link to reset your password.', NULL, NULL, 0, 0, 1, NULL, NULL, '2025-11-04 20:15:18'),
(267, 42, 4, 'email', 'Email Address', 'your.email@example.com', NULL, 1, 0, 2, NULL, NULL, '2025-11-04 20:15:18'),
(268, 42, 33, 'send_button', 'Send Reset Link', NULL, NULL, 0, 0, 3, NULL, NULL, '2025-11-04 20:15:18'),
(269, 42, 28, 'login_link', 'Remember your password? Login', NULL, NULL, 0, 0, 4, NULL, NULL, '2025-11-04 20:15:18'),
(270, 43, 27, 'reset_heading', 'Reset Password', NULL, NULL, 0, 0, 0, NULL, NULL, '2025-11-04 20:15:18'),
(271, 43, 28, 'reset_description', 'Please enter your new password below.', NULL, NULL, 0, 0, 1, NULL, NULL, '2025-11-04 20:15:18'),
(272, 43, 1, 'new_password', 'New Password', 'Enter new password', NULL, 1, 0, 2, NULL, NULL, '2025-11-04 20:15:18'),
(273, 43, 1, 'confirm_password', 'Confirm Password', 'Re-enter new password', NULL, 1, 0, 3, NULL, NULL, '2025-11-04 20:15:18'),
(274, 43, 33, 'reset_button', 'Reset Password', NULL, NULL, 0, 0, 4, NULL, NULL, '2025-11-04 20:15:18'),
(275, 47, 27, 'checkout_heading', 'Checkout', NULL, NULL, 0, 0, 0, NULL, NULL, '2025-11-04 20:15:18'),
(276, 47, 27, 'shipping_heading', 'Shipping Address', NULL, NULL, 0, 0, 1, NULL, NULL, '2025-11-04 20:15:18'),
(277, 47, 1, 'shipping_name', 'Full Name', 'Enter full name', NULL, 1, 0, 2, NULL, NULL, '2025-11-04 20:15:18'),
(278, 47, 1, 'address_line1', 'Address Line 1', 'Street address', NULL, 1, 0, 3, NULL, NULL, '2025-11-04 20:15:18'),
(279, 47, 1, 'address_line2', 'Address Line 2', 'Apt, suite, etc. (optional)', NULL, 0, 0, 4, NULL, NULL, '2025-11-04 20:15:18'),
(280, 47, 1, 'city', 'City', 'City', NULL, 1, 0, 5, NULL, NULL, '2025-11-04 20:15:18'),
(281, 47, 1, 'state', 'State/Province', 'State', NULL, 1, 0, 6, NULL, NULL, '2025-11-04 20:15:18'),
(282, 47, 1, 'zip', 'ZIP/Postal Code', 'ZIP code', NULL, 1, 0, 7, NULL, NULL, '2025-11-04 20:15:18'),
(283, 47, 5, 'phone', 'Phone', '(555) 123-4567', NULL, 1, 0, 8, NULL, NULL, '2025-11-04 20:15:18'),
(284, 47, 27, 'payment_heading', 'Payment Method', NULL, NULL, 0, 0, 9, NULL, NULL, '2025-11-04 20:15:18'),
(285, 47, 28, 'payment_method', 'Credit/Debit Card', NULL, NULL, 0, 0, 10, NULL, NULL, '2025-11-04 20:15:18'),
(286, 47, 33, 'place_order_button', 'Place Order', NULL, NULL, 0, 0, 11, NULL, NULL, '2025-11-04 20:15:18'),
(287, 50, 27, 'profile_heading', 'My Profile', NULL, NULL, 0, 0, 0, NULL, NULL, '2025-11-04 20:15:18'),
(288, 50, 28, 'profile_description', 'Update your personal information below.', NULL, NULL, 0, 0, 1, NULL, NULL, '2025-11-04 20:15:18'),
(289, 50, 1, 'first_name', 'First Name', 'Enter your first name', NULL, 1, 0, 2, NULL, NULL, '2025-11-04 20:15:18'),
(290, 50, 1, 'last_name', 'Last Name', 'Enter your last name', NULL, 1, 0, 3, NULL, NULL, '2025-11-04 20:15:18'),
(291, 50, 4, 'email', 'Email', 'your.email@example.com', NULL, 1, 0, 4, NULL, NULL, '2025-11-04 20:15:18'),
(292, 50, 5, 'phone', 'Phone', '(555) 123-4567', NULL, 0, 0, 5, NULL, NULL, '2025-11-04 20:15:18'),
(293, 50, 2, 'bio', 'Bio', 'Tell us about yourself...', NULL, 0, 0, 6, NULL, NULL, '2025-11-04 20:15:18'),
(294, 50, 33, 'save_button', 'Save Changes', NULL, NULL, 0, 0, 7, NULL, NULL, '2025-11-04 20:15:18'),
(295, 51, 47, 'profile_photo', 'Profile Photo', 'Upload profile photo', '', 0, 0, 1, '{\"width\": \"150px\", \"height\": \"150px\", \"altText\": \"Profile Photo\", \"imageUrl\": \"https://placehold.co/150x150?text=Photo\", \"alignment\": \"center\"}', NULL, '2025-11-04 20:15:18'),
(296, 51, 1, 'first_name', 'First Name', 'Enter your first name', '', 1, 0, 2, NULL, NULL, '2025-11-04 20:15:18'),
(297, 51, 1, 'last_name', 'Last Name', 'Enter your last name', '', 1, 0, 3, NULL, NULL, '2025-11-04 20:15:18'),
(298, 51, 4, 'email', 'Email Address', 'your.email@example.com', '', 1, 0, 4, NULL, NULL, '2025-11-04 20:15:18'),
(299, 51, 5, 'phone', 'Phone Number', '+1 (555) 123-4567', '', 0, 0, 5, NULL, NULL, '2025-11-04 20:15:18'),
(300, 51, 2, 'bio', 'Bio', 'Tell us about yourself...', '', 0, 0, 6, NULL, NULL, '2025-11-04 20:15:18'),
(301, 51, 17, 'date_of_birth', 'Date of Birth', 'Select your date of birth', '', 0, 0, 7, NULL, NULL, '2025-11-04 20:15:18'),
(302, 51, 10, 'gender', 'Gender', 'Select your gender', '', 0, 0, 8, '{\"options\": [{\"label\": \"Male\", \"value\": \"male\"}, {\"label\": \"Female\", \"value\": \"female\"}, {\"label\": \"Non-binary\", \"value\": \"non_binary\"}, {\"label\": \"Prefer not to say\", \"value\": \"prefer_not_to_say\"}]}', NULL, '2025-11-04 20:15:18'),
(303, 51, 33, 'save_button', 'Save Changes', '', '', 0, 0, 9, NULL, NULL, '2025-11-04 20:15:18'),
(304, 51, 34, 'change_password_link', 'Change Password', '', '', 0, 0, 10, NULL, NULL, '2025-11-04 20:15:18'),
(305, 52, 27, 'notifications_heading', 'Notifications', NULL, NULL, 0, 0, 0, NULL, NULL, '2025-11-04 20:15:18'),
(306, 52, 28, 'notifications_description', 'Stay updated with your latest activities', NULL, NULL, 0, 0, 1, NULL, NULL, '2025-11-04 20:15:18'),
(307, 52, 28, 'notification_1', 'You have a new message', NULL, NULL, 0, 0, 2, NULL, NULL, '2025-11-04 20:15:18'),
(308, 52, 28, 'notification_2', 'Your order has been shipped', NULL, NULL, 0, 0, 3, NULL, NULL, '2025-11-04 20:15:18'),
(309, 52, 28, 'notification_3', 'New friend request', NULL, NULL, 0, 0, 4, NULL, NULL, '2025-11-04 20:15:18'),
(310, 52, 33, 'mark_read_button', 'Mark All as Read', NULL, NULL, 0, 0, 5, NULL, NULL, '2025-11-04 20:15:18'),
(311, 53, 27, 'settings_heading', 'Settings', NULL, NULL, 0, 0, 0, NULL, NULL, '2025-11-04 20:15:18'),
(312, 53, 28, 'settings_description', 'Manage your app preferences', NULL, NULL, 0, 0, 1, NULL, NULL, '2025-11-04 20:15:18'),
(313, 53, 27, 'account_section', 'Account', NULL, NULL, 0, 0, 2, NULL, NULL, '2025-11-04 20:15:18'),
(314, 53, 28, 'edit_profile_link', 'Edit Profile', NULL, NULL, 0, 0, 3, NULL, NULL, '2025-11-04 20:15:18'),
(315, 53, 28, 'change_password_link', 'Change Password', NULL, NULL, 0, 0, 4, NULL, NULL, '2025-11-04 20:15:18'),
(316, 53, 27, 'notifications_section', 'Notifications', NULL, NULL, 0, 0, 5, NULL, NULL, '2025-11-04 20:15:18'),
(317, 53, 28, 'push_notifications_toggle', 'Push Notifications', NULL, NULL, 0, 0, 6, NULL, NULL, '2025-11-04 20:15:18'),
(318, 53, 28, 'email_notifications_toggle', 'Email Notifications', NULL, NULL, 0, 0, 7, NULL, NULL, '2025-11-04 20:15:18'),
(319, 53, 27, 'privacy_section', 'Privacy', NULL, NULL, 0, 0, 8, NULL, NULL, '2025-11-04 20:15:18'),
(320, 53, 28, 'privacy_policy_link', 'Privacy Policy', NULL, NULL, 0, 0, 9, NULL, NULL, '2025-11-04 20:15:18'),
(321, 53, 28, 'terms_link', 'Terms of Service', NULL, NULL, 0, 0, 10, NULL, NULL, '2025-11-04 20:15:18'),
(322, 53, 33, 'logout_button', 'Logout', NULL, NULL, 0, 0, 11, NULL, NULL, '2025-11-04 20:15:18'),
(323, 54, 27, 'privacy_heading', 'Privacy Policy', NULL, NULL, 0, 0, 0, NULL, NULL, '2025-11-04 20:15:18'),
(324, 54, 28, 'last_updated', 'Last updated: November 2025', NULL, NULL, 0, 0, 1, NULL, NULL, '2025-11-04 20:15:18'),
(325, 54, 27, 'section1_heading', 'Information We Collect', NULL, NULL, 0, 0, 2, NULL, NULL, '2025-11-04 20:15:18'),
(326, 54, 28, 'section1_text', 'We collect information you provide directly to us, including name, email, and usage data.', NULL, NULL, 0, 0, 3, NULL, NULL, '2025-11-04 20:15:18'),
(327, 54, 27, 'section2_heading', 'How We Use Your Information', NULL, NULL, 0, 0, 4, NULL, NULL, '2025-11-04 20:15:18'),
(328, 54, 28, 'section2_text', 'We use your information to provide, maintain, and improve our services.', NULL, NULL, 0, 0, 5, NULL, NULL, '2025-11-04 20:15:18'),
(329, 54, 27, 'section3_heading', 'Data Security', NULL, NULL, 0, 0, 6, NULL, NULL, '2025-11-04 20:15:18'),
(330, 54, 28, 'section3_text', 'We implement appropriate security measures to protect your personal information.', NULL, NULL, 0, 0, 7, NULL, NULL, '2025-11-04 20:15:18'),
(331, 55, 27, 'terms_heading', 'Terms of Service', NULL, NULL, 0, 0, 0, NULL, NULL, '2025-11-04 20:15:18'),
(332, 55, 28, 'last_updated', 'Last updated: November 2025', NULL, NULL, 0, 0, 1, NULL, NULL, '2025-11-04 20:15:18'),
(333, 55, 27, 'section1_heading', 'Acceptance of Terms', NULL, NULL, 0, 0, 2, NULL, NULL, '2025-11-04 20:15:18'),
(334, 55, 28, 'section1_text', 'By accessing our service, you agree to be bound by these terms.', NULL, NULL, 0, 0, 3, NULL, NULL, '2025-11-04 20:15:18'),
(335, 55, 27, 'section2_heading', 'User Responsibilities', NULL, NULL, 0, 0, 4, NULL, NULL, '2025-11-04 20:15:18'),
(336, 55, 28, 'section2_text', 'You are responsible for maintaining the confidentiality of your account.', NULL, NULL, 0, 0, 5, NULL, NULL, '2025-11-04 20:15:18'),
(337, 55, 27, 'section3_heading', 'Termination', NULL, NULL, 0, 0, 6, NULL, NULL, '2025-11-04 20:15:18'),
(338, 55, 28, 'section3_text', 'We may terminate or suspend access to our service immediately, without prior notice.', NULL, NULL, 0, 0, 7, NULL, NULL, '2025-11-04 20:15:18'),
(360, 59, 27, 'login_heading', 'Welcome Back', NULL, NULL, 0, 0, 0, NULL, NULL, '2025-11-04 20:15:18'),
(361, 59, 28, 'login_description', 'Please sign in to continue.', NULL, NULL, 0, 0, 1, NULL, NULL, '2025-11-04 20:15:18'),
(362, 59, 4, 'email', 'Email Address', 'your.email@example.com', NULL, 1, 0, 2, NULL, NULL, '2025-11-04 20:15:18'),
(363, 59, 1, 'password', 'Password', 'Enter your password', NULL, 1, 0, 3, NULL, NULL, '2025-11-04 20:15:18'),
(364, 59, 33, 'login_button', 'Sign In', NULL, NULL, 0, 0, 4, NULL, NULL, '2025-11-04 20:15:18'),
(365, 59, 28, 'forgot_password_link', 'Forgot your password?', NULL, NULL, 0, 0, 5, NULL, NULL, '2025-11-04 20:15:18'),
(376, 61, 27, 'verify_heading', 'Verify Your Email', NULL, NULL, 0, 0, 0, NULL, NULL, '2025-11-04 20:15:18'),
(377, 61, 28, 'verify_description', 'We sent a verification code to your email address. Please enter it below.', NULL, NULL, 0, 0, 1, NULL, NULL, '2025-11-04 20:15:18'),
(378, 61, 1, 'verification_code', 'Verification Code', 'Enter 6-digit code', NULL, 1, 0, 2, NULL, NULL, '2025-11-04 20:15:18'),
(379, 61, 33, 'verify_button', 'Verify Email', NULL, NULL, 0, 0, 3, NULL, NULL, '2025-11-04 20:15:18'),
(380, 61, 28, 'resend_link', 'Did not receive code? Resend', NULL, NULL, 0, 0, 4, NULL, NULL, '2025-11-04 20:15:18'),
(381, 62, 27, 'forgot_heading', 'Forgot Password?', NULL, NULL, 0, 0, 0, NULL, NULL, '2025-11-04 20:15:18'),
(382, 62, 28, 'forgot_description', 'Enter your email address and we will send you a link to reset your password.', NULL, NULL, 0, 0, 1, NULL, NULL, '2025-11-04 20:15:18'),
(383, 62, 4, 'email', 'Email Address', 'your.email@example.com', NULL, 1, 0, 2, NULL, NULL, '2025-11-04 20:15:18'),
(384, 62, 33, 'send_button', 'Send Reset Link', NULL, NULL, 0, 0, 3, NULL, NULL, '2025-11-04 20:15:18'),
(385, 62, 28, 'login_link', 'Remember your password? Login', NULL, NULL, 0, 0, 4, NULL, NULL, '2025-11-04 20:15:18'),
(386, 63, 27, 'reset_heading', 'Reset Password', NULL, NULL, 0, 0, 0, NULL, NULL, '2025-11-04 20:15:18'),
(387, 63, 28, 'reset_description', 'Please enter your new password below.', NULL, NULL, 0, 0, 1, NULL, NULL, '2025-11-04 20:15:18'),
(388, 63, 1, 'new_password', 'New Password', 'Enter new password', NULL, 1, 0, 2, NULL, NULL, '2025-11-04 20:15:18'),
(389, 63, 1, 'confirm_password', 'Confirm Password', 'Re-enter new password', NULL, 1, 0, 3, NULL, NULL, '2025-11-04 20:15:18'),
(390, 63, 33, 'reset_button', 'Reset Password', NULL, NULL, 0, 0, 4, NULL, NULL, '2025-11-04 20:15:18'),
(391, 64, 27, 'dashboard_heading', 'Dashboard', NULL, NULL, 0, 0, 0, NULL, NULL, '2025-11-04 20:15:18'),
(392, 64, 28, 'dashboard_subtitle', 'Welcome back! Here is your overview', NULL, NULL, 0, 0, 1, NULL, NULL, '2025-11-04 20:15:18'),
(393, 64, 27, 'stats_heading', 'Quick Stats', NULL, NULL, 0, 0, 2, NULL, NULL, '2025-11-04 20:15:18'),
(394, 64, 28, 'stat_orders', 'Total Orders: 24', NULL, NULL, 0, 0, 3, NULL, NULL, '2025-11-04 20:15:18'),
(395, 64, 28, 'stat_projects', 'Active Projects: 5', NULL, NULL, 0, 0, 4, NULL, NULL, '2025-11-04 20:15:18'),
(396, 64, 28, 'stat_messages', 'Messages: 12', NULL, NULL, 0, 0, 5, NULL, NULL, '2025-11-04 20:15:18'),
(397, 64, 27, 'activity_heading', 'Recent Activity', NULL, NULL, 0, 0, 6, NULL, NULL, '2025-11-04 20:15:18'),
(398, 64, 28, 'activity_1', 'New order received', NULL, NULL, 0, 0, 7, NULL, NULL, '2025-11-04 20:15:18'),
(399, 64, 28, 'activity_2', 'Profile updated', NULL, NULL, 0, 0, 8, NULL, NULL, '2025-11-04 20:15:18'),
(400, 64, 28, 'activity_3', 'Payment processed', NULL, NULL, 0, 0, 9, NULL, NULL, '2025-11-04 20:15:18'),
(401, 68, 27, 'profile_heading', 'My Profile', NULL, NULL, 0, 0, 0, NULL, NULL, '2025-11-04 20:15:18'),
(402, 68, 28, 'profile_description', 'Update your personal information below.', NULL, NULL, 0, 0, 1, NULL, NULL, '2025-11-04 20:15:18'),
(403, 68, 1, 'first_name', 'First Name', 'Enter your first name', NULL, 1, 0, 2, NULL, NULL, '2025-11-04 20:15:18'),
(404, 68, 1, 'last_name', 'Last Name', 'Enter your last name', NULL, 1, 0, 3, NULL, NULL, '2025-11-04 20:15:18'),
(405, 68, 4, 'email', 'Email', 'your.email@example.com', NULL, 1, 0, 4, NULL, NULL, '2025-11-04 20:15:18'),
(406, 68, 5, 'phone', 'Phone', '(555) 123-4567', NULL, 0, 0, 5, NULL, NULL, '2025-11-04 20:15:18'),
(407, 68, 2, 'bio', 'Bio', 'Tell us about yourself...', NULL, 0, 0, 6, NULL, NULL, '2025-11-04 20:15:18'),
(408, 68, 33, 'save_button', 'Save Changes', NULL, NULL, 0, 0, 7, NULL, NULL, '2025-11-04 20:15:18'),
(409, 69, 47, 'profile_photo', 'Profile Photo', 'Upload profile photo', '', 0, 0, 1, '{\"width\": \"150px\", \"height\": \"150px\", \"altText\": \"Profile Photo\", \"imageUrl\": \"https://placehold.co/150x150?text=Photo\", \"alignment\": \"center\"}', NULL, '2025-11-04 20:15:18'),
(410, 69, 1, 'first_name', 'First Name', 'Enter your first name', '', 1, 0, 2, NULL, NULL, '2025-11-04 20:15:18'),
(411, 69, 1, 'last_name', 'Last Name', 'Enter your last name', '', 1, 0, 3, NULL, NULL, '2025-11-04 20:15:18'),
(412, 69, 4, 'email', 'Email Address', 'your.email@example.com', '', 1, 0, 4, NULL, NULL, '2025-11-04 20:15:18'),
(413, 69, 5, 'phone', 'Phone Number', '+1 (555) 123-4567', '', 0, 0, 5, NULL, NULL, '2025-11-04 20:15:18'),
(414, 69, 2, 'bio', 'Bio', 'Tell us about yourself...', '', 0, 0, 6, NULL, NULL, '2025-11-04 20:15:18'),
(415, 69, 17, 'date_of_birth', 'Date of Birth', 'Select your date of birth', '', 0, 0, 7, NULL, NULL, '2025-11-04 20:15:18'),
(416, 69, 10, 'gender', 'Gender', 'Select your gender', '', 0, 0, 8, '{\"options\": [{\"label\": \"Male\", \"value\": \"male\"}, {\"label\": \"Female\", \"value\": \"female\"}, {\"label\": \"Non-binary\", \"value\": \"non_binary\"}, {\"label\": \"Prefer not to say\", \"value\": \"prefer_not_to_say\"}]}', NULL, '2025-11-04 20:15:18'),
(417, 69, 33, 'save_button', 'Save Changes', '', '', 0, 0, 9, NULL, NULL, '2025-11-04 20:15:18'),
(418, 69, 34, 'change_password_link', 'Change Password', '', '', 0, 0, 10, NULL, NULL, '2025-11-04 20:15:18'),
(419, 70, 27, 'notifications_heading', 'Notifications', NULL, NULL, 0, 0, 0, NULL, NULL, '2025-11-04 20:15:18'),
(420, 70, 28, 'notifications_description', 'Stay updated with your latest activities', NULL, NULL, 0, 0, 1, NULL, NULL, '2025-11-04 20:15:18'),
(421, 70, 28, 'notification_1', 'You have a new message', NULL, NULL, 0, 0, 2, NULL, NULL, '2025-11-04 20:15:18'),
(422, 70, 28, 'notification_2', 'Your order has been shipped', NULL, NULL, 0, 0, 3, NULL, NULL, '2025-11-04 20:15:18'),
(423, 70, 28, 'notification_3', 'New friend request', NULL, NULL, 0, 0, 4, NULL, NULL, '2025-11-04 20:15:18'),
(424, 70, 33, 'mark_read_button', 'Mark All as Read', NULL, NULL, 0, 0, 5, NULL, NULL, '2025-11-04 20:15:18'),
(425, 71, 27, 'settings_heading', 'Settings', NULL, NULL, 0, 0, 0, NULL, NULL, '2025-11-04 20:15:18'),
(426, 71, 28, 'settings_description', 'Manage your app preferences', NULL, NULL, 0, 0, 1, NULL, NULL, '2025-11-04 20:15:18'),
(427, 71, 27, 'account_section', 'Account', NULL, NULL, 0, 0, 2, NULL, NULL, '2025-11-04 20:15:18'),
(428, 71, 28, 'edit_profile_link', 'Edit Profile', NULL, NULL, 0, 0, 3, NULL, NULL, '2025-11-04 20:15:18'),
(429, 71, 28, 'change_password_link', 'Change Password', NULL, NULL, 0, 0, 4, NULL, NULL, '2025-11-04 20:15:18'),
(430, 71, 27, 'notifications_section', 'Notifications', NULL, NULL, 0, 0, 5, NULL, NULL, '2025-11-04 20:15:18'),
(431, 71, 28, 'push_notifications_toggle', 'Push Notifications', NULL, NULL, 0, 0, 6, NULL, NULL, '2025-11-04 20:15:18'),
(432, 71, 28, 'email_notifications_toggle', 'Email Notifications', NULL, NULL, 0, 0, 7, NULL, NULL, '2025-11-04 20:15:18'),
(433, 71, 27, 'privacy_section', 'Privacy', NULL, NULL, 0, 0, 8, NULL, NULL, '2025-11-04 20:15:18'),
(434, 71, 28, 'privacy_policy_link', 'Privacy Policy', NULL, NULL, 0, 0, 9, NULL, NULL, '2025-11-04 20:15:18'),
(435, 71, 28, 'terms_link', 'Terms of Service', NULL, NULL, 0, 0, 10, NULL, NULL, '2025-11-04 20:15:18'),
(436, 71, 33, 'logout_button', 'Logout', NULL, NULL, 0, 0, 11, NULL, NULL, '2025-11-04 20:15:18'),
(437, 72, 27, 'privacy_heading', 'Privacy Policy', NULL, NULL, 0, 0, 0, NULL, NULL, '2025-11-04 20:15:18'),
(438, 72, 28, 'last_updated', 'Last updated: November 2025', NULL, NULL, 0, 0, 1, NULL, NULL, '2025-11-04 20:15:18'),
(439, 72, 27, 'section1_heading', 'Information We Collect', NULL, NULL, 0, 0, 2, NULL, NULL, '2025-11-04 20:15:18'),
(440, 72, 28, 'section1_text', 'We collect information you provide directly to us, including name, email, and usage data.', NULL, NULL, 0, 0, 3, NULL, NULL, '2025-11-04 20:15:18'),
(441, 72, 27, 'section2_heading', 'How We Use Your Information', NULL, NULL, 0, 0, 4, NULL, NULL, '2025-11-04 20:15:18'),
(442, 72, 28, 'section2_text', 'We use your information to provide, maintain, and improve our services.', NULL, NULL, 0, 0, 5, NULL, NULL, '2025-11-04 20:15:18'),
(443, 72, 27, 'section3_heading', 'Data Security', NULL, NULL, 0, 0, 6, NULL, NULL, '2025-11-04 20:15:18'),
(444, 72, 28, 'section3_text', 'We implement appropriate security measures to protect your personal information.', NULL, NULL, 0, 0, 7, NULL, NULL, '2025-11-04 20:15:18'),
(445, 73, 27, 'terms_heading', 'Terms of Service', NULL, NULL, 0, 0, 0, NULL, NULL, '2025-11-04 20:15:18'),
(446, 73, 28, 'last_updated', 'Last updated: November 2025', NULL, NULL, 0, 0, 1, NULL, NULL, '2025-11-04 20:15:18'),
(447, 73, 27, 'section1_heading', 'Acceptance of Terms', NULL, NULL, 0, 0, 2, NULL, NULL, '2025-11-04 20:15:18'),
(448, 73, 28, 'section1_text', 'By accessing our service, you agree to be bound by these terms.', NULL, NULL, 0, 0, 3, NULL, NULL, '2025-11-04 20:15:18'),
(449, 73, 27, 'section2_heading', 'User Responsibilities', NULL, NULL, 0, 0, 4, NULL, NULL, '2025-11-04 20:15:18'),
(450, 73, 28, 'section2_text', 'You are responsible for maintaining the confidentiality of your account.', NULL, NULL, 0, 0, 5, NULL, NULL, '2025-11-04 20:15:18'),
(451, 73, 27, 'section3_heading', 'Termination', NULL, NULL, 0, 0, 6, NULL, NULL, '2025-11-04 20:15:18'),
(452, 73, 28, 'section3_text', 'We may terminate or suspend access to our service immediately, without prior notice.', NULL, NULL, 0, 0, 7, NULL, NULL, '2025-11-04 20:15:18'),
(474, 77, 27, 'login_heading', 'Welcome Back', NULL, NULL, 0, 0, 0, NULL, NULL, '2025-11-04 20:15:18'),
(475, 77, 28, 'login_description', 'Please sign in to continue.', NULL, NULL, 0, 0, 1, NULL, NULL, '2025-11-04 20:15:18'),
(476, 77, 4, 'email', 'Email Address', 'your.email@example.com', NULL, 1, 0, 2, NULL, NULL, '2025-11-04 20:15:18'),
(477, 77, 1, 'password', 'Password', 'Enter your password', NULL, 1, 0, 3, NULL, NULL, '2025-11-04 20:15:18'),
(478, 77, 33, 'login_button', 'Sign In', NULL, NULL, 0, 0, 4, NULL, NULL, '2025-11-04 20:15:18'),
(479, 77, 28, 'forgot_password_link', 'Forgot your password?', NULL, NULL, 0, 0, 5, NULL, NULL, '2025-11-04 20:15:18'),
(490, 79, 27, 'verify_heading', 'Verify Your Email', NULL, NULL, 0, 0, 0, NULL, NULL, '2025-11-04 20:15:18'),
(491, 79, 28, 'verify_description', 'We sent a verification code to your email address. Please enter it below.', NULL, NULL, 0, 0, 1, NULL, NULL, '2025-11-04 20:15:18'),
(492, 79, 1, 'verification_code', 'Verification Code', 'Enter 6-digit code', NULL, 1, 0, 2, NULL, NULL, '2025-11-04 20:15:18'),
(493, 79, 33, 'verify_button', 'Verify Email', NULL, NULL, 0, 0, 3, NULL, NULL, '2025-11-04 20:15:18'),
(494, 79, 28, 'resend_link', 'Did not receive code? Resend', NULL, NULL, 0, 0, 4, NULL, NULL, '2025-11-04 20:15:18'),
(495, 80, 27, 'forgot_heading', 'Forgot Password?', NULL, NULL, 0, 0, 0, NULL, NULL, '2025-11-04 20:15:18'),
(496, 80, 28, 'forgot_description', 'Enter your email address and we will send you a link to reset your password.', NULL, NULL, 0, 0, 1, NULL, NULL, '2025-11-04 20:15:18'),
(497, 80, 4, 'email', 'Email Address', 'your.email@example.com', NULL, 1, 0, 2, NULL, NULL, '2025-11-04 20:15:18'),
(498, 80, 33, 'send_button', 'Send Reset Link', NULL, NULL, 0, 0, 3, NULL, NULL, '2025-11-04 20:15:18'),
(499, 80, 28, 'login_link', 'Remember your password? Login', NULL, NULL, 0, 0, 4, NULL, NULL, '2025-11-04 20:15:18'),
(505, 87, 27, 'profile_heading', 'My Profile', NULL, NULL, 0, 0, 0, NULL, NULL, '2025-11-04 20:15:18'),
(506, 87, 28, 'profile_description', 'Update your personal information below.', NULL, NULL, 0, 0, 1, NULL, NULL, '2025-11-04 20:15:18'),
(507, 87, 1, 'first_name', 'First Name', 'Enter your first name', NULL, 1, 0, 2, NULL, NULL, '2025-11-04 20:15:18'),
(508, 87, 1, 'last_name', 'Last Name', 'Enter your last name', NULL, 1, 0, 3, NULL, NULL, '2025-11-04 20:15:18'),
(509, 87, 4, 'email', 'Email', 'your.email@example.com', NULL, 1, 0, 4, NULL, NULL, '2025-11-04 20:15:18'),
(510, 87, 5, 'phone', 'Phone', '(555) 123-4567', NULL, 0, 0, 5, NULL, NULL, '2025-11-04 20:15:18'),
(511, 87, 2, 'bio', 'Bio', 'Tell us about yourself...', NULL, 0, 0, 6, NULL, NULL, '2025-11-04 20:15:18'),
(512, 87, 33, 'save_button', 'Save Changes', NULL, NULL, 0, 0, 7, NULL, NULL, '2025-11-04 20:15:18'),
(513, 88, 47, 'profile_photo', 'Profile Photo', 'Upload profile photo', '', 0, 0, 1, '{\"width\": \"150px\", \"height\": \"150px\", \"altText\": \"Profile Photo\", \"imageUrl\": \"https://placehold.co/150x150?text=Photo\", \"alignment\": \"center\"}', NULL, '2025-11-04 20:15:18'),
(514, 88, 1, 'first_name', 'First Name', 'Enter your first name', '', 1, 0, 2, NULL, NULL, '2025-11-04 20:15:18'),
(515, 88, 1, 'last_name', 'Last Name', 'Enter your last name', '', 1, 0, 3, NULL, NULL, '2025-11-04 20:15:18'),
(516, 88, 4, 'email', 'Email Address', 'your.email@example.com', '', 1, 0, 4, NULL, NULL, '2025-11-04 20:15:18'),
(517, 88, 5, 'phone', 'Phone Number', '+1 (555) 123-4567', '', 0, 0, 5, NULL, NULL, '2025-11-04 20:15:18'),
(518, 88, 2, 'bio', 'Bio', 'Tell us about yourself...', '', 0, 0, 6, NULL, NULL, '2025-11-04 20:15:18'),
(519, 88, 17, 'date_of_birth', 'Date of Birth', 'Select your date of birth', '', 0, 0, 7, NULL, NULL, '2025-11-04 20:15:18'),
(520, 88, 10, 'gender', 'Gender', 'Select your gender', '', 0, 0, 8, '{\"options\": [{\"label\": \"Male\", \"value\": \"male\"}, {\"label\": \"Female\", \"value\": \"female\"}, {\"label\": \"Non-binary\", \"value\": \"non_binary\"}, {\"label\": \"Prefer not to say\", \"value\": \"prefer_not_to_say\"}]}', NULL, '2025-11-04 20:15:18'),
(521, 88, 33, 'save_button', 'Save Changes', '', '', 0, 0, 9, NULL, NULL, '2025-11-04 20:15:18'),
(522, 88, 34, 'change_password_link', 'Change Password', '', '', 0, 0, 10, NULL, NULL, '2025-11-04 20:15:18'),
(523, 89, 27, 'notifications_heading', 'Notifications', NULL, NULL, 0, 0, 0, NULL, NULL, '2025-11-04 20:15:18'),
(524, 89, 28, 'notifications_description', 'Stay updated with your latest activities', NULL, NULL, 0, 0, 1, NULL, NULL, '2025-11-04 20:15:18'),
(525, 89, 28, 'notification_1', 'You have a new message', NULL, NULL, 0, 0, 2, NULL, NULL, '2025-11-04 20:15:18'),
(526, 89, 28, 'notification_2', 'Your order has been shipped', NULL, NULL, 0, 0, 3, NULL, NULL, '2025-11-04 20:15:18'),
(527, 89, 28, 'notification_3', 'New friend request', NULL, NULL, 0, 0, 4, NULL, NULL, '2025-11-04 20:15:18'),
(528, 89, 33, 'mark_read_button', 'Mark All as Read', NULL, NULL, 0, 0, 5, NULL, NULL, '2025-11-04 20:15:18'),
(541, 91, 27, 'privacy_heading', 'Privacy Policy', NULL, NULL, 0, 0, 0, NULL, NULL, '2025-11-04 20:15:18'),
(542, 91, 28, 'last_updated', 'Last updated: November 2025', NULL, NULL, 0, 0, 1, NULL, NULL, '2025-11-04 20:15:18'),
(543, 91, 27, 'section1_heading', 'Information We Collect', NULL, NULL, 0, 0, 2, NULL, NULL, '2025-11-04 20:15:18'),
(544, 91, 28, 'section1_text', 'We collect information you provide directly to us, including name, email, and usage data.', NULL, NULL, 0, 0, 3, NULL, NULL, '2025-11-04 20:15:18'),
(545, 91, 27, 'section2_heading', 'How We Use Your Information', NULL, NULL, 0, 0, 4, NULL, NULL, '2025-11-04 20:15:18'),
(546, 91, 28, 'section2_text', 'We use your information to provide, maintain, and improve our services.', NULL, NULL, 0, 0, 5, NULL, NULL, '2025-11-04 20:15:18'),
(547, 91, 27, 'section3_heading', 'Data Security', NULL, NULL, 0, 0, 6, NULL, NULL, '2025-11-04 20:15:18'),
(548, 91, 28, 'section3_text', 'We implement appropriate security measures to protect your personal information.', NULL, NULL, 0, 0, 7, NULL, NULL, '2025-11-04 20:15:18'),
(549, 92, 27, 'terms_heading', 'Terms of Service', NULL, NULL, 0, 0, 0, NULL, NULL, '2025-11-04 20:15:18'),
(550, 92, 28, 'last_updated', 'Last updated: November 2025', NULL, NULL, 0, 0, 1, NULL, NULL, '2025-11-04 20:15:18'),
(551, 92, 27, 'section1_heading', 'Acceptance of Terms', NULL, NULL, 0, 0, 2, NULL, NULL, '2025-11-04 20:15:18'),
(552, 92, 28, 'section1_text', 'By accessing our service, you agree to be bound by these terms.', NULL, NULL, 0, 0, 3, NULL, NULL, '2025-11-04 20:15:18'),
(553, 92, 27, 'section2_heading', 'User Responsibilities', NULL, NULL, 0, 0, 4, NULL, NULL, '2025-11-04 20:15:18'),
(554, 92, 28, 'section2_text', 'You are responsible for maintaining the confidentiality of your account.', NULL, NULL, 0, 0, 5, NULL, NULL, '2025-11-04 20:15:18'),
(555, 92, 27, 'section3_heading', 'Termination', NULL, NULL, 0, 0, 6, NULL, NULL, '2025-11-04 20:15:18'),
(556, 92, 28, 'section3_text', 'We may terminate or suspend access to our service immediately, without prior notice.', NULL, NULL, 0, 0, 7, NULL, NULL, '2025-11-04 20:15:18'),
(1152, 115, 27, 'dashboard_title', 'Dashboard', '', 'My Account', 0, 1, 1, '{}', NULL, '2025-11-06 15:47:20'),
(1153, 115, 28, 'welcome_message', 'Welcome Message', '', 'Welcome back! Here\'s your account overview.', 0, 1, 2, '{}', NULL, '2025-11-06 15:47:20'),
(1154, 115, 27, 'balance_heading', 'Balance Section', '', 'Account Balance', 0, 1, 3, '{\"level\": \"h2\"}', NULL, '2025-11-06 15:47:20'),
(1155, 115, 8, 'current_balance', 'Current Balance', '', '0.00', 0, 1, 4, '{\"prefix\": \"$\", \"decimals\": 2}', NULL, '2025-11-06 15:47:20'),
(1156, 115, 8, 'available_balance', 'Available Balance', '', '0.00', 0, 1, 5, '{\"prefix\": \"$\", \"decimals\": 2}', NULL, '2025-11-06 15:47:20'),
(1157, 115, 27, 'quick_actions_heading', 'Quick Actions', '', 'Quick Actions', 0, 1, 6, '{\"level\": \"h3\"}', NULL, '2025-11-06 15:47:20'),
(1158, 115, 33, 'transfer_button', 'Transfer Money', '', 'Transfer', 0, 0, 7, '{\"action\": \"navigate\", \"target\": \"/transfer\", \"variant\": \"primary\"}', NULL, '2025-11-06 15:47:20'),
(1159, 115, 33, 'pay_bills_button', 'Pay Bills', '', 'Pay Bills', 0, 0, 8, '{\"action\": \"navigate\", \"target\": \"/bills\", \"variant\": \"secondary\"}', NULL, '2025-11-06 15:47:20');
INSERT INTO `app_template_screen_elements` (`id`, `template_screen_id`, `element_id`, `field_key`, `label`, `placeholder`, `default_value`, `is_required`, `is_readonly`, `display_order`, `config`, `validation_rules`, `created_at`) VALUES
(1160, 115, 27, 'recent_transactions_heading', 'Recent Activity', '', 'Recent Transactions', 0, 1, 9, '{\"level\": \"h3\"}', NULL, '2025-11-06 15:47:20'),
(1161, 115, 28, 'transactions_list', 'Transactions', '', 'Your recent transactions will appear here.', 0, 1, 10, '{\"type\": \"list\"}', NULL, '2025-11-06 15:47:20'),
(1162, 116, 27, 'transactions_title', 'Page Title', '', 'Transaction History', 0, 1, 1, '{}', NULL, '2025-11-06 15:47:20'),
(1163, 116, 28, 'transactions_description', 'Description', '', 'View all your account transactions', 0, 1, 2, '{}', NULL, '2025-11-06 15:47:20'),
(1164, 116, 17, 'start_date', 'Start Date', 'Select start date', '', 0, 0, 3, '{}', NULL, '2025-11-06 15:47:20'),
(1165, 116, 17, 'end_date', 'End Date', 'Select end date', '', 0, 0, 4, '{}', NULL, '2025-11-06 15:47:20'),
(1166, 116, 10, 'transaction_type', 'Transaction Type', 'All Types', '', 0, 0, 5, '{\"options\": [{\"label\": \"All\", \"value\": \"all\"}, {\"label\": \"Debit\", \"value\": \"debit\"}, {\"label\": \"Credit\", \"value\": \"credit\"}, {\"label\": \"Transfer\", \"value\": \"transfer\"}]}', NULL, '2025-11-06 15:47:20'),
(1167, 116, 33, 'apply_filters', 'Apply Filters', '', 'Apply', 0, 0, 6, '{\"variant\": \"primary\"}', NULL, '2025-11-06 15:47:20'),
(1168, 116, 27, 'transactions_list_heading', 'Transactions', '', 'All Transactions', 0, 1, 7, '{\"level\": \"h3\"}', NULL, '2025-11-06 15:47:20'),
(1169, 116, 28, 'transactions_data', 'Transaction List', '', 'Your transactions will appear here.', 0, 1, 8, '{\"type\": \"list\"}', NULL, '2025-11-06 15:47:20'),
(1170, 117, 27, 'transfer_title', 'Page Title', '', 'Transfer Money', 0, 1, 1, '{}', NULL, '2025-11-06 15:47:20'),
(1171, 117, 28, 'transfer_description', 'Description', '', 'Send money to another account', 0, 1, 2, '{}', NULL, '2025-11-06 15:47:20'),
(1172, 117, 10, 'from_account', 'From Account', 'Select account', '', 1, 0, 3, '{\"options\": [{\"label\": \"Checking Account\", \"value\": \"checking\"}, {\"label\": \"Savings Account\", \"value\": \"savings\"}]}', NULL, '2025-11-06 15:47:20'),
(1173, 117, 1, 'recipient_account', 'Recipient Account Number', 'Enter account number', '', 1, 0, 4, '{}', NULL, '2025-11-06 15:47:20'),
(1174, 117, 1, 'recipient_name', 'Recipient Name', 'Enter recipient name', '', 1, 0, 5, '{}', NULL, '2025-11-06 15:47:20'),
(1175, 117, 8, 'transfer_amount', 'Amount', 'Enter amount', '', 1, 0, 6, '{\"min\": 0.01, \"prefix\": \"$\", \"decimals\": 2}', NULL, '2025-11-06 15:47:20'),
(1176, 117, 1, 'transfer_note', 'Note (Optional)', 'Add a note', '', 0, 0, 7, '{}', NULL, '2025-11-06 15:47:20'),
(1177, 117, 27, 'summary_heading', 'Transfer Summary', '', 'Summary', 0, 1, 8, '{\"level\": \"h3\"}', NULL, '2025-11-06 15:47:20'),
(1178, 117, 28, 'transfer_fee', 'Transfer Fee', '', 'Fee: $0.00', 0, 1, 9, '{}', NULL, '2025-11-06 15:47:20'),
(1179, 117, 28, 'total_amount', 'Total Amount', '', 'Total: $0.00', 0, 1, 10, '{}', NULL, '2025-11-06 15:47:20'),
(1180, 117, 33, 'transfer_submit', 'Transfer Button', '', 'Transfer Now', 0, 0, 11, '{\"action\": \"submit\", \"variant\": \"primary\"}', NULL, '2025-11-06 15:47:20'),
(1181, 117, 33, 'transfer_cancel', 'Cancel Button', '', 'Cancel', 0, 0, 12, '{\"action\": \"cancel\", \"variant\": \"secondary\"}', NULL, '2025-11-06 15:47:20'),
(1182, 118, 27, 'bills_title', 'Page Title', '', 'Pay Bills', 0, 1, 1, '{}', NULL, '2025-11-06 15:47:20'),
(1183, 118, 28, 'bills_description', 'Description', '', 'Pay your bills quickly and securely', 0, 1, 2, '{}', NULL, '2025-11-06 15:47:20'),
(1184, 118, 10, 'bill_category', 'Bill Category', 'Select category', '', 1, 0, 3, '{\"options\": [{\"label\": \"Utilities\", \"value\": \"utilities\"}, {\"label\": \"Credit Card\", \"value\": \"credit_card\"}, {\"label\": \"Insurance\", \"value\": \"insurance\"}, {\"label\": \"Phone/Internet\", \"value\": \"telecom\"}, {\"label\": \"Other\", \"value\": \"other\"}]}', NULL, '2025-11-06 15:47:20'),
(1185, 118, 1, 'biller_name', 'Biller Name', 'Enter biller name', '', 1, 0, 4, '{}', NULL, '2025-11-06 15:47:20'),
(1186, 118, 1, 'account_number', 'Account/Reference Number', 'Enter account number', '', 1, 0, 5, '{}', NULL, '2025-11-06 15:47:20'),
(1187, 118, 8, 'bill_amount', 'Amount', 'Enter amount', '', 1, 0, 6, '{\"min\": 0.01, \"prefix\": \"$\", \"decimals\": 2}', NULL, '2025-11-06 15:47:20'),
(1188, 118, 17, 'payment_date', 'Payment Date', 'Select date', '', 0, 0, 7, '{}', NULL, '2025-11-06 15:47:20'),
(1189, 118, 10, 'payment_account', 'Pay From', 'Select account', '', 1, 0, 8, '{\"options\": [{\"label\": \"Checking Account\", \"value\": \"checking\"}, {\"label\": \"Savings Account\", \"value\": \"savings\"}]}', NULL, '2025-11-06 15:47:20'),
(1190, 118, 33, 'pay_bill_button', 'Pay Bill', '', 'Pay Now', 0, 0, 9, '{\"action\": \"submit\", \"variant\": \"primary\"}', NULL, '2025-11-06 15:47:20'),
(1191, 118, 33, 'save_biller_button', 'Save Biller', '', 'Save for Later', 0, 0, 10, '{\"variant\": \"secondary\"}', NULL, '2025-11-06 15:47:20'),
(1192, 119, 27, 'cards_title', 'Page Title', '', 'My Cards', 0, 1, 1, '{}', NULL, '2025-11-06 15:47:20'),
(1193, 119, 28, 'cards_description', 'Description', '', 'Manage your debit and credit cards', 0, 1, 2, '{}', NULL, '2025-11-06 15:47:20'),
(1194, 119, 27, 'active_cards_heading', 'Active Cards', '', 'Your Cards', 0, 1, 3, '{\"level\": \"h3\"}', NULL, '2025-11-06 15:47:20'),
(1195, 119, 28, 'cards_list', 'Cards List', '', 'Your cards will appear here.', 0, 1, 4, '{\"type\": \"list\"}', NULL, '2025-11-06 15:47:20'),
(1196, 119, 33, 'add_card_button', 'Add Card', '', 'Add New Card', 0, 0, 5, '{\"action\": \"navigate\", \"target\": \"/add-card\", \"variant\": \"primary\"}', NULL, '2025-11-06 15:47:20'),
(1197, 119, 33, 'request_card_button', 'Request Card', '', 'Request Physical Card', 0, 0, 6, '{\"variant\": \"secondary\"}', NULL, '2025-11-06 15:47:20'),
(1198, 119, 27, 'card_settings_heading', 'Card Settings', '', 'Settings', 0, 1, 7, '{\"level\": \"h3\"}', NULL, '2025-11-06 15:47:20'),
(1199, 119, 28, 'daily_limit', 'Daily Limit', '', 'Daily spending limit: $1,000', 0, 1, 8, '{}', NULL, '2025-11-06 15:47:20'),
(1200, 119, 28, 'international_usage', 'International Transactions', '', 'Enabled', 0, 1, 9, '{}', NULL, '2025-11-06 15:47:20'),
(1201, 119, 33, 'manage_limits_button', 'Manage Limits', '', 'Manage Limits', 0, 0, 10, '{\"variant\": \"secondary\"}', NULL, '2025-11-06 15:47:20'),
(1202, 120, 27, 'statements_title', 'Page Title', '', 'Account Statements', 0, 1, 1, '{}', NULL, '2025-11-06 15:47:20'),
(1203, 120, 28, 'statements_description', 'Description', '', 'View and download your account statements', 0, 1, 2, '{}', NULL, '2025-11-06 15:47:20'),
(1204, 120, 10, 'statement_account', 'Account', 'Select account', '', 0, 0, 3, '{\"options\": [{\"label\": \"All Accounts\", \"value\": \"all\"}, {\"label\": \"Checking Account\", \"value\": \"checking\"}, {\"label\": \"Savings Account\", \"value\": \"savings\"}]}', NULL, '2025-11-06 15:47:20'),
(1205, 120, 10, 'statement_year', 'Year', 'Select year', '', 0, 0, 4, '{\"options\": [{\"label\": \"2025\", \"value\": \"2025\"}, {\"label\": \"2024\", \"value\": \"2024\"}, {\"label\": \"2023\", \"value\": \"2023\"}]}', NULL, '2025-11-06 15:47:20'),
(1206, 120, 27, 'statements_list_heading', 'Available Statements', '', 'Statements', 0, 1, 5, '{\"level\": \"h3\"}', NULL, '2025-11-06 15:47:20'),
(1207, 120, 28, 'statements_data', 'Statements List', '', 'Your statements will appear here.', 0, 1, 6, '{\"type\": \"list\"}', NULL, '2025-11-06 15:47:20'),
(1208, 120, 33, 'download_all_button', 'Download All', '', 'Download All', 0, 0, 7, '{\"variant\": \"secondary\"}', NULL, '2025-11-06 15:47:20'),
(1209, 120, 33, 'email_statement_button', 'Email Statement', '', 'Email Statement', 0, 0, 8, '{\"variant\": \"secondary\"}', NULL, '2025-11-06 15:47:20'),
(1317, 127, 27, 'feed_title', 'Page Title', '', 'Home', 0, 1, 1, '{}', NULL, '2025-11-06 15:54:53'),
(1318, 127, 1, 'search_videos', 'Search', 'Search videos...', '', 0, 0, 2, '{}', NULL, '2025-11-06 15:54:53'),
(1319, 127, 27, 'filters_heading', 'Filters', '', 'Browse', 0, 1, 3, '{\"level\": \"h3\"}', NULL, '2025-11-06 15:54:53'),
(1320, 127, 10, 'video_category', 'Category', 'All', '', 0, 0, 4, '{\"options\": [{\"label\": \"All\", \"value\": \"all\"}, {\"label\": \"Trending\", \"value\": \"trending\"}, {\"label\": \"Music\", \"value\": \"music\"}, {\"label\": \"Gaming\", \"value\": \"gaming\"}, {\"label\": \"News\", \"value\": \"news\"}, {\"label\": \"Sports\", \"value\": \"sports\"}, {\"label\": \"Education\", \"value\": \"education\"}, {\"label\": \"Entertainment\", \"value\": \"entertainment\"}]}', NULL, '2025-11-06 15:54:53'),
(1321, 127, 27, 'videos_heading', 'Videos', '', 'Recommended Videos', 0, 1, 5, '{\"level\": \"h3\"}', NULL, '2025-11-06 15:54:53'),
(1322, 127, 28, 'videos_grid', 'Video Grid', '', 'Videos will appear here in a grid layout.', 0, 1, 6, '{\"type\": \"grid\"}', NULL, '2025-11-06 15:54:53'),
(1323, 127, 33, 'upload_video_button', 'Upload Video', '', 'Upload', 0, 0, 7, '{\"action\": \"navigate\", \"target\": \"/upload\", \"variant\": \"primary\"}', NULL, '2025-11-06 15:54:53'),
(1324, 127, 33, 'subscriptions_button', 'Subscriptions', '', 'Subscriptions', 0, 0, 8, '{\"action\": \"navigate\", \"target\": \"/subscriptions\", \"variant\": \"secondary\"}', NULL, '2025-11-06 15:54:53'),
(1325, 128, 27, 'video_title', 'Video Title', '', 'Amazing Video Title Here', 0, 1, 1, '{}', NULL, '2025-11-06 15:54:53'),
(1326, 128, 28, 'video_player_area', 'Video Player', '', 'Video player will be embedded here.', 0, 1, 2, '{\"type\": \"video\"}', NULL, '2025-11-06 15:54:53'),
(1327, 128, 28, 'video_views', 'Views', '', '1.2M views', 0, 1, 3, '{}', NULL, '2025-11-06 15:54:53'),
(1328, 128, 28, 'video_date', 'Upload Date', '', 'Published 2 days ago', 0, 1, 4, '{}', NULL, '2025-11-06 15:54:53'),
(1329, 128, 27, 'engagement_heading', 'Engagement', '', 'Actions', 0, 1, 5, '{\"level\": \"h3\"}', NULL, '2025-11-06 15:54:53'),
(1330, 128, 33, 'like_button', 'Like', '', ' 125K', 0, 0, 6, '{\"action\": \"like\", \"variant\": \"secondary\"}', NULL, '2025-11-06 15:54:53'),
(1331, 128, 33, 'dislike_button', 'Dislike', '', ' Dislike', 0, 0, 7, '{\"action\": \"dislike\", \"variant\": \"secondary\"}', NULL, '2025-11-06 15:54:53'),
(1332, 128, 33, 'share_button', 'Share', '', ' Share', 0, 0, 8, '{\"action\": \"share\", \"variant\": \"secondary\"}', NULL, '2025-11-06 15:54:53'),
(1333, 128, 33, 'save_button', 'Save', '', ' Save', 0, 0, 9, '{\"action\": \"save\", \"variant\": \"secondary\"}', NULL, '2025-11-06 15:54:53'),
(1334, 128, 27, 'channel_heading', 'Channel', '', 'Channel Info', 0, 1, 10, '{\"level\": \"h3\"}', NULL, '2025-11-06 15:54:53'),
(1335, 128, 28, 'channel_name', 'Channel Name', '', 'Tech Reviews Channel', 0, 1, 11, '{}', NULL, '2025-11-06 15:54:53'),
(1336, 128, 28, 'channel_subscribers', 'Subscribers', '', '2.5M subscribers', 0, 1, 12, '{}', NULL, '2025-11-06 15:54:53'),
(1337, 128, 33, 'subscribe_button', 'Subscribe', '', 'Subscribe', 0, 0, 13, '{\"action\": \"subscribe\", \"variant\": \"primary\"}', NULL, '2025-11-06 15:54:53'),
(1338, 128, 27, 'description_heading', 'Description', '', 'About', 0, 1, 14, '{\"level\": \"h3\"}', NULL, '2025-11-06 15:54:53'),
(1339, 128, 28, 'video_description', 'Description', '', 'This is the video description with details about the content, links, and timestamps.', 0, 1, 15, '{}', NULL, '2025-11-06 15:54:53'),
(1340, 128, 27, 'comments_heading', 'Comments', '', 'Comments', 0, 1, 16, '{\"level\": \"h3\"}', NULL, '2025-11-06 15:54:53'),
(1341, 128, 28, 'comments_count', 'Comment Count', '', '1,234 Comments', 0, 1, 17, '{}', NULL, '2025-11-06 15:54:53'),
(1342, 128, 33, 'view_comments_button', 'View Comments', '', 'View All Comments', 0, 0, 18, '{\"action\": \"navigate\", \"target\": \"/comments\", \"variant\": \"secondary\"}', NULL, '2025-11-06 15:54:53'),
(1343, 128, 27, 'related_heading', 'Related Videos', '', 'Up Next', 0, 1, 19, '{\"level\": \"h3\"}', NULL, '2025-11-06 15:54:53'),
(1344, 128, 28, 'related_videos', 'Related Videos', '', 'Related videos will appear here.', 0, 1, 20, '{\"type\": \"list\"}', NULL, '2025-11-06 15:54:53'),
(1345, 129, 27, 'channel_title', 'Channel Name', '', 'Tech Reviews Channel', 0, 1, 1, '{}', NULL, '2025-11-06 15:54:53'),
(1346, 129, 28, 'channel_handle', 'Channel Handle', '', '@techreviews', 0, 1, 2, '{}', NULL, '2025-11-06 15:54:53'),
(1347, 129, 28, 'subscriber_count', 'Subscribers', '', '2.5M subscribers', 0, 1, 3, '{}', NULL, '2025-11-06 15:54:53'),
(1348, 129, 28, 'video_count', 'Videos', '', '456 videos', 0, 1, 4, '{}', NULL, '2025-11-06 15:54:53'),
(1349, 129, 33, 'channel_subscribe_button', 'Subscribe', '', 'Subscribe', 0, 0, 5, '{\"action\": \"subscribe\", \"variant\": \"primary\"}', NULL, '2025-11-06 15:54:53'),
(1350, 129, 27, 'tabs_heading', 'Navigation', '', 'Channel Sections', 0, 1, 6, '{\"level\": \"h3\"}', NULL, '2025-11-06 15:54:53'),
(1351, 129, 10, 'channel_tab', 'Tab', 'Select tab', 'videos', 0, 0, 7, '{\"options\": [{\"label\": \"Videos\", \"value\": \"videos\"}, {\"label\": \"Playlists\", \"value\": \"playlists\"}, {\"label\": \"Community\", \"value\": \"community\"}, {\"label\": \"About\", \"value\": \"about\"}]}', NULL, '2025-11-06 15:54:53'),
(1352, 129, 27, 'channel_videos_heading', 'Videos', '', 'Channel Videos', 0, 1, 8, '{\"level\": \"h3\"}', NULL, '2025-11-06 15:54:53'),
(1353, 129, 10, 'videos_sort', 'Sort By', 'Sort', 'latest', 0, 0, 9, '{\"options\": [{\"label\": \"Latest\", \"value\": \"latest\"}, {\"label\": \"Popular\", \"value\": \"popular\"}, {\"label\": \"Oldest\", \"value\": \"oldest\"}]}', NULL, '2025-11-06 15:54:53'),
(1354, 129, 28, 'channel_videos_grid', 'Videos', '', 'Channel videos will appear here.', 0, 1, 10, '{\"type\": \"grid\"}', NULL, '2025-11-06 15:54:53'),
(1355, 129, 27, 'about_heading', 'About', '', 'About This Channel', 0, 1, 11, '{\"level\": \"h3\"}', NULL, '2025-11-06 15:54:53'),
(1356, 129, 28, 'channel_description', 'Description', '', 'Welcome to our channel! We create amazing tech reviews and tutorials.', 0, 1, 12, '{}', NULL, '2025-11-06 15:54:53'),
(1357, 129, 28, 'channel_stats', 'Stats', '', 'Joined: Jan 2020  Total views: 150M', 0, 1, 13, '{}', NULL, '2025-11-06 15:54:53'),
(1358, 129, 28, 'channel_links', 'Links', '', 'Website, Social Media Links', 0, 1, 14, '{}', NULL, '2025-11-06 15:54:53'),
(1359, 130, 27, 'comments_title', 'Page Title', '', 'Comments', 0, 1, 1, '{}', NULL, '2025-11-06 15:54:53'),
(1360, 130, 28, 'total_comments', 'Comment Count', '', '1,234 Comments', 0, 1, 2, '{}', NULL, '2025-11-06 15:54:53'),
(1361, 130, 10, 'comments_sort', 'Sort By', 'Sort comments', 'top', 0, 0, 3, '{\"options\": [{\"label\": \"Top Comments\", \"value\": \"top\"}, {\"label\": \"Newest First\", \"value\": \"newest\"}, {\"label\": \"Oldest First\", \"value\": \"oldest\"}]}', NULL, '2025-11-06 15:54:53'),
(1362, 130, 27, 'add_comment_heading', 'Add Comment', '', 'Add a Comment', 0, 1, 4, '{\"level\": \"h3\"}', NULL, '2025-11-06 15:54:53'),
(1363, 130, 2, 'new_comment', 'Your Comment', 'Add a public comment...', '', 0, 0, 5, '{}', NULL, '2025-11-06 15:54:53'),
(1364, 130, 33, 'post_comment_button', 'Post Comment', '', 'Comment', 0, 0, 6, '{\"action\": \"submit\", \"variant\": \"primary\"}', NULL, '2025-11-06 15:54:53'),
(1365, 130, 33, 'cancel_comment_button', 'Cancel', '', 'Cancel', 0, 0, 7, '{\"action\": \"cancel\", \"variant\": \"secondary\"}', NULL, '2025-11-06 15:54:53'),
(1366, 130, 27, 'comments_list_heading', 'All Comments', '', 'Comments', 0, 1, 8, '{\"level\": \"h3\"}', NULL, '2025-11-06 15:54:53'),
(1367, 130, 28, 'comments_list', 'Comments', '', 'Comments will appear here with user info, timestamp, likes, and replies.', 0, 1, 9, '{\"type\": \"list\"}', NULL, '2025-11-06 15:54:53'),
(1368, 130, 27, 'comment_actions_heading', 'Actions', '', 'Comment Actions', 0, 1, 10, '{\"level\": \"h3\"}', NULL, '2025-11-06 15:54:53'),
(1369, 130, 33, 'like_comment_button', 'Like Comment', '', ' Like', 0, 0, 11, '{\"variant\": \"secondary\"}', NULL, '2025-11-06 15:54:53'),
(1370, 130, 33, 'reply_button', 'Reply', '', ' Reply', 0, 0, 12, '{\"variant\": \"secondary\"}', NULL, '2025-11-06 15:54:53'),
(1371, 130, 33, 'report_comment_button', 'Report', '', ' Report', 0, 0, 13, '{\"variant\": \"secondary\"}', NULL, '2025-11-06 15:54:53'),
(1372, 131, 27, 'subscriptions_title', 'Page Title', '', 'Subscriptions', 0, 1, 1, '{}', NULL, '2025-11-06 15:54:53'),
(1373, 131, 28, 'subscriptions_subtitle', 'Subtitle', '', 'Latest from your subscriptions', 0, 1, 2, '{}', NULL, '2025-11-06 15:54:53'),
(1374, 131, 10, 'subscription_filter', 'Filter', 'All channels', 'all', 0, 0, 3, '{\"options\": [{\"label\": \"All\", \"value\": \"all\"}, {\"label\": \"Today\", \"value\": \"today\"}, {\"label\": \"This Week\", \"value\": \"week\"}, {\"label\": \"This Month\", \"value\": \"month\"}]}', NULL, '2025-11-06 15:54:53'),
(1375, 131, 27, 'channels_heading', 'Channels', '', 'Your Channels', 0, 1, 4, '{\"level\": \"h3\"}', NULL, '2025-11-06 15:54:53'),
(1376, 131, 28, 'subscribed_channels', 'Channels List', '', 'Your subscribed channels will appear here.', 0, 1, 5, '{\"type\": \"horizontal-list\"}', NULL, '2025-11-06 15:54:53'),
(1377, 131, 27, 'latest_videos_heading', 'Latest Videos', '', 'New Videos', 0, 1, 6, '{\"level\": \"h3\"}', NULL, '2025-11-06 15:54:53'),
(1378, 131, 28, 'subscription_videos', 'Videos', '', 'Latest videos from your subscriptions will appear here.', 0, 1, 7, '{\"type\": \"list\"}', NULL, '2025-11-06 15:54:53'),
(1379, 131, 27, 'manage_heading', 'Manage', '', 'Manage Subscriptions', 0, 1, 8, '{\"level\": \"h3\"}', NULL, '2025-11-06 15:54:53'),
(1380, 131, 33, 'manage_subscriptions_button', 'Manage', '', 'Manage All Subscriptions', 0, 0, 9, '{\"variant\": \"secondary\"}', NULL, '2025-11-06 15:54:53'),
(1381, 131, 33, 'notification_settings_button', 'Notifications', '', 'Notification Settings', 0, 0, 10, '{\"variant\": \"secondary\"}', NULL, '2025-11-06 15:54:53'),
(1382, 132, 27, 'upload_title', 'Page Title', '', 'Upload Video', 0, 1, 1, '{}', NULL, '2025-11-06 15:54:53'),
(1383, 132, 28, 'upload_subtitle', 'Subtitle', '', 'Share your content with the world', 0, 1, 2, '{}', NULL, '2025-11-06 15:54:53'),
(1384, 132, 27, 'video_file_heading', 'Video File', '', 'Select Video', 0, 1, 3, '{\"level\": \"h3\"}', NULL, '2025-11-06 15:54:53'),
(1385, 132, 28, 'video_upload_area', 'Upload Area', '', 'Drag and drop video file or click to browse', 0, 1, 4, '{\"type\": \"file-upload\"}', NULL, '2025-11-06 15:54:53'),
(1386, 132, 28, 'upload_progress', 'Upload Progress', '', 'Upload progress: 0%', 0, 1, 5, '{}', NULL, '2025-11-06 15:54:53'),
(1387, 132, 27, 'details_heading', 'Video Details', '', 'Details', 0, 1, 6, '{\"level\": \"h3\"}', NULL, '2025-11-06 15:54:53'),
(1388, 132, 1, 'upload_video_title', 'Title', 'Enter video title', '', 1, 0, 7, '{}', NULL, '2025-11-06 15:54:53'),
(1389, 132, 2, 'upload_description', 'Description', 'Tell viewers about your video', '', 1, 0, 8, '{}', NULL, '2025-11-06 15:54:53'),
(1390, 132, 27, 'thumbnail_heading', 'Thumbnail', '', 'Video Thumbnail', 0, 1, 9, '{\"level\": \"h3\"}', NULL, '2025-11-06 15:54:53'),
(1391, 132, 28, 'thumbnail_upload', 'Thumbnail', '', 'Upload custom thumbnail or select from auto-generated options', 0, 1, 10, '{\"type\": \"image-upload\"}', NULL, '2025-11-06 15:54:53'),
(1392, 132, 27, 'category_heading', 'Category & Tags', '', 'Categorization', 0, 1, 11, '{\"level\": \"h3\"}', NULL, '2025-11-06 15:54:53'),
(1393, 132, 10, 'upload_category', 'Category', 'Select category', '', 1, 0, 12, '{\"options\": [{\"label\": \"Music\", \"value\": \"music\"}, {\"label\": \"Gaming\", \"value\": \"gaming\"}, {\"label\": \"Education\", \"value\": \"education\"}, {\"label\": \"Entertainment\", \"value\": \"entertainment\"}, {\"label\": \"News\", \"value\": \"news\"}, {\"label\": \"Sports\", \"value\": \"sports\"}, {\"label\": \"Technology\", \"value\": \"technology\"}, {\"label\": \"Vlog\", \"value\": \"vlog\"}]}', NULL, '2025-11-06 15:54:53'),
(1394, 132, 1, 'video_tags', 'Tags', 'Add tags (comma separated)', '', 0, 0, 13, '{}', NULL, '2025-11-06 15:54:53'),
(1395, 132, 27, 'visibility_heading', 'Visibility', '', 'Who Can Watch', 0, 1, 14, '{\"level\": \"h3\"}', NULL, '2025-11-06 15:54:53'),
(1396, 132, 12, 'visibility_options', 'Visibility', '', 'public', 1, 0, 15, '{\"options\": [{\"label\": \"Public\", \"value\": \"public\"}, {\"label\": \"Unlisted\", \"value\": \"unlisted\"}, {\"label\": \"Private\", \"value\": \"private\"}]}', NULL, '2025-11-06 15:54:53'),
(1397, 132, 27, 'advanced_heading', 'Advanced Settings', '', 'Additional Options', 0, 1, 16, '{\"level\": \"h3\"}', NULL, '2025-11-06 15:54:53'),
(1398, 132, 11, 'allow_comments', 'Allow Comments', '', '1', 0, 0, 17, '{}', NULL, '2025-11-06 15:54:53'),
(1399, 132, 11, 'age_restriction', 'Age Restriction (18+)', '', '0', 0, 0, 18, '{}', NULL, '2025-11-06 15:54:53'),
(1400, 132, 11, 'monetization', 'Enable Monetization', '', '0', 0, 0, 19, '{}', NULL, '2025-11-06 15:54:53'),
(1401, 132, 33, 'publish_button', 'Publish', '', 'Publish Video', 0, 0, 20, '{\"action\": \"submit\", \"variant\": \"primary\"}', NULL, '2025-11-06 15:54:53'),
(1402, 132, 33, 'save_draft_button', 'Save Draft', '', 'Save as Draft', 0, 0, 21, '{\"variant\": \"secondary\"}', NULL, '2025-11-06 15:54:53'),
(1403, 132, 33, 'cancel_upload_button', 'Cancel', '', 'Cancel', 0, 0, 22, '{\"action\": \"cancel\", \"variant\": \"secondary\"}', NULL, '2025-11-06 15:54:53'),
(1404, 133, 27, 'request_title', 'Page Title', '', 'Where to?', 0, 1, 1, '{\"level\": \"h1\"}', NULL, '2025-11-06 19:32:16'),
(1405, 133, 28, 'request_subtitle', 'Subtitle', '', 'Enter your destination to get started', 0, 1, 2, '{}', NULL, '2025-11-06 19:32:16'),
(1406, 133, 1, 'pickup_location', 'Pickup Location', 'Enter pickup address', '', 1, 0, 3, '{\"icon\": \"MapPin\"}', NULL, '2025-11-06 19:32:16'),
(1407, 133, 1, 'destination', 'Destination', 'Where are you going?', '', 1, 0, 4, '{\"icon\": \"Navigation\"}', NULL, '2025-11-06 19:32:16'),
(1408, 133, 27, 'ride_type_heading', 'Ride Type', '', 'Choose Your Ride', 0, 1, 5, '{\"level\": \"h3\"}', NULL, '2025-11-06 19:32:16'),
(1409, 133, 10, 'ride_type', 'Ride Type', 'Select ride type', 'standard', 1, 0, 6, '{\"options\": [{\"label\": \"Standard\", \"value\": \"standard\", \"description\": \"Affordable rides\"}, {\"label\": \"Premium\", \"value\": \"premium\", \"description\": \"Comfortable sedans\"}, {\"label\": \"XL\", \"value\": \"xl\", \"description\": \"6 seats\"}, {\"label\": \"Luxury\", \"value\": \"luxury\", \"description\": \"High-end vehicles\"}]}', NULL, '2025-11-06 19:32:16'),
(1410, 133, 27, 'ride_details_heading', 'Trip Details', '', 'Trip Details', 0, 1, 7, '{\"level\": \"h3\"}', NULL, '2025-11-06 19:32:16'),
(1411, 133, 8, 'estimated_fare', 'Estimated Fare', '', '0.00', 0, 1, 8, '{\"prefix\": \"$\", \"decimals\": 2}', NULL, '2025-11-06 19:32:16'),
(1412, 133, 28, 'estimated_time', 'Estimated Time', '', 'Calculating...', 0, 1, 9, '{}', NULL, '2025-11-06 19:32:16'),
(1413, 133, 28, 'distance', 'Distance', '', 'Calculating...', 0, 1, 10, '{}', NULL, '2025-11-06 19:32:16'),
(1414, 133, 1, 'promo_code', 'Promo Code', 'Enter promo code', '', 0, 0, 11, '{}', NULL, '2025-11-06 19:32:16'),
(1415, 133, 1, 'ride_notes', 'Special Instructions', 'Add notes for driver', '', 0, 0, 12, '{}', NULL, '2025-11-06 19:32:16'),
(1416, 133, 33, 'request_ride_button', 'Request Ride', '', 'Request Ride', 0, 0, 13, '{\"size\": \"large\", \"action\": \"submit\", \"variant\": \"primary\"}', NULL, '2025-11-06 19:32:16'),
(1417, 134, 27, 'tracking_title', 'Page Title', '', 'Your Ride', 0, 1, 1, '{}', NULL, '2025-11-06 19:32:16'),
(1418, 134, 28, 'ride_status', 'Ride Status', '', 'Driver is on the way', 0, 1, 2, '{\"type\": \"status\"}', NULL, '2025-11-06 19:32:16'),
(1419, 134, 27, 'driver_info_heading', 'Driver Information', '', 'Your Driver', 0, 1, 3, '{\"level\": \"h3\"}', NULL, '2025-11-06 19:32:16'),
(1420, 134, 28, 'driver_name', 'Driver Name', '', 'John Doe', 0, 1, 4, '{}', NULL, '2025-11-06 19:32:16'),
(1421, 134, 28, 'driver_rating', 'Driver Rating', '', '4.8 ', 0, 1, 5, '{}', NULL, '2025-11-06 19:32:16'),
(1422, 134, 28, 'vehicle_info', 'Vehicle Info', '', 'Toyota Camry - ABC 123', 0, 1, 6, '{}', NULL, '2025-11-06 19:32:16'),
(1423, 134, 27, 'trip_progress_heading', 'Trip Progress', '', 'Trip Details', 0, 1, 7, '{\"level\": \"h3\"}', NULL, '2025-11-06 19:32:16'),
(1424, 134, 28, 'eta', 'Estimated Arrival', '', '5 minutes', 0, 1, 8, '{\"icon\": \"Clock\"}', NULL, '2025-11-06 19:32:16'),
(1425, 134, 28, 'current_location', 'Current Location', '', 'Updating...', 0, 1, 9, '{\"icon\": \"MapPin\"}', NULL, '2025-11-06 19:32:16'),
(1426, 134, 28, 'destination_display', 'Destination', '', '', 0, 1, 10, '{\"icon\": \"Navigation\"}', NULL, '2025-11-06 19:32:16'),
(1427, 134, 33, 'call_driver_button', 'Call Driver', '', 'Call Driver', 0, 0, 11, '{\"icon\": \"Phone\", \"variant\": \"secondary\"}', NULL, '2025-11-06 19:32:16'),
(1428, 134, 33, 'message_driver_button', 'Message Driver', '', 'Message', 0, 0, 12, '{\"icon\": \"MessageCircle\", \"variant\": \"secondary\"}', NULL, '2025-11-06 19:32:16'),
(1429, 134, 33, 'cancel_ride_button', 'Cancel Ride', '', 'Cancel Ride', 0, 0, 13, '{\"variant\": \"danger\"}', NULL, '2025-11-06 19:32:16'),
(1430, 134, 27, 'safety_heading', 'Safety', '', 'Safety Features', 0, 1, 14, '{\"level\": \"h3\"}', NULL, '2025-11-06 19:32:16'),
(1431, 134, 33, 'share_trip_button', 'Share Trip', '', 'Share Trip Status', 0, 0, 15, '{\"variant\": \"secondary\"}', NULL, '2025-11-06 19:32:16'),
(1432, 134, 33, 'emergency_button', 'Emergency', '', 'Emergency', 0, 0, 16, '{\"variant\": \"danger\"}', NULL, '2025-11-06 19:32:16'),
(1433, 135, 27, 'history_title', 'Page Title', '', 'Ride History', 0, 1, 1, '{}', NULL, '2025-11-06 19:32:16'),
(1434, 135, 28, 'history_description', 'Description', '', 'View all your past rides', 0, 1, 2, '{}', NULL, '2025-11-06 19:32:16'),
(1435, 135, 17, 'start_date', 'Start Date', 'From date', '', 0, 0, 3, '{}', NULL, '2025-11-06 19:32:16'),
(1436, 135, 17, 'end_date', 'End Date', 'To date', '', 0, 0, 4, '{}', NULL, '2025-11-06 19:32:16'),
(1437, 135, 10, 'ride_status_filter', 'Status', 'All Rides', '', 0, 0, 5, '{\"options\": [{\"label\": \"All Rides\", \"value\": \"all\"}, {\"label\": \"Completed\", \"value\": \"completed\"}, {\"label\": \"Cancelled\", \"value\": \"cancelled\"}]}', NULL, '2025-11-06 19:32:16'),
(1438, 135, 33, 'apply_filters_button', 'Apply Filters', '', 'Apply', 0, 0, 6, '{\"variant\": \"primary\"}', NULL, '2025-11-06 19:32:16'),
(1439, 135, 27, 'rides_list_heading', 'Your Rides', '', 'Past Rides', 0, 1, 7, '{\"level\": \"h3\"}', NULL, '2025-11-06 19:32:16'),
(1440, 135, 28, 'rides_list', 'Rides List', '', 'Your ride history will appear here.', 0, 1, 8, '{\"type\": \"list\"}', NULL, '2025-11-06 19:32:16'),
(1441, 135, 27, 'stats_heading', 'Statistics', '', 'Your Stats', 0, 1, 9, '{\"level\": \"h3\"}', NULL, '2025-11-06 19:32:16'),
(1442, 135, 28, 'total_rides', 'Total Rides', '', '0 rides', 0, 1, 10, '{}', NULL, '2025-11-06 19:32:16'),
(1443, 135, 28, 'total_spent', 'Total Spent', '', '$0.00', 0, 1, 11, '{}', NULL, '2025-11-06 19:32:16'),
(1444, 136, 27, 'payment_title', 'Page Title', '', 'Payment Methods', 0, 1, 1, '{}', NULL, '2025-11-06 19:32:16'),
(1445, 136, 28, 'payment_description', 'Description', '', 'Manage your payment options', 0, 1, 2, '{}', NULL, '2025-11-06 19:32:16'),
(1446, 136, 27, 'saved_methods_heading', 'Saved Methods', '', 'Your Payment Methods', 0, 1, 3, '{\"level\": \"h3\"}', NULL, '2025-11-06 19:32:16'),
(1447, 136, 28, 'payment_methods_list', 'Payment Methods', '', 'Your saved payment methods will appear here.', 0, 1, 4, '{\"type\": \"list\"}', NULL, '2025-11-06 19:32:16'),
(1448, 136, 27, 'add_payment_heading', 'Add New Payment', '', 'Add Payment Method', 0, 1, 5, '{\"level\": \"h3\"}', NULL, '2025-11-06 19:32:16'),
(1449, 136, 10, 'payment_type', 'Payment Type', 'Select type', '', 0, 0, 6, '{\"options\": [{\"label\": \"Credit Card\", \"value\": \"credit\"}, {\"label\": \"Debit Card\", \"value\": \"debit\"}, {\"label\": \"PayPal\", \"value\": \"paypal\"}, {\"label\": \"Apple Pay\", \"value\": \"apple_pay\"}, {\"label\": \"Google Pay\", \"value\": \"google_pay\"}]}', NULL, '2025-11-06 19:32:16'),
(1450, 136, 1, 'card_number', 'Card Number', 'Enter card number', '', 0, 0, 7, '{\"type\": \"number\"}', NULL, '2025-11-06 19:32:16'),
(1451, 136, 1, 'card_name', 'Cardholder Name', 'Name on card', '', 0, 0, 8, '{}', NULL, '2025-11-06 19:32:16'),
(1452, 136, 17, 'expiry_date', 'Expiry Date', 'MM/YY', '', 0, 0, 9, '{}', NULL, '2025-11-06 19:32:16'),
(1453, 136, 1, 'cvv', 'CVV', 'CVV', '', 0, 0, 10, '{\"type\": \"password\", \"maxLength\": 4}', NULL, '2025-11-06 19:32:16'),
(1454, 136, 33, 'add_payment_button', 'Add Payment', '', 'Add Payment Method', 0, 0, 11, '{\"variant\": \"primary\"}', NULL, '2025-11-06 19:32:16'),
(1455, 136, 27, 'default_payment_heading', 'Default Payment', '', 'Default Payment Method', 0, 1, 12, '{\"level\": \"h3\"}', NULL, '2025-11-06 19:32:16'),
(1456, 136, 28, 'default_payment_info', 'Default Payment', '', 'Set your preferred payment method for rides', 0, 1, 13, '{}', NULL, '2025-11-06 19:32:16'),
(1457, 137, 27, 'driver_profile_title', 'Page Title', '', 'Driver Profile', 0, 1, 1, '{}', NULL, '2025-11-06 19:32:16'),
(1458, 137, 28, 'driver_photo', 'Driver Photo', '', 'Driver photo placeholder', 0, 1, 2, '{\"type\": \"image\"}', NULL, '2025-11-06 19:32:16'),
(1459, 137, 27, 'driver_name_display', 'Driver Name', '', 'John Doe', 0, 1, 3, '{\"level\": \"h2\"}', NULL, '2025-11-06 19:32:16'),
(1460, 137, 28, 'driver_rating_display', 'Rating', '', '4.8  (1,234 rides)', 0, 1, 4, '{}', NULL, '2025-11-06 19:32:16'),
(1461, 137, 28, 'member_since', 'Member Since', '', 'Member since: Jan 2023', 0, 1, 5, '{}', NULL, '2025-11-06 19:32:16'),
(1462, 137, 27, 'vehicle_heading', 'Vehicle', '', 'Vehicle Information', 0, 1, 6, '{\"level\": \"h3\"}', NULL, '2025-11-06 19:32:16'),
(1463, 137, 28, 'vehicle_make_model', 'Vehicle', '', 'Toyota Camry 2023', 0, 1, 7, '{}', NULL, '2025-11-06 19:32:16'),
(1464, 137, 28, 'vehicle_color', 'Color', '', 'Silver', 0, 1, 8, '{}', NULL, '2025-11-06 19:32:16'),
(1465, 137, 28, 'license_plate', 'License Plate', '', 'ABC 123', 0, 1, 9, '{}', NULL, '2025-11-06 19:32:16'),
(1466, 137, 27, 'stats_heading', 'Statistics', '', 'Driver Stats', 0, 1, 10, '{\"level\": \"h3\"}', NULL, '2025-11-06 19:32:16'),
(1467, 137, 28, 'total_trips', 'Total Trips', '', '1,234 trips', 0, 1, 11, '{}', NULL, '2025-11-06 19:32:16'),
(1468, 137, 28, 'acceptance_rate', 'Acceptance Rate', '', '98%', 0, 1, 12, '{}', NULL, '2025-11-06 19:32:16'),
(1469, 137, 28, 'cancellation_rate', 'Cancellation Rate', '', '2%', 0, 1, 13, '{}', NULL, '2025-11-06 19:32:16'),
(1470, 137, 27, 'reviews_heading', 'Reviews', '', 'Recent Reviews', 0, 1, 14, '{\"level\": \"h3\"}', NULL, '2025-11-06 19:32:16'),
(1471, 137, 28, 'reviews_list', 'Reviews', '', 'Driver reviews will appear here.', 0, 1, 15, '{\"type\": \"list\"}', NULL, '2025-11-06 19:32:16'),
(1472, 137, 33, 'contact_driver_button', 'Contact Driver', '', 'Contact Driver', 0, 0, 16, '{\"variant\": \"primary\"}', NULL, '2025-11-06 19:32:16'),
(1473, 137, 33, 'report_driver_button', 'Report Issue', '', 'Report Issue', 0, 0, 17, '{\"variant\": \"secondary\"}', NULL, '2025-11-06 19:32:16'),
(1474, 138, 27, 'profile_title', 'Page Title', '', 'My Profile', 0, 1, 1, '{}', NULL, '2025-11-06 19:32:16'),
(1475, 138, 28, 'profile_description', 'Description', '', 'Manage your account settings', 0, 1, 2, '{}', NULL, '2025-11-06 19:32:16'),
(1476, 138, 27, 'personal_info_heading', 'Personal Info', '', 'Personal Information', 0, 1, 3, '{\"level\": \"h3\"}', NULL, '2025-11-06 19:32:16'),
(1477, 138, 1, 'first_name', 'First Name', 'Enter first name', '', 1, 0, 4, '{}', NULL, '2025-11-06 19:32:16'),
(1478, 138, 1, 'last_name', 'Last Name', 'Enter last name', '', 1, 0, 5, '{}', NULL, '2025-11-06 19:32:16'),
(1479, 138, 1, 'email', 'Email', 'Enter email', '', 1, 0, 6, '{\"type\": \"email\"}', NULL, '2025-11-06 19:32:16'),
(1480, 138, 1, 'phone', 'Phone Number', 'Enter phone number', '', 1, 0, 7, '{\"type\": \"tel\"}', NULL, '2025-11-06 19:32:16'),
(1481, 138, 27, 'home_address_heading', 'Home Address', '', 'Saved Addresses', 0, 1, 8, '{\"level\": \"h3\"}', NULL, '2025-11-06 19:32:16'),
(1482, 138, 1, 'home_address', 'Home Address', 'Enter home address', '', 0, 0, 9, '{}', NULL, '2025-11-06 19:32:16'),
(1483, 138, 1, 'work_address', 'Work Address', 'Enter work address', '', 0, 0, 10, '{}', NULL, '2025-11-06 19:32:16'),
(1484, 138, 27, 'preferences_heading', 'Preferences', '', 'Ride Preferences', 0, 1, 11, '{\"level\": \"h3\"}', NULL, '2025-11-06 19:32:16'),
(1485, 138, 10, 'preferred_ride_type', 'Preferred Ride Type', 'Select default', '', 0, 0, 12, '{\"options\": [{\"label\": \"Standard\", \"value\": \"standard\"}, {\"label\": \"Premium\", \"value\": \"premium\"}, {\"label\": \"XL\", \"value\": \"xl\"}, {\"label\": \"Luxury\", \"value\": \"luxury\"}]}', NULL, '2025-11-06 19:32:16'),
(1486, 138, 10, 'language', 'Language', 'Select language', 'en', 0, 0, 13, '{\"options\": [{\"label\": \"English\", \"value\": \"en\"}, {\"label\": \"Spanish\", \"value\": \"es\"}, {\"label\": \"French\", \"value\": \"fr\"}]}', NULL, '2025-11-06 19:32:16'),
(1487, 138, 27, 'notifications_heading', 'Notifications', '', 'Notification Settings', 0, 1, 14, '{\"level\": \"h3\"}', NULL, '2025-11-06 19:32:16'),
(1488, 138, 28, 'push_notifications', 'Push Notifications', '', 'Enabled', 0, 1, 15, '{}', NULL, '2025-11-06 19:32:16'),
(1489, 138, 28, 'email_notifications', 'Email Notifications', '', 'Enabled', 0, 1, 16, '{}', NULL, '2025-11-06 19:32:16'),
(1490, 138, 28, 'sms_notifications', 'SMS Notifications', '', 'Enabled', 0, 1, 17, '{}', NULL, '2025-11-06 19:32:16'),
(1491, 138, 33, 'save_profile_button', 'Save Changes', '', 'Save Changes', 0, 0, 18, '{\"action\": \"submit\", \"variant\": \"primary\"}', NULL, '2025-11-06 19:32:16'),
(1492, 138, 33, 'logout_button', 'Logout', '', 'Logout', 0, 0, 19, '{\"variant\": \"secondary\"}', NULL, '2025-11-06 19:32:16'),
(1493, 138, 33, 'delete_account_button', 'Delete Account', '', 'Delete Account', 0, 0, 20, '{\"variant\": \"danger\"}', NULL, '2025-11-06 19:32:16'),
(1494, 139, 27, 'heading_139_1', NULL, NULL, NULL, 0, 0, 1, NULL, NULL, '2025-11-07 16:03:26'),
(1495, 140, 27, 'heading_140_1', NULL, NULL, NULL, 0, 0, 1, NULL, NULL, '2025-11-07 16:03:26'),
(1496, 141, 27, 'heading_141_1', NULL, NULL, NULL, 0, 0, 1, NULL, NULL, '2025-11-07 16:03:26'),
(1497, 142, 27, 'heading_142_1', NULL, NULL, NULL, 0, 0, 1, NULL, NULL, '2025-11-07 16:03:26'),
(1498, 143, 27, 'heading_143_1', NULL, NULL, NULL, 0, 0, 1, NULL, NULL, '2025-11-07 16:03:26'),
(1499, 144, 27, 'heading_144_1', NULL, NULL, NULL, 0, 0, 1, NULL, NULL, '2025-11-07 16:03:26'),
(1500, 145, 27, 'heading_145_1', NULL, NULL, NULL, 0, 0, 1, NULL, NULL, '2025-11-07 16:03:26'),
(1501, 146, 27, 'heading_146_1', NULL, NULL, NULL, 0, 0, 1, NULL, NULL, '2025-11-07 16:03:26'),
(1502, 147, 27, 'heading_147_1', NULL, NULL, NULL, 0, 0, 1, NULL, NULL, '2025-11-07 16:03:26'),
(1503, 148, 27, 'heading_148_1', NULL, NULL, NULL, 0, 0, 1, NULL, NULL, '2025-11-07 16:03:26'),
(1504, 149, 27, 'heading_149_1', NULL, NULL, NULL, 0, 0, 1, NULL, NULL, '2025-11-07 16:03:26'),
(1505, 150, 27, 'heading_150_1', NULL, NULL, NULL, 0, 0, 1, NULL, NULL, '2025-11-07 16:03:26'),
(1506, 151, 27, 'heading_151_1', NULL, NULL, NULL, 0, 0, 1, NULL, NULL, '2025-11-07 16:03:26'),
(1507, 152, 27, 'heading_152_1', NULL, NULL, NULL, 0, 0, 1, NULL, NULL, '2025-11-07 16:03:26'),
(1508, 153, 27, 'heading_153_1', NULL, NULL, NULL, 0, 0, 1, NULL, NULL, '2025-11-07 16:03:26'),
(1509, 154, 27, 'heading_154_1', NULL, NULL, NULL, 0, 0, 1, NULL, NULL, '2025-11-07 16:03:26'),
(1510, 155, 27, 'heading_155_1', NULL, NULL, NULL, 0, 0, 1, NULL, NULL, '2025-11-07 16:03:26'),
(1511, 156, 27, 'heading_156_1', NULL, NULL, NULL, 0, 0, 1, NULL, NULL, '2025-11-07 16:03:26'),
(1512, 157, 27, 'heading_157_1', NULL, NULL, NULL, 0, 0, 1, NULL, NULL, '2025-11-07 16:03:26'),
(1513, 158, 27, 'heading_158_1', NULL, NULL, NULL, 0, 0, 1, NULL, NULL, '2025-11-07 16:03:26'),
(1514, 159, 27, 'heading_159_1', NULL, NULL, NULL, 0, 0, 1, NULL, NULL, '2025-11-07 16:03:26'),
(1515, 160, 27, 'heading_160_1', NULL, NULL, NULL, 0, 0, 1, NULL, NULL, '2025-11-07 16:03:26'),
(1516, 161, 27, 'heading_161_1', NULL, NULL, NULL, 0, 0, 1, NULL, NULL, '2025-11-07 16:03:26'),
(1517, 162, 27, 'heading_162_1', NULL, NULL, NULL, 0, 0, 1, NULL, NULL, '2025-11-07 16:03:26'),
(1518, 163, 27, 'heading_163_1', NULL, NULL, NULL, 0, 0, 1, NULL, NULL, '2025-11-07 16:03:26'),
(1519, 164, 27, 'heading_164_1', NULL, NULL, NULL, 0, 0, 1, NULL, NULL, '2025-11-07 16:03:26'),
(1520, 165, 27, 'heading_165_1', NULL, NULL, NULL, 0, 0, 1, NULL, NULL, '2025-11-07 16:03:26'),
(1521, 166, 27, 'heading_166_1', NULL, NULL, NULL, 0, 0, 1, NULL, NULL, '2025-11-07 16:03:26'),
(1522, 167, 27, 'heading_167_1', NULL, NULL, NULL, 0, 0, 1, NULL, NULL, '2025-11-07 16:03:26'),
(1523, 168, 27, 'heading_168_1', NULL, NULL, NULL, 0, 0, 1, NULL, NULL, '2025-11-07 16:03:26'),
(1524, 169, 27, 'heading_169_1', NULL, NULL, NULL, 0, 0, 1, NULL, NULL, '2025-11-07 16:03:26'),
(1525, 170, 27, 'heading_170_1', NULL, NULL, NULL, 0, 0, 1, NULL, NULL, '2025-11-07 16:03:26'),
(1526, 171, 27, 'heading_171_1', NULL, NULL, NULL, 0, 0, 1, NULL, NULL, '2025-11-07 16:03:26'),
(1527, 172, 27, 'heading_172_1', NULL, NULL, NULL, 0, 0, 1, NULL, NULL, '2025-11-07 16:03:26'),
(1528, 173, 27, 'heading_173_1', NULL, NULL, NULL, 0, 0, 1, NULL, NULL, '2025-11-07 16:03:26'),
(1529, 174, 27, 'heading_174_1', NULL, NULL, NULL, 0, 0, 1, NULL, NULL, '2025-11-07 16:03:26'),
(1530, 175, 27, 'heading_175_1', NULL, NULL, NULL, 0, 0, 1, NULL, NULL, '2025-11-07 16:03:26'),
(1531, 298, 27, 'heading_298_1', NULL, NULL, NULL, 0, 0, 1, NULL, NULL, '2025-11-07 16:03:26'),
(1532, 139, 28, 'paragraph_139_2', NULL, NULL, NULL, 0, 0, 2, NULL, NULL, '2025-11-07 16:03:26'),
(1533, 140, 28, 'paragraph_140_2', NULL, NULL, NULL, 0, 0, 2, NULL, NULL, '2025-11-07 16:03:26'),
(1534, 141, 28, 'paragraph_141_2', NULL, NULL, NULL, 0, 0, 2, NULL, NULL, '2025-11-07 16:03:26'),
(1535, 142, 28, 'paragraph_142_2', NULL, NULL, NULL, 0, 0, 2, NULL, NULL, '2025-11-07 16:03:26'),
(1536, 143, 28, 'paragraph_143_2', NULL, NULL, NULL, 0, 0, 2, NULL, NULL, '2025-11-07 16:03:26'),
(1537, 144, 28, 'paragraph_144_2', NULL, NULL, NULL, 0, 0, 2, NULL, NULL, '2025-11-07 16:03:26'),
(1538, 145, 28, 'paragraph_145_2', NULL, NULL, NULL, 0, 0, 2, NULL, NULL, '2025-11-07 16:03:26'),
(1539, 146, 28, 'paragraph_146_2', NULL, NULL, NULL, 0, 0, 2, NULL, NULL, '2025-11-07 16:03:26'),
(1540, 147, 28, 'paragraph_147_2', NULL, NULL, NULL, 0, 0, 2, NULL, NULL, '2025-11-07 16:03:26'),
(1541, 148, 28, 'paragraph_148_2', NULL, NULL, NULL, 0, 0, 2, NULL, NULL, '2025-11-07 16:03:26'),
(1542, 149, 28, 'paragraph_149_2', NULL, NULL, NULL, 0, 0, 2, NULL, NULL, '2025-11-07 16:03:26'),
(1543, 150, 28, 'paragraph_150_2', NULL, NULL, NULL, 0, 0, 2, NULL, NULL, '2025-11-07 16:03:26'),
(1544, 151, 28, 'paragraph_151_2', NULL, NULL, NULL, 0, 0, 2, NULL, NULL, '2025-11-07 16:03:26'),
(1545, 152, 28, 'paragraph_152_2', NULL, NULL, NULL, 0, 0, 2, NULL, NULL, '2025-11-07 16:03:26'),
(1546, 153, 28, 'paragraph_153_2', NULL, NULL, NULL, 0, 0, 2, NULL, NULL, '2025-11-07 16:03:26'),
(1547, 154, 28, 'paragraph_154_2', NULL, NULL, NULL, 0, 0, 2, NULL, NULL, '2025-11-07 16:03:26'),
(1548, 155, 28, 'paragraph_155_2', NULL, NULL, NULL, 0, 0, 2, NULL, NULL, '2025-11-07 16:03:26'),
(1549, 156, 28, 'paragraph_156_2', NULL, NULL, NULL, 0, 0, 2, NULL, NULL, '2025-11-07 16:03:26'),
(1550, 157, 28, 'paragraph_157_2', NULL, NULL, NULL, 0, 0, 2, NULL, NULL, '2025-11-07 16:03:26'),
(1551, 158, 28, 'paragraph_158_2', NULL, NULL, NULL, 0, 0, 2, NULL, NULL, '2025-11-07 16:03:26'),
(1552, 159, 28, 'paragraph_159_2', NULL, NULL, NULL, 0, 0, 2, NULL, NULL, '2025-11-07 16:03:26'),
(1553, 160, 28, 'paragraph_160_2', NULL, NULL, NULL, 0, 0, 2, NULL, NULL, '2025-11-07 16:03:26'),
(1554, 161, 28, 'paragraph_161_2', NULL, NULL, NULL, 0, 0, 2, NULL, NULL, '2025-11-07 16:03:26'),
(1555, 162, 28, 'paragraph_162_2', NULL, NULL, NULL, 0, 0, 2, NULL, NULL, '2025-11-07 16:03:26'),
(1556, 163, 28, 'paragraph_163_2', NULL, NULL, NULL, 0, 0, 2, NULL, NULL, '2025-11-07 16:03:26'),
(1557, 164, 28, 'paragraph_164_2', NULL, NULL, NULL, 0, 0, 2, NULL, NULL, '2025-11-07 16:03:26'),
(1558, 165, 28, 'paragraph_165_2', NULL, NULL, NULL, 0, 0, 2, NULL, NULL, '2025-11-07 16:03:26'),
(1559, 166, 28, 'paragraph_166_2', NULL, NULL, NULL, 0, 0, 2, NULL, NULL, '2025-11-07 16:03:26'),
(1560, 167, 28, 'paragraph_167_2', NULL, NULL, NULL, 0, 0, 2, NULL, NULL, '2025-11-07 16:03:26'),
(1561, 168, 28, 'paragraph_168_2', NULL, NULL, NULL, 0, 0, 2, NULL, NULL, '2025-11-07 16:03:26'),
(1562, 169, 28, 'paragraph_169_2', NULL, NULL, NULL, 0, 0, 2, NULL, NULL, '2025-11-07 16:03:26'),
(1563, 170, 28, 'paragraph_170_2', NULL, NULL, NULL, 0, 0, 2, NULL, NULL, '2025-11-07 16:03:26'),
(1564, 171, 28, 'paragraph_171_2', NULL, NULL, NULL, 0, 0, 2, NULL, NULL, '2025-11-07 16:03:26'),
(1565, 172, 28, 'paragraph_172_2', NULL, NULL, NULL, 0, 0, 2, NULL, NULL, '2025-11-07 16:03:26'),
(1566, 173, 28, 'paragraph_173_2', NULL, NULL, NULL, 0, 0, 2, NULL, NULL, '2025-11-07 16:03:26'),
(1567, 174, 28, 'paragraph_174_2', NULL, NULL, NULL, 0, 0, 2, NULL, NULL, '2025-11-07 16:03:26'),
(1568, 175, 28, 'paragraph_175_2', NULL, NULL, NULL, 0, 0, 2, NULL, NULL, '2025-11-07 16:03:26'),
(1569, 298, 28, 'paragraph_298_2', NULL, NULL, NULL, 0, 0, 2, NULL, NULL, '2025-11-07 16:03:26'),
(1570, 139, 33, 'button_139_3', NULL, NULL, NULL, 0, 0, 3, NULL, NULL, '2025-11-07 16:03:26'),
(1571, 140, 33, 'button_140_3', NULL, NULL, NULL, 0, 0, 3, NULL, NULL, '2025-11-07 16:03:26'),
(1572, 141, 33, 'button_141_3', NULL, NULL, NULL, 0, 0, 3, NULL, NULL, '2025-11-07 16:03:26'),
(1573, 142, 33, 'button_142_3', NULL, NULL, NULL, 0, 0, 3, NULL, NULL, '2025-11-07 16:03:26'),
(1574, 143, 33, 'button_143_3', NULL, NULL, NULL, 0, 0, 3, NULL, NULL, '2025-11-07 16:03:26'),
(1575, 144, 33, 'button_144_3', NULL, NULL, NULL, 0, 0, 3, NULL, NULL, '2025-11-07 16:03:26'),
(1576, 145, 33, 'button_145_3', NULL, NULL, NULL, 0, 0, 3, NULL, NULL, '2025-11-07 16:03:26'),
(1577, 146, 33, 'button_146_3', NULL, NULL, NULL, 0, 0, 3, NULL, NULL, '2025-11-07 16:03:26'),
(1578, 147, 33, 'button_147_3', NULL, NULL, NULL, 0, 0, 3, NULL, NULL, '2025-11-07 16:03:26'),
(1579, 148, 33, 'button_148_3', NULL, NULL, NULL, 0, 0, 3, NULL, NULL, '2025-11-07 16:03:26'),
(1580, 149, 33, 'button_149_3', NULL, NULL, NULL, 0, 0, 3, NULL, NULL, '2025-11-07 16:03:26'),
(1581, 150, 33, 'button_150_3', NULL, NULL, NULL, 0, 0, 3, NULL, NULL, '2025-11-07 16:03:26'),
(1582, 151, 33, 'button_151_3', NULL, NULL, NULL, 0, 0, 3, NULL, NULL, '2025-11-07 16:03:26'),
(1583, 152, 33, 'button_152_3', NULL, NULL, NULL, 0, 0, 3, NULL, NULL, '2025-11-07 16:03:26'),
(1584, 153, 33, 'button_153_3', NULL, NULL, NULL, 0, 0, 3, NULL, NULL, '2025-11-07 16:03:26'),
(1585, 154, 33, 'button_154_3', NULL, NULL, NULL, 0, 0, 3, NULL, NULL, '2025-11-07 16:03:26'),
(1586, 155, 33, 'button_155_3', NULL, NULL, NULL, 0, 0, 3, NULL, NULL, '2025-11-07 16:03:26'),
(1587, 156, 33, 'button_156_3', NULL, NULL, NULL, 0, 0, 3, NULL, NULL, '2025-11-07 16:03:26'),
(1588, 157, 33, 'button_157_3', NULL, NULL, NULL, 0, 0, 3, NULL, NULL, '2025-11-07 16:03:26'),
(1589, 158, 33, 'button_158_3', NULL, NULL, NULL, 0, 0, 3, NULL, NULL, '2025-11-07 16:03:26'),
(1590, 159, 33, 'button_159_3', NULL, NULL, NULL, 0, 0, 3, NULL, NULL, '2025-11-07 16:03:26'),
(1591, 160, 33, 'button_160_3', NULL, NULL, NULL, 0, 0, 3, NULL, NULL, '2025-11-07 16:03:26'),
(1592, 161, 33, 'button_161_3', NULL, NULL, NULL, 0, 0, 3, NULL, NULL, '2025-11-07 16:03:26'),
(1593, 162, 33, 'button_162_3', NULL, NULL, NULL, 0, 0, 3, NULL, NULL, '2025-11-07 16:03:26'),
(1594, 163, 33, 'button_163_3', NULL, NULL, NULL, 0, 0, 3, NULL, NULL, '2025-11-07 16:03:26'),
(1595, 164, 33, 'button_164_3', NULL, NULL, NULL, 0, 0, 3, NULL, NULL, '2025-11-07 16:03:26'),
(1596, 165, 33, 'button_165_3', NULL, NULL, NULL, 0, 0, 3, NULL, NULL, '2025-11-07 16:03:26'),
(1597, 166, 33, 'button_166_3', NULL, NULL, NULL, 0, 0, 3, NULL, NULL, '2025-11-07 16:03:26'),
(1598, 167, 33, 'button_167_3', NULL, NULL, NULL, 0, 0, 3, NULL, NULL, '2025-11-07 16:03:26'),
(1599, 168, 33, 'button_168_3', NULL, NULL, NULL, 0, 0, 3, NULL, NULL, '2025-11-07 16:03:26'),
(1600, 169, 33, 'button_169_3', NULL, NULL, NULL, 0, 0, 3, NULL, NULL, '2025-11-07 16:03:26'),
(1601, 170, 33, 'button_170_3', NULL, NULL, NULL, 0, 0, 3, NULL, NULL, '2025-11-07 16:03:26'),
(1602, 171, 33, 'button_171_3', NULL, NULL, NULL, 0, 0, 3, NULL, NULL, '2025-11-07 16:03:26'),
(1603, 172, 33, 'button_172_3', NULL, NULL, NULL, 0, 0, 3, NULL, NULL, '2025-11-07 16:03:26'),
(1604, 173, 33, 'button_173_3', NULL, NULL, NULL, 0, 0, 3, NULL, NULL, '2025-11-07 16:03:26'),
(1605, 174, 33, 'button_174_3', NULL, NULL, NULL, 0, 0, 3, NULL, NULL, '2025-11-07 16:03:26'),
(1606, 175, 33, 'button_175_3', NULL, NULL, NULL, 0, 0, 3, NULL, NULL, '2025-11-07 16:03:26'),
(1607, 298, 33, 'button_298_3', NULL, NULL, NULL, 0, 0, 3, NULL, NULL, '2025-11-07 16:03:26'),
(1608, 139, 1, 'text_field_139_4', NULL, NULL, NULL, 0, 0, 4, NULL, NULL, '2025-11-07 16:03:26'),
(1609, 140, 1, 'text_field_140_4', NULL, NULL, NULL, 0, 0, 4, NULL, NULL, '2025-11-07 16:03:26'),
(1610, 141, 1, 'text_field_141_4', NULL, NULL, NULL, 0, 0, 4, NULL, NULL, '2025-11-07 16:03:26'),
(1611, 142, 1, 'text_field_142_4', NULL, NULL, NULL, 0, 0, 4, NULL, NULL, '2025-11-07 16:03:26'),
(1612, 143, 1, 'text_field_143_4', NULL, NULL, NULL, 0, 0, 4, NULL, NULL, '2025-11-07 16:03:26'),
(1613, 144, 1, 'text_field_144_4', NULL, NULL, NULL, 0, 0, 4, NULL, NULL, '2025-11-07 16:03:26'),
(1614, 145, 1, 'text_field_145_4', NULL, NULL, NULL, 0, 0, 4, NULL, NULL, '2025-11-07 16:03:26'),
(1615, 146, 1, 'text_field_146_4', NULL, NULL, NULL, 0, 0, 4, NULL, NULL, '2025-11-07 16:03:26'),
(1616, 147, 1, 'text_field_147_4', NULL, NULL, NULL, 0, 0, 4, NULL, NULL, '2025-11-07 16:03:26'),
(1617, 148, 1, 'text_field_148_4', NULL, NULL, NULL, 0, 0, 4, NULL, NULL, '2025-11-07 16:03:26'),
(1618, 149, 1, 'text_field_149_4', NULL, NULL, NULL, 0, 0, 4, NULL, NULL, '2025-11-07 16:03:26'),
(1619, 150, 1, 'text_field_150_4', NULL, NULL, NULL, 0, 0, 4, NULL, NULL, '2025-11-07 16:03:26'),
(1620, 151, 1, 'text_field_151_4', NULL, NULL, NULL, 0, 0, 4, NULL, NULL, '2025-11-07 16:03:26'),
(1621, 152, 1, 'text_field_152_4', NULL, NULL, NULL, 0, 0, 4, NULL, NULL, '2025-11-07 16:03:26'),
(1622, 153, 1, 'text_field_153_4', NULL, NULL, NULL, 0, 0, 4, NULL, NULL, '2025-11-07 16:03:26'),
(1623, 154, 1, 'text_field_154_4', NULL, NULL, NULL, 0, 0, 4, NULL, NULL, '2025-11-07 16:03:26'),
(1624, 155, 1, 'text_field_155_4', NULL, NULL, NULL, 0, 0, 4, NULL, NULL, '2025-11-07 16:03:26'),
(1625, 156, 1, 'text_field_156_4', NULL, NULL, NULL, 0, 0, 4, NULL, NULL, '2025-11-07 16:03:26'),
(1626, 157, 1, 'text_field_157_4', NULL, NULL, NULL, 0, 0, 4, NULL, NULL, '2025-11-07 16:03:26'),
(1627, 158, 1, 'text_field_158_4', NULL, NULL, NULL, 0, 0, 4, NULL, NULL, '2025-11-07 16:03:26'),
(1628, 159, 1, 'text_field_159_4', NULL, NULL, NULL, 0, 0, 4, NULL, NULL, '2025-11-07 16:03:26'),
(1629, 160, 1, 'text_field_160_4', NULL, NULL, NULL, 0, 0, 4, NULL, NULL, '2025-11-07 16:03:26'),
(1630, 161, 1, 'text_field_161_4', NULL, NULL, NULL, 0, 0, 4, NULL, NULL, '2025-11-07 16:03:26'),
(1631, 162, 1, 'text_field_162_4', NULL, NULL, NULL, 0, 0, 4, NULL, NULL, '2025-11-07 16:03:26'),
(1632, 163, 1, 'text_field_163_4', NULL, NULL, NULL, 0, 0, 4, NULL, NULL, '2025-11-07 16:03:26'),
(1633, 164, 1, 'text_field_164_4', NULL, NULL, NULL, 0, 0, 4, NULL, NULL, '2025-11-07 16:03:26'),
(1634, 165, 1, 'text_field_165_4', NULL, NULL, NULL, 0, 0, 4, NULL, NULL, '2025-11-07 16:03:26'),
(1635, 166, 1, 'text_field_166_4', NULL, NULL, NULL, 0, 0, 4, NULL, NULL, '2025-11-07 16:03:26'),
(1636, 167, 1, 'text_field_167_4', NULL, NULL, NULL, 0, 0, 4, NULL, NULL, '2025-11-07 16:03:26'),
(1637, 168, 1, 'text_field_168_4', NULL, NULL, NULL, 0, 0, 4, NULL, NULL, '2025-11-07 16:03:26'),
(1638, 169, 1, 'text_field_169_4', NULL, NULL, NULL, 0, 0, 4, NULL, NULL, '2025-11-07 16:03:26'),
(1639, 170, 1, 'text_field_170_4', NULL, NULL, NULL, 0, 0, 4, NULL, NULL, '2025-11-07 16:03:26'),
(1640, 171, 1, 'text_field_171_4', NULL, NULL, NULL, 0, 0, 4, NULL, NULL, '2025-11-07 16:03:26'),
(1641, 172, 1, 'text_field_172_4', NULL, NULL, NULL, 0, 0, 4, NULL, NULL, '2025-11-07 16:03:26'),
(1642, 173, 1, 'text_field_173_4', NULL, NULL, NULL, 0, 0, 4, NULL, NULL, '2025-11-07 16:03:26'),
(1643, 174, 1, 'text_field_174_4', NULL, NULL, NULL, 0, 0, 4, NULL, NULL, '2025-11-07 16:03:26'),
(1644, 175, 1, 'text_field_175_4', NULL, NULL, NULL, 0, 0, 4, NULL, NULL, '2025-11-07 16:03:26'),
(1645, 298, 1, 'text_field_298_4', NULL, NULL, NULL, 0, 0, 4, NULL, NULL, '2025-11-07 16:03:26'),
(1749, 176, 27, 'heading_176_1', NULL, NULL, NULL, 0, 0, 1, NULL, NULL, '2025-11-07 16:03:26'),
(1750, 177, 27, 'heading_177_1', NULL, NULL, NULL, 0, 0, 1, NULL, NULL, '2025-11-07 16:03:26'),
(1751, 178, 27, 'heading_178_1', NULL, NULL, NULL, 0, 0, 1, NULL, NULL, '2025-11-07 16:03:26'),
(1752, 179, 27, 'heading_179_1', NULL, NULL, NULL, 0, 0, 1, NULL, NULL, '2025-11-07 16:03:26'),
(1753, 180, 27, 'heading_180_1', NULL, NULL, NULL, 0, 0, 1, NULL, NULL, '2025-11-07 16:03:26'),
(1754, 181, 27, 'heading_181_1', NULL, NULL, NULL, 0, 0, 1, NULL, NULL, '2025-11-07 16:03:26'),
(1755, 182, 27, 'heading_182_1', NULL, NULL, NULL, 0, 0, 1, NULL, NULL, '2025-11-07 16:03:26'),
(1756, 183, 27, 'heading_183_1', NULL, NULL, NULL, 0, 0, 1, NULL, NULL, '2025-11-07 16:03:26'),
(1757, 184, 27, 'heading_184_1', NULL, NULL, NULL, 0, 0, 1, NULL, NULL, '2025-11-07 16:03:26'),
(1758, 185, 27, 'heading_185_1', NULL, NULL, NULL, 0, 0, 1, NULL, NULL, '2025-11-07 16:03:26'),
(1759, 186, 27, 'heading_186_1', NULL, NULL, NULL, 0, 0, 1, NULL, NULL, '2025-11-07 16:03:26'),
(1760, 187, 27, 'heading_187_1', NULL, NULL, NULL, 0, 0, 1, NULL, NULL, '2025-11-07 16:03:26'),
(1761, 188, 27, 'heading_188_1', NULL, NULL, NULL, 0, 0, 1, NULL, NULL, '2025-11-07 16:03:26'),
(1762, 189, 27, 'heading_189_1', NULL, NULL, NULL, 0, 0, 1, NULL, NULL, '2025-11-07 16:03:26');
INSERT INTO `app_template_screen_elements` (`id`, `template_screen_id`, `element_id`, `field_key`, `label`, `placeholder`, `default_value`, `is_required`, `is_readonly`, `display_order`, `config`, `validation_rules`, `created_at`) VALUES
(1763, 190, 27, 'heading_190_1', NULL, NULL, NULL, 0, 0, 1, NULL, NULL, '2025-11-07 16:03:26'),
(1764, 191, 27, 'heading_191_1', NULL, NULL, NULL, 0, 0, 1, NULL, NULL, '2025-11-07 16:03:26'),
(1765, 192, 27, 'heading_192_1', NULL, NULL, NULL, 0, 0, 1, NULL, NULL, '2025-11-07 16:03:26'),
(1766, 193, 27, 'heading_193_1', NULL, NULL, NULL, 0, 0, 1, NULL, NULL, '2025-11-07 16:03:26'),
(1767, 194, 27, 'heading_194_1', NULL, NULL, NULL, 0, 0, 1, NULL, NULL, '2025-11-07 16:03:26'),
(1768, 195, 27, 'heading_195_1', NULL, NULL, NULL, 0, 0, 1, NULL, NULL, '2025-11-07 16:03:26'),
(1769, 196, 27, 'heading_196_1', NULL, NULL, NULL, 0, 0, 1, NULL, NULL, '2025-11-07 16:03:26'),
(1770, 197, 27, 'heading_197_1', NULL, NULL, NULL, 0, 0, 1, NULL, NULL, '2025-11-07 16:03:26'),
(1771, 198, 27, 'heading_198_1', NULL, NULL, NULL, 0, 0, 1, NULL, NULL, '2025-11-07 16:03:26'),
(1772, 199, 27, 'heading_199_1', NULL, NULL, NULL, 0, 0, 1, NULL, NULL, '2025-11-07 16:03:26'),
(1773, 200, 27, 'heading_200_1', NULL, NULL, NULL, 0, 0, 1, NULL, NULL, '2025-11-07 16:03:26'),
(1774, 201, 27, 'heading_201_1', NULL, NULL, NULL, 0, 0, 1, NULL, NULL, '2025-11-07 16:03:26'),
(1775, 202, 27, 'heading_202_1', NULL, NULL, NULL, 0, 0, 1, NULL, NULL, '2025-11-07 16:03:26'),
(1776, 203, 27, 'heading_203_1', NULL, NULL, NULL, 0, 0, 1, NULL, NULL, '2025-11-07 16:03:26'),
(1777, 204, 27, 'heading_204_1', NULL, NULL, NULL, 0, 0, 1, NULL, NULL, '2025-11-07 16:03:26'),
(1778, 205, 27, 'heading_205_1', NULL, NULL, NULL, 0, 0, 1, NULL, NULL, '2025-11-07 16:03:26'),
(1779, 206, 27, 'heading_206_1', NULL, NULL, NULL, 0, 0, 1, NULL, NULL, '2025-11-07 16:03:26'),
(1780, 207, 27, 'heading_207_1', NULL, NULL, NULL, 0, 0, 1, NULL, NULL, '2025-11-07 16:03:26'),
(1781, 208, 27, 'heading_208_1', NULL, NULL, NULL, 0, 0, 1, NULL, NULL, '2025-11-07 16:03:26'),
(1782, 209, 27, 'heading_209_1', NULL, NULL, NULL, 0, 0, 1, NULL, NULL, '2025-11-07 16:03:26'),
(1783, 210, 27, 'heading_210_1', NULL, NULL, NULL, 0, 0, 1, NULL, NULL, '2025-11-07 16:03:26'),
(1784, 211, 27, 'heading_211_1', NULL, NULL, NULL, 0, 0, 1, NULL, NULL, '2025-11-07 16:03:26'),
(1785, 212, 27, 'heading_212_1', NULL, NULL, NULL, 0, 0, 1, NULL, NULL, '2025-11-07 16:03:26'),
(1786, 213, 27, 'heading_213_1', NULL, NULL, NULL, 0, 0, 1, NULL, NULL, '2025-11-07 16:03:26'),
(1787, 214, 27, 'heading_214_1', NULL, NULL, NULL, 0, 0, 1, NULL, NULL, '2025-11-07 16:03:26'),
(1788, 215, 27, 'heading_215_1', NULL, NULL, NULL, 0, 0, 1, NULL, NULL, '2025-11-07 16:03:26'),
(1789, 216, 27, 'heading_216_1', NULL, NULL, NULL, 0, 0, 1, NULL, NULL, '2025-11-07 16:03:26'),
(1790, 217, 27, 'heading_217_1', NULL, NULL, NULL, 0, 0, 1, NULL, NULL, '2025-11-07 16:03:26'),
(1791, 218, 27, 'heading_218_1', NULL, NULL, NULL, 0, 0, 1, NULL, NULL, '2025-11-07 16:03:26'),
(1792, 219, 27, 'heading_219_1', NULL, NULL, NULL, 0, 0, 1, NULL, NULL, '2025-11-07 16:03:26'),
(1793, 220, 27, 'heading_220_1', NULL, NULL, NULL, 0, 0, 1, NULL, NULL, '2025-11-07 16:03:26'),
(1794, 221, 27, 'heading_221_1', NULL, NULL, NULL, 0, 0, 1, NULL, NULL, '2025-11-07 16:03:26'),
(1795, 222, 27, 'heading_222_1', NULL, NULL, NULL, 0, 0, 1, NULL, NULL, '2025-11-07 16:03:26'),
(1796, 223, 27, 'heading_223_1', NULL, NULL, NULL, 0, 0, 1, NULL, NULL, '2025-11-07 16:03:26'),
(1797, 224, 27, 'heading_224_1', NULL, NULL, NULL, 0, 0, 1, NULL, NULL, '2025-11-07 16:03:26'),
(1798, 225, 27, 'heading_225_1', NULL, NULL, NULL, 0, 0, 1, NULL, NULL, '2025-11-07 16:03:26'),
(1799, 226, 27, 'heading_226_1', NULL, NULL, NULL, 0, 0, 1, NULL, NULL, '2025-11-07 16:03:26'),
(1800, 227, 27, 'heading_227_1', NULL, NULL, NULL, 0, 0, 1, NULL, NULL, '2025-11-07 16:03:26'),
(1801, 228, 27, 'heading_228_1', NULL, NULL, NULL, 0, 0, 1, NULL, NULL, '2025-11-07 16:03:26'),
(1802, 229, 27, 'heading_229_1', NULL, NULL, NULL, 0, 0, 1, NULL, NULL, '2025-11-07 16:03:26'),
(1803, 230, 27, 'heading_230_1', NULL, NULL, NULL, 0, 0, 1, NULL, NULL, '2025-11-07 16:03:26'),
(1804, 299, 27, 'heading_299_1', NULL, NULL, NULL, 0, 0, 1, NULL, NULL, '2025-11-07 16:03:26'),
(1805, 300, 27, 'heading_300_1', NULL, NULL, NULL, 0, 0, 1, NULL, NULL, '2025-11-07 16:03:26'),
(1806, 176, 28, 'paragraph_176_2', NULL, NULL, NULL, 0, 0, 2, NULL, NULL, '2025-11-07 16:03:26'),
(1807, 177, 28, 'paragraph_177_2', NULL, NULL, NULL, 0, 0, 2, NULL, NULL, '2025-11-07 16:03:26'),
(1808, 178, 28, 'paragraph_178_2', NULL, NULL, NULL, 0, 0, 2, NULL, NULL, '2025-11-07 16:03:26'),
(1809, 179, 28, 'paragraph_179_2', NULL, NULL, NULL, 0, 0, 2, NULL, NULL, '2025-11-07 16:03:26'),
(1810, 180, 28, 'paragraph_180_2', NULL, NULL, NULL, 0, 0, 2, NULL, NULL, '2025-11-07 16:03:26'),
(1811, 181, 28, 'paragraph_181_2', NULL, NULL, NULL, 0, 0, 2, NULL, NULL, '2025-11-07 16:03:26'),
(1812, 182, 28, 'paragraph_182_2', NULL, NULL, NULL, 0, 0, 2, NULL, NULL, '2025-11-07 16:03:26'),
(1813, 183, 28, 'paragraph_183_2', NULL, NULL, NULL, 0, 0, 2, NULL, NULL, '2025-11-07 16:03:26'),
(1814, 184, 28, 'paragraph_184_2', NULL, NULL, NULL, 0, 0, 2, NULL, NULL, '2025-11-07 16:03:26'),
(1815, 185, 28, 'paragraph_185_2', NULL, NULL, NULL, 0, 0, 2, NULL, NULL, '2025-11-07 16:03:26'),
(1816, 186, 28, 'paragraph_186_2', NULL, NULL, NULL, 0, 0, 2, NULL, NULL, '2025-11-07 16:03:26'),
(1817, 187, 28, 'paragraph_187_2', NULL, NULL, NULL, 0, 0, 2, NULL, NULL, '2025-11-07 16:03:26'),
(1818, 188, 28, 'paragraph_188_2', NULL, NULL, NULL, 0, 0, 2, NULL, NULL, '2025-11-07 16:03:26'),
(1819, 189, 28, 'paragraph_189_2', NULL, NULL, NULL, 0, 0, 2, NULL, NULL, '2025-11-07 16:03:26'),
(1820, 190, 28, 'paragraph_190_2', NULL, NULL, NULL, 0, 0, 2, NULL, NULL, '2025-11-07 16:03:26'),
(1821, 191, 28, 'paragraph_191_2', NULL, NULL, NULL, 0, 0, 2, NULL, NULL, '2025-11-07 16:03:26'),
(1822, 192, 28, 'paragraph_192_2', NULL, NULL, NULL, 0, 0, 2, NULL, NULL, '2025-11-07 16:03:26'),
(1823, 193, 28, 'paragraph_193_2', NULL, NULL, NULL, 0, 0, 2, NULL, NULL, '2025-11-07 16:03:26'),
(1824, 194, 28, 'paragraph_194_2', NULL, NULL, NULL, 0, 0, 2, NULL, NULL, '2025-11-07 16:03:26'),
(1825, 195, 28, 'paragraph_195_2', NULL, NULL, NULL, 0, 0, 2, NULL, NULL, '2025-11-07 16:03:26'),
(1826, 196, 28, 'paragraph_196_2', NULL, NULL, NULL, 0, 0, 2, NULL, NULL, '2025-11-07 16:03:26'),
(1827, 197, 28, 'paragraph_197_2', NULL, NULL, NULL, 0, 0, 2, NULL, NULL, '2025-11-07 16:03:26'),
(1828, 198, 28, 'paragraph_198_2', NULL, NULL, NULL, 0, 0, 2, NULL, NULL, '2025-11-07 16:03:26'),
(1829, 199, 28, 'paragraph_199_2', NULL, NULL, NULL, 0, 0, 2, NULL, NULL, '2025-11-07 16:03:26'),
(1830, 200, 28, 'paragraph_200_2', NULL, NULL, NULL, 0, 0, 2, NULL, NULL, '2025-11-07 16:03:26'),
(1831, 201, 28, 'paragraph_201_2', NULL, NULL, NULL, 0, 0, 2, NULL, NULL, '2025-11-07 16:03:26'),
(1832, 202, 28, 'paragraph_202_2', NULL, NULL, NULL, 0, 0, 2, NULL, NULL, '2025-11-07 16:03:26'),
(1833, 203, 28, 'paragraph_203_2', NULL, NULL, NULL, 0, 0, 2, NULL, NULL, '2025-11-07 16:03:26'),
(1834, 204, 28, 'paragraph_204_2', NULL, NULL, NULL, 0, 0, 2, NULL, NULL, '2025-11-07 16:03:26'),
(1835, 205, 28, 'paragraph_205_2', NULL, NULL, NULL, 0, 0, 2, NULL, NULL, '2025-11-07 16:03:26'),
(1836, 206, 28, 'paragraph_206_2', NULL, NULL, NULL, 0, 0, 2, NULL, NULL, '2025-11-07 16:03:26'),
(1837, 207, 28, 'paragraph_207_2', NULL, NULL, NULL, 0, 0, 2, NULL, NULL, '2025-11-07 16:03:26'),
(1838, 208, 28, 'paragraph_208_2', NULL, NULL, NULL, 0, 0, 2, NULL, NULL, '2025-11-07 16:03:26'),
(1839, 209, 28, 'paragraph_209_2', NULL, NULL, NULL, 0, 0, 2, NULL, NULL, '2025-11-07 16:03:26'),
(1840, 210, 28, 'paragraph_210_2', NULL, NULL, NULL, 0, 0, 2, NULL, NULL, '2025-11-07 16:03:26'),
(1841, 211, 28, 'paragraph_211_2', NULL, NULL, NULL, 0, 0, 2, NULL, NULL, '2025-11-07 16:03:26'),
(1842, 212, 28, 'paragraph_212_2', NULL, NULL, NULL, 0, 0, 2, NULL, NULL, '2025-11-07 16:03:26'),
(1843, 213, 28, 'paragraph_213_2', NULL, NULL, NULL, 0, 0, 2, NULL, NULL, '2025-11-07 16:03:26'),
(1844, 214, 28, 'paragraph_214_2', NULL, NULL, NULL, 0, 0, 2, NULL, NULL, '2025-11-07 16:03:26'),
(1845, 215, 28, 'paragraph_215_2', NULL, NULL, NULL, 0, 0, 2, NULL, NULL, '2025-11-07 16:03:26'),
(1846, 216, 28, 'paragraph_216_2', NULL, NULL, NULL, 0, 0, 2, NULL, NULL, '2025-11-07 16:03:26'),
(1847, 217, 28, 'paragraph_217_2', NULL, NULL, NULL, 0, 0, 2, NULL, NULL, '2025-11-07 16:03:26'),
(1848, 218, 28, 'paragraph_218_2', NULL, NULL, NULL, 0, 0, 2, NULL, NULL, '2025-11-07 16:03:26'),
(1849, 219, 28, 'paragraph_219_2', NULL, NULL, NULL, 0, 0, 2, NULL, NULL, '2025-11-07 16:03:26'),
(1850, 220, 28, 'paragraph_220_2', NULL, NULL, NULL, 0, 0, 2, NULL, NULL, '2025-11-07 16:03:26'),
(1851, 221, 28, 'paragraph_221_2', NULL, NULL, NULL, 0, 0, 2, NULL, NULL, '2025-11-07 16:03:26'),
(1852, 222, 28, 'paragraph_222_2', NULL, NULL, NULL, 0, 0, 2, NULL, NULL, '2025-11-07 16:03:26'),
(1853, 223, 28, 'paragraph_223_2', NULL, NULL, NULL, 0, 0, 2, NULL, NULL, '2025-11-07 16:03:26'),
(1854, 224, 28, 'paragraph_224_2', NULL, NULL, NULL, 0, 0, 2, NULL, NULL, '2025-11-07 16:03:26'),
(1855, 225, 28, 'paragraph_225_2', NULL, NULL, NULL, 0, 0, 2, NULL, NULL, '2025-11-07 16:03:26'),
(1856, 226, 28, 'paragraph_226_2', NULL, NULL, NULL, 0, 0, 2, NULL, NULL, '2025-11-07 16:03:26'),
(1857, 227, 28, 'paragraph_227_2', NULL, NULL, NULL, 0, 0, 2, NULL, NULL, '2025-11-07 16:03:26'),
(1858, 228, 28, 'paragraph_228_2', NULL, NULL, NULL, 0, 0, 2, NULL, NULL, '2025-11-07 16:03:26'),
(1859, 229, 28, 'paragraph_229_2', NULL, NULL, NULL, 0, 0, 2, NULL, NULL, '2025-11-07 16:03:26'),
(1860, 230, 28, 'paragraph_230_2', NULL, NULL, NULL, 0, 0, 2, NULL, NULL, '2025-11-07 16:03:26'),
(1861, 299, 28, 'paragraph_299_2', NULL, NULL, NULL, 0, 0, 2, NULL, NULL, '2025-11-07 16:03:26'),
(1862, 300, 28, 'paragraph_300_2', NULL, NULL, NULL, 0, 0, 2, NULL, NULL, '2025-11-07 16:03:26'),
(1863, 176, 33, 'button_176_3', NULL, NULL, NULL, 0, 0, 3, NULL, NULL, '2025-11-07 16:03:26'),
(1864, 177, 33, 'button_177_3', NULL, NULL, NULL, 0, 0, 3, NULL, NULL, '2025-11-07 16:03:26'),
(1865, 178, 33, 'button_178_3', NULL, NULL, NULL, 0, 0, 3, NULL, NULL, '2025-11-07 16:03:26'),
(1866, 179, 33, 'button_179_3', NULL, NULL, NULL, 0, 0, 3, NULL, NULL, '2025-11-07 16:03:26'),
(1867, 180, 33, 'button_180_3', NULL, NULL, NULL, 0, 0, 3, NULL, NULL, '2025-11-07 16:03:26'),
(1868, 181, 33, 'button_181_3', NULL, NULL, NULL, 0, 0, 3, NULL, NULL, '2025-11-07 16:03:26'),
(1869, 182, 33, 'button_182_3', NULL, NULL, NULL, 0, 0, 3, NULL, NULL, '2025-11-07 16:03:26'),
(1870, 183, 33, 'button_183_3', NULL, NULL, NULL, 0, 0, 3, NULL, NULL, '2025-11-07 16:03:26'),
(1871, 184, 33, 'button_184_3', NULL, NULL, NULL, 0, 0, 3, NULL, NULL, '2025-11-07 16:03:26'),
(1872, 185, 33, 'button_185_3', NULL, NULL, NULL, 0, 0, 3, NULL, NULL, '2025-11-07 16:03:26'),
(1873, 186, 33, 'button_186_3', NULL, NULL, NULL, 0, 0, 3, NULL, NULL, '2025-11-07 16:03:26'),
(1874, 187, 33, 'button_187_3', NULL, NULL, NULL, 0, 0, 3, NULL, NULL, '2025-11-07 16:03:26'),
(1875, 188, 33, 'button_188_3', NULL, NULL, NULL, 0, 0, 3, NULL, NULL, '2025-11-07 16:03:26'),
(1876, 189, 33, 'button_189_3', NULL, NULL, NULL, 0, 0, 3, NULL, NULL, '2025-11-07 16:03:26'),
(1877, 190, 33, 'button_190_3', NULL, NULL, NULL, 0, 0, 3, NULL, NULL, '2025-11-07 16:03:26'),
(1878, 191, 33, 'button_191_3', NULL, NULL, NULL, 0, 0, 3, NULL, NULL, '2025-11-07 16:03:26'),
(1879, 192, 33, 'button_192_3', NULL, NULL, NULL, 0, 0, 3, NULL, NULL, '2025-11-07 16:03:26'),
(1880, 193, 33, 'button_193_3', NULL, NULL, NULL, 0, 0, 3, NULL, NULL, '2025-11-07 16:03:26'),
(1881, 194, 33, 'button_194_3', NULL, NULL, NULL, 0, 0, 3, NULL, NULL, '2025-11-07 16:03:26'),
(1882, 195, 33, 'button_195_3', NULL, NULL, NULL, 0, 0, 3, NULL, NULL, '2025-11-07 16:03:26'),
(1883, 196, 33, 'button_196_3', NULL, NULL, NULL, 0, 0, 3, NULL, NULL, '2025-11-07 16:03:26'),
(1884, 197, 33, 'button_197_3', NULL, NULL, NULL, 0, 0, 3, NULL, NULL, '2025-11-07 16:03:26'),
(1885, 198, 33, 'button_198_3', NULL, NULL, NULL, 0, 0, 3, NULL, NULL, '2025-11-07 16:03:26'),
(1886, 199, 33, 'button_199_3', NULL, NULL, NULL, 0, 0, 3, NULL, NULL, '2025-11-07 16:03:26'),
(1887, 200, 33, 'button_200_3', NULL, NULL, NULL, 0, 0, 3, NULL, NULL, '2025-11-07 16:03:26'),
(1888, 201, 33, 'button_201_3', NULL, NULL, NULL, 0, 0, 3, NULL, NULL, '2025-11-07 16:03:26'),
(1889, 202, 33, 'button_202_3', NULL, NULL, NULL, 0, 0, 3, NULL, NULL, '2025-11-07 16:03:26'),
(1890, 203, 33, 'button_203_3', NULL, NULL, NULL, 0, 0, 3, NULL, NULL, '2025-11-07 16:03:26'),
(1891, 204, 33, 'button_204_3', NULL, NULL, NULL, 0, 0, 3, NULL, NULL, '2025-11-07 16:03:26'),
(1892, 205, 33, 'button_205_3', NULL, NULL, NULL, 0, 0, 3, NULL, NULL, '2025-11-07 16:03:26'),
(1893, 206, 33, 'button_206_3', NULL, NULL, NULL, 0, 0, 3, NULL, NULL, '2025-11-07 16:03:26'),
(1894, 207, 33, 'button_207_3', NULL, NULL, NULL, 0, 0, 3, NULL, NULL, '2025-11-07 16:03:26'),
(1895, 208, 33, 'button_208_3', NULL, NULL, NULL, 0, 0, 3, NULL, NULL, '2025-11-07 16:03:26'),
(1896, 209, 33, 'button_209_3', NULL, NULL, NULL, 0, 0, 3, NULL, NULL, '2025-11-07 16:03:26'),
(1897, 210, 33, 'button_210_3', NULL, NULL, NULL, 0, 0, 3, NULL, NULL, '2025-11-07 16:03:26'),
(1898, 211, 33, 'button_211_3', NULL, NULL, NULL, 0, 0, 3, NULL, NULL, '2025-11-07 16:03:26'),
(1899, 212, 33, 'button_212_3', NULL, NULL, NULL, 0, 0, 3, NULL, NULL, '2025-11-07 16:03:26'),
(1900, 213, 33, 'button_213_3', NULL, NULL, NULL, 0, 0, 3, NULL, NULL, '2025-11-07 16:03:26'),
(1901, 214, 33, 'button_214_3', NULL, NULL, NULL, 0, 0, 3, NULL, NULL, '2025-11-07 16:03:26'),
(1902, 215, 33, 'button_215_3', NULL, NULL, NULL, 0, 0, 3, NULL, NULL, '2025-11-07 16:03:26'),
(1903, 216, 33, 'button_216_3', NULL, NULL, NULL, 0, 0, 3, NULL, NULL, '2025-11-07 16:03:26'),
(1904, 217, 33, 'button_217_3', NULL, NULL, NULL, 0, 0, 3, NULL, NULL, '2025-11-07 16:03:26'),
(1905, 218, 33, 'button_218_3', NULL, NULL, NULL, 0, 0, 3, NULL, NULL, '2025-11-07 16:03:26'),
(1906, 219, 33, 'button_219_3', NULL, NULL, NULL, 0, 0, 3, NULL, NULL, '2025-11-07 16:03:26'),
(1907, 220, 33, 'button_220_3', NULL, NULL, NULL, 0, 0, 3, NULL, NULL, '2025-11-07 16:03:26'),
(1908, 221, 33, 'button_221_3', NULL, NULL, NULL, 0, 0, 3, NULL, NULL, '2025-11-07 16:03:26'),
(1909, 222, 33, 'button_222_3', NULL, NULL, NULL, 0, 0, 3, NULL, NULL, '2025-11-07 16:03:26'),
(1910, 223, 33, 'button_223_3', NULL, NULL, NULL, 0, 0, 3, NULL, NULL, '2025-11-07 16:03:26'),
(1911, 224, 33, 'button_224_3', NULL, NULL, NULL, 0, 0, 3, NULL, NULL, '2025-11-07 16:03:26'),
(1912, 225, 33, 'button_225_3', NULL, NULL, NULL, 0, 0, 3, NULL, NULL, '2025-11-07 16:03:26'),
(1913, 226, 33, 'button_226_3', NULL, NULL, NULL, 0, 0, 3, NULL, NULL, '2025-11-07 16:03:26'),
(1914, 227, 33, 'button_227_3', NULL, NULL, NULL, 0, 0, 3, NULL, NULL, '2025-11-07 16:03:26'),
(1915, 228, 33, 'button_228_3', NULL, NULL, NULL, 0, 0, 3, NULL, NULL, '2025-11-07 16:03:26'),
(1916, 229, 33, 'button_229_3', NULL, NULL, NULL, 0, 0, 3, NULL, NULL, '2025-11-07 16:03:26'),
(1917, 230, 33, 'button_230_3', NULL, NULL, NULL, 0, 0, 3, NULL, NULL, '2025-11-07 16:03:26'),
(1918, 299, 33, 'button_299_3', NULL, NULL, NULL, 0, 0, 3, NULL, NULL, '2025-11-07 16:03:26'),
(1919, 300, 33, 'button_300_3', NULL, NULL, NULL, 0, 0, 3, NULL, NULL, '2025-11-07 16:03:26'),
(1920, 176, 1, 'text_field_176_4', NULL, NULL, NULL, 0, 0, 4, NULL, NULL, '2025-11-07 16:03:26'),
(1921, 177, 1, 'text_field_177_4', NULL, NULL, NULL, 0, 0, 4, NULL, NULL, '2025-11-07 16:03:26'),
(1922, 178, 1, 'text_field_178_4', NULL, NULL, NULL, 0, 0, 4, NULL, NULL, '2025-11-07 16:03:26'),
(1923, 179, 1, 'text_field_179_4', NULL, NULL, NULL, 0, 0, 4, NULL, NULL, '2025-11-07 16:03:26'),
(1924, 180, 1, 'text_field_180_4', NULL, NULL, NULL, 0, 0, 4, NULL, NULL, '2025-11-07 16:03:26'),
(1925, 181, 1, 'text_field_181_4', NULL, NULL, NULL, 0, 0, 4, NULL, NULL, '2025-11-07 16:03:26'),
(1926, 182, 1, 'text_field_182_4', NULL, NULL, NULL, 0, 0, 4, NULL, NULL, '2025-11-07 16:03:26'),
(1927, 183, 1, 'text_field_183_4', NULL, NULL, NULL, 0, 0, 4, NULL, NULL, '2025-11-07 16:03:26'),
(1928, 184, 1, 'text_field_184_4', NULL, NULL, NULL, 0, 0, 4, NULL, NULL, '2025-11-07 16:03:26'),
(1929, 185, 1, 'text_field_185_4', NULL, NULL, NULL, 0, 0, 4, NULL, NULL, '2025-11-07 16:03:26'),
(1930, 186, 1, 'text_field_186_4', NULL, NULL, NULL, 0, 0, 4, NULL, NULL, '2025-11-07 16:03:26'),
(1931, 187, 1, 'text_field_187_4', NULL, NULL, NULL, 0, 0, 4, NULL, NULL, '2025-11-07 16:03:26'),
(1932, 188, 1, 'text_field_188_4', NULL, NULL, NULL, 0, 0, 4, NULL, NULL, '2025-11-07 16:03:26'),
(1933, 189, 1, 'text_field_189_4', NULL, NULL, NULL, 0, 0, 4, NULL, NULL, '2025-11-07 16:03:26'),
(1934, 190, 1, 'text_field_190_4', NULL, NULL, NULL, 0, 0, 4, NULL, NULL, '2025-11-07 16:03:26'),
(1935, 191, 1, 'text_field_191_4', NULL, NULL, NULL, 0, 0, 4, NULL, NULL, '2025-11-07 16:03:26'),
(1936, 192, 1, 'text_field_192_4', NULL, NULL, NULL, 0, 0, 4, NULL, NULL, '2025-11-07 16:03:26'),
(1937, 193, 1, 'text_field_193_4', NULL, NULL, NULL, 0, 0, 4, NULL, NULL, '2025-11-07 16:03:26'),
(1938, 194, 1, 'text_field_194_4', NULL, NULL, NULL, 0, 0, 4, NULL, NULL, '2025-11-07 16:03:26'),
(1939, 195, 1, 'text_field_195_4', NULL, NULL, NULL, 0, 0, 4, NULL, NULL, '2025-11-07 16:03:26'),
(1940, 196, 1, 'text_field_196_4', NULL, NULL, NULL, 0, 0, 4, NULL, NULL, '2025-11-07 16:03:26'),
(1941, 197, 1, 'text_field_197_4', NULL, NULL, NULL, 0, 0, 4, NULL, NULL, '2025-11-07 16:03:26'),
(1942, 198, 1, 'text_field_198_4', NULL, NULL, NULL, 0, 0, 4, NULL, NULL, '2025-11-07 16:03:26'),
(1943, 199, 1, 'text_field_199_4', NULL, NULL, NULL, 0, 0, 4, NULL, NULL, '2025-11-07 16:03:26'),
(1944, 200, 1, 'text_field_200_4', NULL, NULL, NULL, 0, 0, 4, NULL, NULL, '2025-11-07 16:03:26'),
(1945, 201, 1, 'text_field_201_4', NULL, NULL, NULL, 0, 0, 4, NULL, NULL, '2025-11-07 16:03:26'),
(1946, 202, 1, 'text_field_202_4', NULL, NULL, NULL, 0, 0, 4, NULL, NULL, '2025-11-07 16:03:26'),
(1947, 203, 1, 'text_field_203_4', NULL, NULL, NULL, 0, 0, 4, NULL, NULL, '2025-11-07 16:03:26'),
(1948, 204, 1, 'text_field_204_4', NULL, NULL, NULL, 0, 0, 4, NULL, NULL, '2025-11-07 16:03:26'),
(1949, 205, 1, 'text_field_205_4', NULL, NULL, NULL, 0, 0, 4, NULL, NULL, '2025-11-07 16:03:26'),
(1950, 206, 1, 'text_field_206_4', NULL, NULL, NULL, 0, 0, 4, NULL, NULL, '2025-11-07 16:03:26'),
(1951, 207, 1, 'text_field_207_4', NULL, NULL, NULL, 0, 0, 4, NULL, NULL, '2025-11-07 16:03:26'),
(1952, 208, 1, 'text_field_208_4', NULL, NULL, NULL, 0, 0, 4, NULL, NULL, '2025-11-07 16:03:26'),
(1953, 209, 1, 'text_field_209_4', NULL, NULL, NULL, 0, 0, 4, NULL, NULL, '2025-11-07 16:03:26'),
(1954, 210, 1, 'text_field_210_4', NULL, NULL, NULL, 0, 0, 4, NULL, NULL, '2025-11-07 16:03:26'),
(1955, 211, 1, 'text_field_211_4', NULL, NULL, NULL, 0, 0, 4, NULL, NULL, '2025-11-07 16:03:26'),
(1956, 212, 1, 'text_field_212_4', NULL, NULL, NULL, 0, 0, 4, NULL, NULL, '2025-11-07 16:03:26'),
(1957, 213, 1, 'text_field_213_4', NULL, NULL, NULL, 0, 0, 4, NULL, NULL, '2025-11-07 16:03:26'),
(1958, 214, 1, 'text_field_214_4', NULL, NULL, NULL, 0, 0, 4, NULL, NULL, '2025-11-07 16:03:26'),
(1959, 215, 1, 'text_field_215_4', NULL, NULL, NULL, 0, 0, 4, NULL, NULL, '2025-11-07 16:03:26'),
(1960, 216, 1, 'text_field_216_4', NULL, NULL, NULL, 0, 0, 4, NULL, NULL, '2025-11-07 16:03:26'),
(1961, 217, 1, 'text_field_217_4', NULL, NULL, NULL, 0, 0, 4, NULL, NULL, '2025-11-07 16:03:26'),
(1962, 218, 1, 'text_field_218_4', NULL, NULL, NULL, 0, 0, 4, NULL, NULL, '2025-11-07 16:03:26'),
(1963, 219, 1, 'text_field_219_4', NULL, NULL, NULL, 0, 0, 4, NULL, NULL, '2025-11-07 16:03:26'),
(1964, 220, 1, 'text_field_220_4', NULL, NULL, NULL, 0, 0, 4, NULL, NULL, '2025-11-07 16:03:26'),
(1965, 221, 1, 'text_field_221_4', NULL, NULL, NULL, 0, 0, 4, NULL, NULL, '2025-11-07 16:03:26'),
(1966, 222, 1, 'text_field_222_4', NULL, NULL, NULL, 0, 0, 4, NULL, NULL, '2025-11-07 16:03:26'),
(1967, 223, 1, 'text_field_223_4', NULL, NULL, NULL, 0, 0, 4, NULL, NULL, '2025-11-07 16:03:26'),
(1968, 224, 1, 'text_field_224_4', NULL, NULL, NULL, 0, 0, 4, NULL, NULL, '2025-11-07 16:03:26'),
(1969, 225, 1, 'text_field_225_4', NULL, NULL, NULL, 0, 0, 4, NULL, NULL, '2025-11-07 16:03:26'),
(1970, 226, 1, 'text_field_226_4', NULL, NULL, NULL, 0, 0, 4, NULL, NULL, '2025-11-07 16:03:26'),
(1971, 227, 1, 'text_field_227_4', NULL, NULL, NULL, 0, 0, 4, NULL, NULL, '2025-11-07 16:03:26'),
(1972, 228, 1, 'text_field_228_4', NULL, NULL, NULL, 0, 0, 4, NULL, NULL, '2025-11-07 16:03:26'),
(1973, 229, 1, 'text_field_229_4', NULL, NULL, NULL, 0, 0, 4, NULL, NULL, '2025-11-07 16:03:26'),
(1974, 230, 1, 'text_field_230_4', NULL, NULL, NULL, 0, 0, 4, NULL, NULL, '2025-11-07 16:03:26'),
(1975, 299, 1, 'text_field_299_4', NULL, NULL, NULL, 0, 0, 4, NULL, NULL, '2025-11-07 16:03:26'),
(1976, 300, 1, 'text_field_300_4', NULL, NULL, NULL, 0, 0, 4, NULL, NULL, '2025-11-07 16:03:26'),
(2004, 301, 27, 'heading_301_1', NULL, NULL, NULL, 0, 0, 1, NULL, NULL, '2025-11-07 18:22:40'),
(2005, 302, 27, 'heading_302_1', NULL, NULL, NULL, 0, 0, 1, NULL, NULL, '2025-11-07 18:22:40'),
(2006, 303, 27, 'heading_303_1', NULL, NULL, NULL, 0, 0, 1, NULL, NULL, '2025-11-07 18:22:40'),
(2007, 304, 27, 'heading_304_1', NULL, NULL, NULL, 0, 0, 1, NULL, NULL, '2025-11-07 18:22:40'),
(2008, 305, 27, 'heading_305_1', NULL, NULL, NULL, 0, 0, 1, NULL, NULL, '2025-11-07 18:22:40'),
(2009, 306, 27, 'heading_306_1', NULL, NULL, NULL, 0, 0, 1, NULL, NULL, '2025-11-07 18:22:40'),
(2010, 307, 27, 'heading_307_1', NULL, NULL, NULL, 0, 0, 1, NULL, NULL, '2025-11-07 18:22:40'),
(2011, 308, 27, 'heading_308_1', NULL, NULL, NULL, 0, 0, 1, NULL, NULL, '2025-11-07 18:22:40'),
(2012, 309, 27, 'heading_309_1', NULL, NULL, NULL, 0, 0, 1, NULL, NULL, '2025-11-07 18:22:40'),
(2013, 310, 27, 'heading_310_1', NULL, NULL, NULL, 0, 0, 1, NULL, NULL, '2025-11-07 18:22:40'),
(2014, 311, 27, 'heading_311_1', NULL, NULL, NULL, 0, 0, 1, NULL, NULL, '2025-11-07 18:22:40'),
(2015, 312, 27, 'heading_312_1', NULL, NULL, NULL, 0, 0, 1, NULL, NULL, '2025-11-07 18:22:40'),
(2016, 313, 27, 'heading_313_1', NULL, NULL, NULL, 0, 0, 1, NULL, NULL, '2025-11-07 18:22:40'),
(2017, 314, 27, 'heading_314_1', NULL, NULL, NULL, 0, 0, 1, NULL, NULL, '2025-11-07 18:22:40'),
(2018, 315, 27, 'heading_315_1', NULL, NULL, NULL, 0, 0, 1, NULL, NULL, '2025-11-07 18:22:40'),
(2019, 316, 27, 'heading_316_1', NULL, NULL, NULL, 0, 0, 1, NULL, NULL, '2025-11-07 18:22:40'),
(2020, 317, 27, 'heading_317_1', NULL, NULL, NULL, 0, 0, 1, NULL, NULL, '2025-11-07 18:22:40'),
(2021, 318, 27, 'heading_318_1', NULL, NULL, NULL, 0, 0, 1, NULL, NULL, '2025-11-07 18:22:40'),
(2022, 319, 27, 'heading_319_1', NULL, NULL, NULL, 0, 0, 1, NULL, NULL, '2025-11-07 18:22:40'),
(2023, 320, 27, 'heading_320_1', NULL, NULL, NULL, 0, 0, 1, NULL, NULL, '2025-11-07 18:22:40'),
(2024, 321, 27, 'heading_321_1', NULL, NULL, NULL, 0, 0, 1, NULL, NULL, '2025-11-07 18:22:40'),
(2025, 322, 27, 'heading_322_1', NULL, NULL, NULL, 0, 0, 1, NULL, NULL, '2025-11-07 18:22:40'),
(2026, 323, 27, 'heading_323_1', NULL, NULL, NULL, 0, 0, 1, NULL, NULL, '2025-11-07 18:22:40'),
(2027, 324, 27, 'heading_324_1', NULL, NULL, NULL, 0, 0, 1, NULL, NULL, '2025-11-07 18:22:40'),
(2028, 325, 27, 'heading_325_1', NULL, NULL, NULL, 0, 0, 1, NULL, NULL, '2025-11-07 18:22:40'),
(2029, 326, 27, 'heading_326_1', NULL, NULL, NULL, 0, 0, 1, NULL, NULL, '2025-11-07 18:22:40'),
(2030, 327, 27, 'heading_327_1', NULL, NULL, NULL, 0, 0, 1, NULL, NULL, '2025-11-07 18:22:40'),
(2031, 328, 27, 'heading_328_1', NULL, NULL, NULL, 0, 0, 1, NULL, NULL, '2025-11-07 18:22:40'),
(2032, 329, 27, 'heading_329_1', NULL, NULL, NULL, 0, 0, 1, NULL, NULL, '2025-11-07 18:22:40'),
(2033, 330, 27, 'heading_330_1', NULL, NULL, NULL, 0, 0, 1, NULL, NULL, '2025-11-07 18:22:40'),
(2034, 331, 27, 'heading_331_1', NULL, NULL, NULL, 0, 0, 1, NULL, NULL, '2025-11-07 18:22:40'),
(2035, 332, 27, 'heading_332_1', NULL, NULL, NULL, 0, 0, 1, NULL, NULL, '2025-11-07 18:22:40'),
(2036, 333, 27, 'heading_333_1', NULL, NULL, NULL, 0, 0, 1, NULL, NULL, '2025-11-07 18:22:40'),
(2037, 334, 27, 'heading_334_1', NULL, NULL, NULL, 0, 0, 1, NULL, NULL, '2025-11-07 18:22:40'),
(2038, 335, 27, 'heading_335_1', NULL, NULL, NULL, 0, 0, 1, NULL, NULL, '2025-11-07 18:22:40'),
(2039, 336, 27, 'heading_336_1', NULL, NULL, NULL, 0, 0, 1, NULL, NULL, '2025-11-07 18:22:40'),
(2040, 337, 27, 'heading_337_1', NULL, NULL, NULL, 0, 0, 1, NULL, NULL, '2025-11-07 18:22:40'),
(2041, 338, 27, 'heading_338_1', NULL, NULL, NULL, 0, 0, 1, NULL, NULL, '2025-11-07 18:22:40'),
(2042, 339, 27, 'heading_339_1', NULL, NULL, NULL, 0, 0, 1, NULL, NULL, '2025-11-07 18:22:40'),
(2043, 340, 27, 'heading_340_1', NULL, NULL, NULL, 0, 0, 1, NULL, NULL, '2025-11-07 18:22:40'),
(2044, 341, 27, 'heading_341_1', NULL, NULL, NULL, 0, 0, 1, NULL, NULL, '2025-11-07 18:22:40'),
(2045, 342, 27, 'heading_342_1', NULL, NULL, NULL, 0, 0, 1, NULL, NULL, '2025-11-07 18:22:40'),
(2046, 343, 27, 'heading_343_1', NULL, NULL, NULL, 0, 0, 1, NULL, NULL, '2025-11-07 18:22:40'),
(2047, 344, 27, 'heading_344_1', NULL, NULL, NULL, 0, 0, 1, NULL, NULL, '2025-11-07 18:22:40'),
(2048, 345, 27, 'heading_345_1', NULL, NULL, NULL, 0, 0, 1, NULL, NULL, '2025-11-07 18:22:40'),
(2049, 346, 27, 'heading_346_1', NULL, NULL, NULL, 0, 0, 1, NULL, NULL, '2025-11-07 18:22:40'),
(2050, 347, 27, 'heading_347_1', NULL, NULL, NULL, 0, 0, 1, NULL, NULL, '2025-11-07 18:22:40'),
(2051, 348, 27, 'heading_348_1', NULL, NULL, NULL, 0, 0, 1, NULL, NULL, '2025-11-07 18:22:40'),
(2052, 349, 27, 'heading_349_1', NULL, NULL, NULL, 0, 0, 1, NULL, NULL, '2025-11-07 18:22:40'),
(2053, 350, 27, 'heading_350_1', NULL, NULL, NULL, 0, 0, 1, NULL, NULL, '2025-11-07 18:22:40'),
(2054, 351, 27, 'heading_351_1', NULL, NULL, NULL, 0, 0, 1, NULL, NULL, '2025-11-07 18:22:40'),
(2055, 352, 27, 'heading_352_1', NULL, NULL, NULL, 0, 0, 1, NULL, NULL, '2025-11-07 18:22:40'),
(2056, 353, 27, 'heading_353_1', NULL, NULL, NULL, 0, 0, 1, NULL, NULL, '2025-11-07 18:22:40'),
(2057, 354, 27, 'heading_354_1', NULL, NULL, NULL, 0, 0, 1, NULL, NULL, '2025-11-07 18:22:40'),
(2058, 355, 27, 'heading_355_1', NULL, NULL, NULL, 0, 0, 1, NULL, NULL, '2025-11-07 18:22:40'),
(2059, 356, 27, 'heading_356_1', NULL, NULL, NULL, 0, 0, 1, NULL, NULL, '2025-11-07 18:22:40'),
(2060, 357, 27, 'heading_357_1', NULL, NULL, NULL, 0, 0, 1, NULL, NULL, '2025-11-07 18:22:40'),
(2061, 358, 27, 'heading_358_1', NULL, NULL, NULL, 0, 0, 1, NULL, NULL, '2025-11-07 18:22:40'),
(2062, 359, 27, 'heading_359_1', NULL, NULL, NULL, 0, 0, 1, NULL, NULL, '2025-11-07 18:22:40'),
(2063, 360, 27, 'heading_360_1', NULL, NULL, NULL, 0, 0, 1, NULL, NULL, '2025-11-07 18:22:40'),
(2064, 361, 27, 'heading_361_1', NULL, NULL, NULL, 0, 0, 1, NULL, NULL, '2025-11-07 18:22:40'),
(2065, 362, 27, 'heading_362_1', NULL, NULL, NULL, 0, 0, 1, NULL, NULL, '2025-11-07 18:22:40'),
(2066, 363, 27, 'heading_363_1', NULL, NULL, NULL, 0, 0, 1, NULL, NULL, '2025-11-07 18:22:40'),
(2067, 364, 27, 'heading_364_1', NULL, NULL, NULL, 0, 0, 1, NULL, NULL, '2025-11-07 18:22:40'),
(2068, 365, 27, 'heading_365_1', NULL, NULL, NULL, 0, 0, 1, NULL, NULL, '2025-11-07 18:22:40'),
(2069, 366, 27, 'heading_366_1', NULL, NULL, NULL, 0, 0, 1, NULL, NULL, '2025-11-07 18:22:40'),
(2070, 367, 27, 'heading_367_1', NULL, NULL, NULL, 0, 0, 1, NULL, NULL, '2025-11-07 18:22:40'),
(2071, 368, 27, 'heading_368_1', NULL, NULL, NULL, 0, 0, 1, NULL, NULL, '2025-11-07 18:22:40'),
(2072, 369, 27, 'heading_369_1', NULL, NULL, NULL, 0, 0, 1, NULL, NULL, '2025-11-07 18:22:40'),
(2073, 370, 27, 'heading_370_1', NULL, NULL, NULL, 0, 0, 1, NULL, NULL, '2025-11-07 18:22:40'),
(2074, 371, 27, 'heading_371_1', NULL, NULL, NULL, 0, 0, 1, NULL, NULL, '2025-11-07 18:22:40'),
(2075, 372, 27, 'heading_372_1', NULL, NULL, NULL, 0, 0, 1, NULL, NULL, '2025-11-07 18:22:40'),
(2076, 373, 27, 'heading_373_1', NULL, NULL, NULL, 0, 0, 1, NULL, NULL, '2025-11-07 18:22:40'),
(2077, 374, 27, 'heading_374_1', NULL, NULL, NULL, 0, 0, 1, NULL, NULL, '2025-11-07 18:22:40'),
(2078, 375, 27, 'heading_375_1', NULL, NULL, NULL, 0, 0, 1, NULL, NULL, '2025-11-07 18:22:40'),
(2079, 376, 27, 'heading_376_1', NULL, NULL, NULL, 0, 0, 1, NULL, NULL, '2025-11-07 18:22:40'),
(2080, 377, 27, 'heading_377_1', NULL, NULL, NULL, 0, 0, 1, NULL, NULL, '2025-11-07 18:22:40'),
(2081, 378, 27, 'heading_378_1', NULL, NULL, NULL, 0, 0, 1, NULL, NULL, '2025-11-07 18:22:40'),
(2082, 379, 27, 'heading_379_1', NULL, NULL, NULL, 0, 0, 1, NULL, NULL, '2025-11-07 18:22:40'),
(2083, 380, 27, 'heading_380_1', NULL, NULL, NULL, 0, 0, 1, NULL, NULL, '2025-11-07 18:22:40'),
(2084, 381, 27, 'heading_381_1', NULL, NULL, NULL, 0, 0, 1, NULL, NULL, '2025-11-07 18:22:40'),
(2085, 382, 27, 'heading_382_1', NULL, NULL, NULL, 0, 0, 1, NULL, NULL, '2025-11-07 18:22:40'),
(2086, 383, 27, 'heading_383_1', NULL, NULL, NULL, 0, 0, 1, NULL, NULL, '2025-11-07 18:22:40'),
(2087, 384, 27, 'heading_384_1', NULL, NULL, NULL, 0, 0, 1, NULL, NULL, '2025-11-07 18:22:40'),
(2088, 385, 27, 'heading_385_1', NULL, NULL, NULL, 0, 0, 1, NULL, NULL, '2025-11-07 18:22:40'),
(2089, 386, 27, 'heading_386_1', NULL, NULL, NULL, 0, 0, 1, NULL, NULL, '2025-11-07 18:22:40'),
(2090, 387, 27, 'heading_387_1', NULL, NULL, NULL, 0, 0, 1, NULL, NULL, '2025-11-07 18:22:40'),
(2091, 388, 27, 'heading_388_1', NULL, NULL, NULL, 0, 0, 1, NULL, NULL, '2025-11-07 18:22:40'),
(2092, 389, 27, 'heading_389_1', NULL, NULL, NULL, 0, 0, 1, NULL, NULL, '2025-11-07 18:22:40'),
(2093, 390, 27, 'heading_390_1', NULL, NULL, NULL, 0, 0, 1, NULL, NULL, '2025-11-07 18:22:40'),
(2094, 391, 27, 'heading_391_1', NULL, NULL, NULL, 0, 0, 1, NULL, NULL, '2025-11-07 18:22:40'),
(2095, 392, 27, 'heading_392_1', NULL, NULL, NULL, 0, 0, 1, NULL, NULL, '2025-11-07 18:22:40'),
(2096, 393, 27, 'heading_393_1', NULL, NULL, NULL, 0, 0, 1, NULL, NULL, '2025-11-07 18:22:40'),
(2097, 394, 27, 'heading_394_1', NULL, NULL, NULL, 0, 0, 1, NULL, NULL, '2025-11-07 18:22:40'),
(2098, 395, 27, 'heading_395_1', NULL, NULL, NULL, 0, 0, 1, NULL, NULL, '2025-11-07 18:22:40'),
(2099, 396, 27, 'heading_396_1', NULL, NULL, NULL, 0, 0, 1, NULL, NULL, '2025-11-07 18:22:40'),
(2100, 397, 27, 'heading_397_1', NULL, NULL, NULL, 0, 0, 1, NULL, NULL, '2025-11-07 18:22:40'),
(2101, 398, 27, 'heading_398_1', NULL, NULL, NULL, 0, 0, 1, NULL, NULL, '2025-11-07 18:22:40'),
(2102, 399, 27, 'heading_399_1', NULL, NULL, NULL, 0, 0, 1, NULL, NULL, '2025-11-07 18:22:40'),
(2103, 400, 27, 'heading_400_1', NULL, NULL, NULL, 0, 0, 1, NULL, NULL, '2025-11-07 18:22:40'),
(2104, 401, 27, 'heading_401_1', NULL, NULL, NULL, 0, 0, 1, NULL, NULL, '2025-11-07 18:22:40'),
(2105, 402, 27, 'heading_402_1', NULL, NULL, NULL, 0, 0, 1, NULL, NULL, '2025-11-07 18:22:40'),
(2106, 403, 27, 'heading_403_1', NULL, NULL, NULL, 0, 0, 1, NULL, NULL, '2025-11-07 18:22:40'),
(2107, 404, 27, 'heading_404_1', NULL, NULL, NULL, 0, 0, 1, NULL, NULL, '2025-11-07 18:22:40'),
(2108, 405, 27, 'heading_405_1', NULL, NULL, NULL, 0, 0, 1, NULL, NULL, '2025-11-07 18:22:40'),
(2109, 406, 27, 'heading_406_1', NULL, NULL, NULL, 0, 0, 1, NULL, NULL, '2025-11-07 18:22:40'),
(2110, 407, 27, 'heading_407_1', NULL, NULL, NULL, 0, 0, 1, NULL, NULL, '2025-11-07 18:22:40'),
(2111, 408, 27, 'heading_408_1', NULL, NULL, NULL, 0, 0, 1, NULL, NULL, '2025-11-07 18:22:40'),
(2112, 409, 27, 'heading_409_1', NULL, NULL, NULL, 0, 0, 1, NULL, NULL, '2025-11-07 18:22:40'),
(2113, 410, 27, 'heading_410_1', NULL, NULL, NULL, 0, 0, 1, NULL, NULL, '2025-11-07 18:22:40'),
(2114, 411, 27, 'heading_411_1', NULL, NULL, NULL, 0, 0, 1, NULL, NULL, '2025-11-07 18:22:40'),
(2115, 412, 27, 'heading_412_1', NULL, NULL, NULL, 0, 0, 1, NULL, NULL, '2025-11-07 18:22:40'),
(2116, 413, 27, 'heading_413_1', NULL, NULL, NULL, 0, 0, 1, NULL, NULL, '2025-11-07 18:22:40'),
(2117, 414, 27, 'heading_414_1', NULL, NULL, NULL, 0, 0, 1, NULL, NULL, '2025-11-07 18:22:40'),
(2118, 415, 27, 'heading_415_1', NULL, NULL, NULL, 0, 0, 1, NULL, NULL, '2025-11-07 18:22:40'),
(2119, 416, 27, 'heading_416_1', NULL, NULL, NULL, 0, 0, 1, NULL, NULL, '2025-11-07 18:22:40'),
(2120, 417, 27, 'heading_417_1', NULL, NULL, NULL, 0, 0, 1, NULL, NULL, '2025-11-07 18:22:40'),
(2121, 418, 27, 'heading_418_1', NULL, NULL, NULL, 0, 0, 1, NULL, NULL, '2025-11-07 18:22:40'),
(2122, 419, 27, 'heading_419_1', NULL, NULL, NULL, 0, 0, 1, NULL, NULL, '2025-11-07 18:22:40'),
(2123, 420, 27, 'heading_420_1', NULL, NULL, NULL, 0, 0, 1, NULL, NULL, '2025-11-07 18:22:40'),
(2124, 421, 27, 'heading_421_1', NULL, NULL, NULL, 0, 0, 1, NULL, NULL, '2025-11-07 18:22:40'),
(2125, 422, 27, 'heading_422_1', NULL, NULL, NULL, 0, 0, 1, NULL, NULL, '2025-11-07 18:22:40'),
(2126, 423, 27, 'heading_423_1', NULL, NULL, NULL, 0, 0, 1, NULL, NULL, '2025-11-07 18:22:40'),
(2127, 424, 27, 'heading_424_1', NULL, NULL, NULL, 0, 0, 1, NULL, NULL, '2025-11-07 18:22:40'),
(2128, 425, 27, 'heading_425_1', NULL, NULL, NULL, 0, 0, 1, NULL, NULL, '2025-11-07 18:22:40'),
(2129, 426, 27, 'heading_426_1', NULL, NULL, NULL, 0, 0, 1, NULL, NULL, '2025-11-07 18:22:40'),
(2130, 427, 27, 'heading_427_1', NULL, NULL, NULL, 0, 0, 1, NULL, NULL, '2025-11-07 18:22:40'),
(2131, 428, 27, 'heading_428_1', NULL, NULL, NULL, 0, 0, 1, NULL, NULL, '2025-11-07 18:22:40'),
(2132, 429, 27, 'heading_429_1', NULL, NULL, NULL, 0, 0, 1, NULL, NULL, '2025-11-07 18:22:40'),
(2133, 430, 27, 'heading_430_1', NULL, NULL, NULL, 0, 0, 1, NULL, NULL, '2025-11-07 18:22:40'),
(2134, 431, 27, 'heading_431_1', NULL, NULL, NULL, 0, 0, 1, NULL, NULL, '2025-11-07 18:22:40'),
(2135, 432, 27, 'heading_432_1', NULL, NULL, NULL, 0, 0, 1, NULL, NULL, '2025-11-07 18:22:40'),
(2136, 433, 27, 'heading_433_1', NULL, NULL, NULL, 0, 0, 1, NULL, NULL, '2025-11-07 18:22:40'),
(2137, 434, 27, 'heading_434_1', NULL, NULL, NULL, 0, 0, 1, NULL, NULL, '2025-11-07 18:22:40'),
(2138, 435, 27, 'heading_435_1', NULL, NULL, NULL, 0, 0, 1, NULL, NULL, '2025-11-07 18:22:40'),
(2139, 436, 27, 'heading_436_1', NULL, NULL, NULL, 0, 0, 1, NULL, NULL, '2025-11-07 18:22:40'),
(2140, 437, 27, 'heading_437_1', NULL, NULL, NULL, 0, 0, 1, NULL, NULL, '2025-11-07 18:22:40'),
(2141, 438, 27, 'heading_438_1', NULL, NULL, NULL, 0, 0, 1, NULL, NULL, '2025-11-07 18:22:40'),
(2142, 439, 27, 'heading_439_1', NULL, NULL, NULL, 0, 0, 1, NULL, NULL, '2025-11-07 18:22:40'),
(2143, 440, 27, 'heading_440_1', NULL, NULL, NULL, 0, 0, 1, NULL, NULL, '2025-11-07 18:22:40'),
(2144, 441, 27, 'heading_441_1', NULL, NULL, NULL, 0, 0, 1, NULL, NULL, '2025-11-07 18:22:40'),
(2145, 442, 27, 'heading_442_1', NULL, NULL, NULL, 0, 0, 1, NULL, NULL, '2025-11-07 18:22:40'),
(2146, 443, 27, 'heading_443_1', NULL, NULL, NULL, 0, 0, 1, NULL, NULL, '2025-11-07 18:22:40'),
(2147, 444, 27, 'heading_444_1', NULL, NULL, NULL, 0, 0, 1, NULL, NULL, '2025-11-07 18:22:40'),
(2148, 445, 27, 'heading_445_1', NULL, NULL, NULL, 0, 0, 1, NULL, NULL, '2025-11-07 18:22:40'),
(2149, 446, 27, 'heading_446_1', NULL, NULL, NULL, 0, 0, 1, NULL, NULL, '2025-11-07 18:22:40'),
(2150, 447, 27, 'heading_447_1', NULL, NULL, NULL, 0, 0, 1, NULL, NULL, '2025-11-07 18:22:40'),
(2151, 448, 27, 'heading_448_1', NULL, NULL, NULL, 0, 0, 1, NULL, NULL, '2025-11-07 18:22:40'),
(2152, 449, 27, 'heading_449_1', NULL, NULL, NULL, 0, 0, 1, NULL, NULL, '2025-11-07 18:22:40'),
(2153, 450, 27, 'heading_450_1', NULL, NULL, NULL, 0, 0, 1, NULL, NULL, '2025-11-07 18:22:40'),
(2154, 451, 27, 'heading_451_1', NULL, NULL, NULL, 0, 0, 1, NULL, NULL, '2025-11-07 18:22:40'),
(2155, 452, 27, 'heading_452_1', NULL, NULL, NULL, 0, 0, 1, NULL, NULL, '2025-11-07 18:22:40'),
(2156, 453, 27, 'heading_453_1', NULL, NULL, NULL, 0, 0, 1, NULL, NULL, '2025-11-07 18:22:40'),
(2157, 454, 27, 'heading_454_1', NULL, NULL, NULL, 0, 0, 1, NULL, NULL, '2025-11-07 18:22:40'),
(2158, 455, 27, 'heading_455_1', NULL, NULL, NULL, 0, 0, 1, NULL, NULL, '2025-11-07 18:22:40'),
(2159, 456, 27, 'heading_456_1', NULL, NULL, NULL, 0, 0, 1, NULL, NULL, '2025-11-07 18:22:40'),
(2160, 457, 27, 'heading_457_1', NULL, NULL, NULL, 0, 0, 1, NULL, NULL, '2025-11-07 18:22:40'),
(2161, 458, 27, 'heading_458_1', NULL, NULL, NULL, 0, 0, 1, NULL, NULL, '2025-11-07 18:22:40'),
(2162, 459, 27, 'heading_459_1', NULL, NULL, NULL, 0, 0, 1, NULL, NULL, '2025-11-07 18:22:40'),
(2163, 460, 27, 'heading_460_1', NULL, NULL, NULL, 0, 0, 1, NULL, NULL, '2025-11-07 18:22:40'),
(2164, 461, 27, 'heading_461_1', NULL, NULL, NULL, 0, 0, 1, NULL, NULL, '2025-11-07 18:22:40'),
(2165, 462, 27, 'heading_462_1', NULL, NULL, NULL, 0, 0, 1, NULL, NULL, '2025-11-07 18:22:40'),
(2166, 463, 27, 'heading_463_1', NULL, NULL, NULL, 0, 0, 1, NULL, NULL, '2025-11-07 18:22:40'),
(2167, 464, 27, 'heading_464_1', NULL, NULL, NULL, 0, 0, 1, NULL, NULL, '2025-11-07 18:22:40'),
(2168, 465, 27, 'heading_465_1', NULL, NULL, NULL, 0, 0, 1, NULL, NULL, '2025-11-07 18:22:40'),
(2169, 466, 27, 'heading_466_1', NULL, NULL, NULL, 0, 0, 1, NULL, NULL, '2025-11-07 18:22:40'),
(2170, 467, 27, 'heading_467_1', NULL, NULL, NULL, 0, 0, 1, NULL, NULL, '2025-11-07 18:22:40'),
(2171, 468, 27, 'heading_468_1', NULL, NULL, NULL, 0, 0, 1, NULL, NULL, '2025-11-07 18:22:40'),
(2172, 469, 27, 'heading_469_1', NULL, NULL, NULL, 0, 0, 1, NULL, NULL, '2025-11-07 18:22:40'),
(2173, 470, 27, 'heading_470_1', NULL, NULL, NULL, 0, 0, 1, NULL, NULL, '2025-11-07 18:22:40'),
(2174, 471, 27, 'heading_471_1', NULL, NULL, NULL, 0, 0, 1, NULL, NULL, '2025-11-07 18:22:40'),
(2175, 472, 27, 'heading_472_1', NULL, NULL, NULL, 0, 0, 1, NULL, NULL, '2025-11-07 18:22:40'),
(2176, 473, 27, 'heading_473_1', NULL, NULL, NULL, 0, 0, 1, NULL, NULL, '2025-11-07 18:22:40'),
(2177, 474, 27, 'heading_474_1', NULL, NULL, NULL, 0, 0, 1, NULL, NULL, '2025-11-07 18:22:40'),
(2178, 475, 27, 'heading_475_1', NULL, NULL, NULL, 0, 0, 1, NULL, NULL, '2025-11-07 18:22:40'),
(2179, 476, 27, 'heading_476_1', NULL, NULL, NULL, 0, 0, 1, NULL, NULL, '2025-11-07 18:22:40'),
(2180, 477, 27, 'heading_477_1', NULL, NULL, NULL, 0, 0, 1, NULL, NULL, '2025-11-07 18:22:40'),
(2181, 478, 27, 'heading_478_1', NULL, NULL, NULL, 0, 0, 1, NULL, NULL, '2025-11-07 18:22:40'),
(2182, 479, 27, 'heading_479_1', NULL, NULL, NULL, 0, 0, 1, NULL, NULL, '2025-11-07 18:22:40'),
(2183, 480, 27, 'heading_480_1', NULL, NULL, NULL, 0, 0, 1, NULL, NULL, '2025-11-07 18:22:40'),
(2184, 481, 27, 'heading_481_1', NULL, NULL, NULL, 0, 0, 1, NULL, NULL, '2025-11-07 18:22:40'),
(2185, 482, 27, 'heading_482_1', NULL, NULL, NULL, 0, 0, 1, NULL, NULL, '2025-11-07 18:22:40'),
(2186, 483, 27, 'heading_483_1', NULL, NULL, NULL, 0, 0, 1, NULL, NULL, '2025-11-07 18:22:40'),
(2187, 484, 27, 'heading_484_1', NULL, NULL, NULL, 0, 0, 1, NULL, NULL, '2025-11-07 18:22:40'),
(2188, 485, 27, 'heading_485_1', NULL, NULL, NULL, 0, 0, 1, NULL, NULL, '2025-11-07 18:22:40'),
(2189, 486, 27, 'heading_486_1', NULL, NULL, NULL, 0, 0, 1, NULL, NULL, '2025-11-07 18:22:40'),
(2190, 487, 27, 'heading_487_1', NULL, NULL, NULL, 0, 0, 1, NULL, NULL, '2025-11-07 18:22:40'),
(2191, 488, 27, 'heading_488_1', NULL, NULL, NULL, 0, 0, 1, NULL, NULL, '2025-11-07 18:22:40'),
(2192, 489, 27, 'heading_489_1', NULL, NULL, NULL, 0, 0, 1, NULL, NULL, '2025-11-07 18:22:40'),
(2193, 490, 27, 'heading_490_1', NULL, NULL, NULL, 0, 0, 1, NULL, NULL, '2025-11-07 18:22:40'),
(2194, 491, 27, 'heading_491_1', NULL, NULL, NULL, 0, 0, 1, NULL, NULL, '2025-11-07 18:22:40'),
(2195, 492, 27, 'heading_492_1', NULL, NULL, NULL, 0, 0, 1, NULL, NULL, '2025-11-07 18:22:40'),
(2196, 493, 27, 'heading_493_1', NULL, NULL, NULL, 0, 0, 1, NULL, NULL, '2025-11-07 18:22:40'),
(2197, 494, 27, 'heading_494_1', NULL, NULL, NULL, 0, 0, 1, NULL, NULL, '2025-11-07 18:22:40'),
(2198, 495, 27, 'heading_495_1', NULL, NULL, NULL, 0, 0, 1, NULL, NULL, '2025-11-07 18:22:40'),
(2199, 496, 27, 'heading_496_1', NULL, NULL, NULL, 0, 0, 1, NULL, NULL, '2025-11-07 18:22:40'),
(2200, 497, 27, 'heading_497_1', NULL, NULL, NULL, 0, 0, 1, NULL, NULL, '2025-11-07 18:22:40'),
(2201, 498, 27, 'heading_498_1', NULL, NULL, NULL, 0, 0, 1, NULL, NULL, '2025-11-07 18:22:40'),
(2202, 499, 27, 'heading_499_1', NULL, NULL, NULL, 0, 0, 1, NULL, NULL, '2025-11-07 18:22:40'),
(2203, 500, 27, 'heading_500_1', NULL, NULL, NULL, 0, 0, 1, NULL, NULL, '2025-11-07 18:22:40'),
(2204, 501, 27, 'heading_501_1', NULL, NULL, NULL, 0, 0, 1, NULL, NULL, '2025-11-07 18:22:40'),
(2205, 502, 27, 'heading_502_1', NULL, NULL, NULL, 0, 0, 1, NULL, NULL, '2025-11-07 18:22:40'),
(2206, 503, 27, 'heading_503_1', NULL, NULL, NULL, 0, 0, 1, NULL, NULL, '2025-11-07 18:22:40'),
(2207, 504, 27, 'heading_504_1', NULL, NULL, NULL, 0, 0, 1, NULL, NULL, '2025-11-07 18:22:40'),
(2208, 505, 27, 'heading_505_1', NULL, NULL, NULL, 0, 0, 1, NULL, NULL, '2025-11-07 18:22:40'),
(2209, 506, 27, 'heading_506_1', NULL, NULL, NULL, 0, 0, 1, NULL, NULL, '2025-11-07 18:22:40'),
(2210, 507, 27, 'heading_507_1', NULL, NULL, NULL, 0, 0, 1, NULL, NULL, '2025-11-07 18:22:40'),
(2211, 508, 27, 'heading_508_1', NULL, NULL, NULL, 0, 0, 1, NULL, NULL, '2025-11-07 18:22:40'),
(2212, 509, 27, 'heading_509_1', NULL, NULL, NULL, 0, 0, 1, NULL, NULL, '2025-11-07 18:22:40'),
(2213, 510, 27, 'heading_510_1', NULL, NULL, NULL, 0, 0, 1, NULL, NULL, '2025-11-07 18:22:40'),
(2214, 511, 27, 'heading_511_1', NULL, NULL, NULL, 0, 0, 1, NULL, NULL, '2025-11-07 18:22:40'),
(2215, 512, 27, 'heading_512_1', NULL, NULL, NULL, 0, 0, 1, NULL, NULL, '2025-11-07 18:22:40'),
(2216, 513, 27, 'heading_513_1', NULL, NULL, NULL, 0, 0, 1, NULL, NULL, '2025-11-07 18:22:40'),
(2217, 514, 27, 'heading_514_1', NULL, NULL, NULL, 0, 0, 1, NULL, NULL, '2025-11-07 18:22:40'),
(2218, 515, 27, 'heading_515_1', NULL, NULL, NULL, 0, 0, 1, NULL, NULL, '2025-11-07 18:22:40'),
(2219, 516, 27, 'heading_516_1', NULL, NULL, NULL, 0, 0, 1, NULL, NULL, '2025-11-07 18:22:40'),
(2220, 517, 27, 'heading_517_1', NULL, NULL, NULL, 0, 0, 1, NULL, NULL, '2025-11-07 18:22:40'),
(2221, 518, 27, 'heading_518_1', NULL, NULL, NULL, 0, 0, 1, NULL, NULL, '2025-11-07 18:22:40'),
(2222, 519, 27, 'heading_519_1', NULL, NULL, NULL, 0, 0, 1, NULL, NULL, '2025-11-07 18:22:40'),
(2223, 520, 27, 'heading_520_1', NULL, NULL, NULL, 0, 0, 1, NULL, NULL, '2025-11-07 18:22:40'),
(2224, 521, 27, 'heading_521_1', NULL, NULL, NULL, 0, 0, 1, NULL, NULL, '2025-11-07 18:22:40'),
(2225, 522, 27, 'heading_522_1', NULL, NULL, NULL, 0, 0, 1, NULL, NULL, '2025-11-07 18:22:40'),
(2226, 523, 27, 'heading_523_1', NULL, NULL, NULL, 0, 0, 1, NULL, NULL, '2025-11-07 18:22:40'),
(2227, 524, 27, 'heading_524_1', NULL, NULL, NULL, 0, 0, 1, NULL, NULL, '2025-11-07 18:22:40'),
(2228, 525, 27, 'heading_525_1', NULL, NULL, NULL, 0, 0, 1, NULL, NULL, '2025-11-07 18:22:40'),
(2229, 526, 27, 'heading_526_1', NULL, NULL, NULL, 0, 0, 1, NULL, NULL, '2025-11-07 18:22:40'),
(2230, 527, 27, 'heading_527_1', NULL, NULL, NULL, 0, 0, 1, NULL, NULL, '2025-11-07 18:22:40'),
(2231, 528, 27, 'heading_528_1', NULL, NULL, NULL, 0, 0, 1, NULL, NULL, '2025-11-07 18:22:40'),
(2232, 529, 27, 'heading_529_1', NULL, NULL, NULL, 0, 0, 1, NULL, NULL, '2025-11-07 18:22:40'),
(2233, 530, 27, 'heading_530_1', NULL, NULL, NULL, 0, 0, 1, NULL, NULL, '2025-11-07 18:22:40'),
(2234, 531, 27, 'heading_531_1', NULL, NULL, NULL, 0, 0, 1, NULL, NULL, '2025-11-07 18:22:40'),
(2235, 532, 27, 'heading_532_1', NULL, NULL, NULL, 0, 0, 1, NULL, NULL, '2025-11-07 18:22:40'),
(2236, 533, 27, 'heading_533_1', NULL, NULL, NULL, 0, 0, 1, NULL, NULL, '2025-11-07 18:22:40'),
(2237, 534, 27, 'heading_534_1', NULL, NULL, NULL, 0, 0, 1, NULL, NULL, '2025-11-07 18:22:40'),
(2238, 535, 27, 'heading_535_1', NULL, NULL, NULL, 0, 0, 1, NULL, NULL, '2025-11-07 18:22:40'),
(2239, 536, 27, 'heading_536_1', NULL, NULL, NULL, 0, 0, 1, NULL, NULL, '2025-11-07 18:22:40'),
(2240, 537, 27, 'heading_537_1', NULL, NULL, NULL, 0, 0, 1, NULL, NULL, '2025-11-07 18:22:40'),
(2241, 538, 27, 'heading_538_1', NULL, NULL, NULL, 0, 0, 1, NULL, NULL, '2025-11-07 18:22:40'),
(2242, 539, 27, 'heading_539_1', NULL, NULL, NULL, 0, 0, 1, NULL, NULL, '2025-11-07 18:22:40'),
(2243, 540, 27, 'heading_540_1', NULL, NULL, NULL, 0, 0, 1, NULL, NULL, '2025-11-07 18:22:40'),
(2244, 541, 27, 'heading_541_1', NULL, NULL, NULL, 0, 0, 1, NULL, NULL, '2025-11-07 18:22:40'),
(2245, 542, 27, 'heading_542_1', NULL, NULL, NULL, 0, 0, 1, NULL, NULL, '2025-11-07 18:22:40'),
(2246, 543, 27, 'heading_543_1', NULL, NULL, NULL, 0, 0, 1, NULL, NULL, '2025-11-07 18:22:40'),
(2247, 544, 27, 'heading_544_1', NULL, NULL, NULL, 0, 0, 1, NULL, NULL, '2025-11-07 18:22:40'),
(2248, 545, 27, 'heading_545_1', NULL, NULL, NULL, 0, 0, 1, NULL, NULL, '2025-11-07 18:22:40'),
(2249, 546, 27, 'heading_546_1', NULL, NULL, NULL, 0, 0, 1, NULL, NULL, '2025-11-07 18:22:40'),
(2250, 547, 27, 'heading_547_1', NULL, NULL, NULL, 0, 0, 1, NULL, NULL, '2025-11-07 18:22:40'),
(2251, 548, 27, 'heading_548_1', NULL, NULL, NULL, 0, 0, 1, NULL, NULL, '2025-11-07 18:22:40'),
(2252, 549, 27, 'heading_549_1', NULL, NULL, NULL, 0, 0, 1, NULL, NULL, '2025-11-07 18:22:40'),
(2253, 550, 27, 'heading_550_1', NULL, NULL, NULL, 0, 0, 1, NULL, NULL, '2025-11-07 18:22:40'),
(2254, 551, 27, 'heading_551_1', NULL, NULL, NULL, 0, 0, 1, NULL, NULL, '2025-11-07 18:22:40'),
(2255, 552, 27, 'heading_552_1', NULL, NULL, NULL, 0, 0, 1, NULL, NULL, '2025-11-07 18:22:40'),
(2256, 553, 27, 'heading_553_1', NULL, NULL, NULL, 0, 0, 1, NULL, NULL, '2025-11-07 18:22:40'),
(2257, 554, 27, 'heading_554_1', NULL, NULL, NULL, 0, 0, 1, NULL, NULL, '2025-11-07 18:22:40'),
(2258, 555, 27, 'heading_555_1', NULL, NULL, NULL, 0, 0, 1, NULL, NULL, '2025-11-07 18:22:40'),
(2259, 556, 27, 'heading_556_1', NULL, NULL, NULL, 0, 0, 1, NULL, NULL, '2025-11-07 18:22:40'),
(2260, 557, 27, 'heading_557_1', NULL, NULL, NULL, 0, 0, 1, NULL, NULL, '2025-11-07 18:22:40'),
(2261, 558, 27, 'heading_558_1', NULL, NULL, NULL, 0, 0, 1, NULL, NULL, '2025-11-07 18:22:40'),
(2262, 559, 27, 'heading_559_1', NULL, NULL, NULL, 0, 0, 1, NULL, NULL, '2025-11-07 18:22:40'),
(2263, 560, 27, 'heading_560_1', NULL, NULL, NULL, 0, 0, 1, NULL, NULL, '2025-11-07 18:22:40'),
(2264, 561, 27, 'heading_561_1', NULL, NULL, NULL, 0, 0, 1, NULL, NULL, '2025-11-07 18:22:40'),
(2265, 562, 27, 'heading_562_1', NULL, NULL, NULL, 0, 0, 1, NULL, NULL, '2025-11-07 18:22:40'),
(2266, 563, 27, 'heading_563_1', NULL, NULL, NULL, 0, 0, 1, NULL, NULL, '2025-11-07 18:22:40'),
(2267, 564, 27, 'heading_564_1', NULL, NULL, NULL, 0, 0, 1, NULL, NULL, '2025-11-07 18:22:40'),
(2268, 565, 27, 'heading_565_1', NULL, NULL, NULL, 0, 0, 1, NULL, NULL, '2025-11-07 18:22:40'),
(2269, 566, 27, 'heading_566_1', NULL, NULL, NULL, 0, 0, 1, NULL, NULL, '2025-11-07 18:22:40'),
(2270, 567, 27, 'heading_567_1', NULL, NULL, NULL, 0, 0, 1, NULL, NULL, '2025-11-07 18:22:40'),
(2271, 568, 27, 'heading_568_1', NULL, NULL, NULL, 0, 0, 1, NULL, NULL, '2025-11-07 18:22:40'),
(2272, 569, 27, 'heading_569_1', NULL, NULL, NULL, 0, 0, 1, NULL, NULL, '2025-11-07 18:22:40'),
(2273, 570, 27, 'heading_570_1', NULL, NULL, NULL, 0, 0, 1, NULL, NULL, '2025-11-07 18:22:40'),
(2274, 571, 27, 'heading_571_1', NULL, NULL, NULL, 0, 0, 1, NULL, NULL, '2025-11-07 18:22:40'),
(2275, 572, 27, 'heading_572_1', NULL, NULL, NULL, 0, 0, 1, NULL, NULL, '2025-11-07 18:22:40'),
(2276, 301, 28, 'paragraph_301_2', NULL, NULL, NULL, 0, 0, 2, NULL, NULL, '2025-11-07 18:22:40'),
(2277, 302, 28, 'paragraph_302_2', NULL, NULL, NULL, 0, 0, 2, NULL, NULL, '2025-11-07 18:22:40'),
(2278, 303, 28, 'paragraph_303_2', NULL, NULL, NULL, 0, 0, 2, NULL, NULL, '2025-11-07 18:22:40'),
(2279, 304, 28, 'paragraph_304_2', NULL, NULL, NULL, 0, 0, 2, NULL, NULL, '2025-11-07 18:22:40'),
(2280, 305, 28, 'paragraph_305_2', NULL, NULL, NULL, 0, 0, 2, NULL, NULL, '2025-11-07 18:22:40'),
(2281, 306, 28, 'paragraph_306_2', NULL, NULL, NULL, 0, 0, 2, NULL, NULL, '2025-11-07 18:22:40'),
(2282, 307, 28, 'paragraph_307_2', NULL, NULL, NULL, 0, 0, 2, NULL, NULL, '2025-11-07 18:22:40'),
(2283, 308, 28, 'paragraph_308_2', NULL, NULL, NULL, 0, 0, 2, NULL, NULL, '2025-11-07 18:22:40'),
(2284, 309, 28, 'paragraph_309_2', NULL, NULL, NULL, 0, 0, 2, NULL, NULL, '2025-11-07 18:22:40'),
(2285, 310, 28, 'paragraph_310_2', NULL, NULL, NULL, 0, 0, 2, NULL, NULL, '2025-11-07 18:22:40'),
(2286, 311, 28, 'paragraph_311_2', NULL, NULL, NULL, 0, 0, 2, NULL, NULL, '2025-11-07 18:22:40'),
(2287, 312, 28, 'paragraph_312_2', NULL, NULL, NULL, 0, 0, 2, NULL, NULL, '2025-11-07 18:22:40'),
(2288, 313, 28, 'paragraph_313_2', NULL, NULL, NULL, 0, 0, 2, NULL, NULL, '2025-11-07 18:22:40'),
(2289, 314, 28, 'paragraph_314_2', NULL, NULL, NULL, 0, 0, 2, NULL, NULL, '2025-11-07 18:22:40'),
(2290, 315, 28, 'paragraph_315_2', NULL, NULL, NULL, 0, 0, 2, NULL, NULL, '2025-11-07 18:22:40'),
(2291, 316, 28, 'paragraph_316_2', NULL, NULL, NULL, 0, 0, 2, NULL, NULL, '2025-11-07 18:22:40'),
(2292, 317, 28, 'paragraph_317_2', NULL, NULL, NULL, 0, 0, 2, NULL, NULL, '2025-11-07 18:22:40'),
(2293, 318, 28, 'paragraph_318_2', NULL, NULL, NULL, 0, 0, 2, NULL, NULL, '2025-11-07 18:22:40'),
(2294, 319, 28, 'paragraph_319_2', NULL, NULL, NULL, 0, 0, 2, NULL, NULL, '2025-11-07 18:22:40'),
(2295, 320, 28, 'paragraph_320_2', NULL, NULL, NULL, 0, 0, 2, NULL, NULL, '2025-11-07 18:22:40'),
(2296, 321, 28, 'paragraph_321_2', NULL, NULL, NULL, 0, 0, 2, NULL, NULL, '2025-11-07 18:22:40'),
(2297, 322, 28, 'paragraph_322_2', NULL, NULL, NULL, 0, 0, 2, NULL, NULL, '2025-11-07 18:22:40'),
(2298, 323, 28, 'paragraph_323_2', NULL, NULL, NULL, 0, 0, 2, NULL, NULL, '2025-11-07 18:22:40'),
(2299, 324, 28, 'paragraph_324_2', NULL, NULL, NULL, 0, 0, 2, NULL, NULL, '2025-11-07 18:22:40'),
(2300, 325, 28, 'paragraph_325_2', NULL, NULL, NULL, 0, 0, 2, NULL, NULL, '2025-11-07 18:22:40'),
(2301, 326, 28, 'paragraph_326_2', NULL, NULL, NULL, 0, 0, 2, NULL, NULL, '2025-11-07 18:22:40'),
(2302, 327, 28, 'paragraph_327_2', NULL, NULL, NULL, 0, 0, 2, NULL, NULL, '2025-11-07 18:22:40'),
(2303, 328, 28, 'paragraph_328_2', NULL, NULL, NULL, 0, 0, 2, NULL, NULL, '2025-11-07 18:22:40'),
(2304, 329, 28, 'paragraph_329_2', NULL, NULL, NULL, 0, 0, 2, NULL, NULL, '2025-11-07 18:22:40'),
(2305, 330, 28, 'paragraph_330_2', NULL, NULL, NULL, 0, 0, 2, NULL, NULL, '2025-11-07 18:22:40'),
(2306, 331, 28, 'paragraph_331_2', NULL, NULL, NULL, 0, 0, 2, NULL, NULL, '2025-11-07 18:22:40'),
(2307, 332, 28, 'paragraph_332_2', NULL, NULL, NULL, 0, 0, 2, NULL, NULL, '2025-11-07 18:22:40'),
(2308, 333, 28, 'paragraph_333_2', NULL, NULL, NULL, 0, 0, 2, NULL, NULL, '2025-11-07 18:22:40'),
(2309, 334, 28, 'paragraph_334_2', NULL, NULL, NULL, 0, 0, 2, NULL, NULL, '2025-11-07 18:22:40'),
(2310, 335, 28, 'paragraph_335_2', NULL, NULL, NULL, 0, 0, 2, NULL, NULL, '2025-11-07 18:22:40'),
(2311, 336, 28, 'paragraph_336_2', NULL, NULL, NULL, 0, 0, 2, NULL, NULL, '2025-11-07 18:22:40'),
(2312, 337, 28, 'paragraph_337_2', NULL, NULL, NULL, 0, 0, 2, NULL, NULL, '2025-11-07 18:22:40'),
(2313, 338, 28, 'paragraph_338_2', NULL, NULL, NULL, 0, 0, 2, NULL, NULL, '2025-11-07 18:22:40'),
(2314, 339, 28, 'paragraph_339_2', NULL, NULL, NULL, 0, 0, 2, NULL, NULL, '2025-11-07 18:22:40'),
(2315, 340, 28, 'paragraph_340_2', NULL, NULL, NULL, 0, 0, 2, NULL, NULL, '2025-11-07 18:22:40');
INSERT INTO `app_template_screen_elements` (`id`, `template_screen_id`, `element_id`, `field_key`, `label`, `placeholder`, `default_value`, `is_required`, `is_readonly`, `display_order`, `config`, `validation_rules`, `created_at`) VALUES
(2316, 341, 28, 'paragraph_341_2', NULL, NULL, NULL, 0, 0, 2, NULL, NULL, '2025-11-07 18:22:40'),
(2317, 342, 28, 'paragraph_342_2', NULL, NULL, NULL, 0, 0, 2, NULL, NULL, '2025-11-07 18:22:40'),
(2318, 343, 28, 'paragraph_343_2', NULL, NULL, NULL, 0, 0, 2, NULL, NULL, '2025-11-07 18:22:40'),
(2319, 344, 28, 'paragraph_344_2', NULL, NULL, NULL, 0, 0, 2, NULL, NULL, '2025-11-07 18:22:40'),
(2320, 345, 28, 'paragraph_345_2', NULL, NULL, NULL, 0, 0, 2, NULL, NULL, '2025-11-07 18:22:40'),
(2321, 346, 28, 'paragraph_346_2', NULL, NULL, NULL, 0, 0, 2, NULL, NULL, '2025-11-07 18:22:40'),
(2322, 347, 28, 'paragraph_347_2', NULL, NULL, NULL, 0, 0, 2, NULL, NULL, '2025-11-07 18:22:40'),
(2323, 348, 28, 'paragraph_348_2', NULL, NULL, NULL, 0, 0, 2, NULL, NULL, '2025-11-07 18:22:40'),
(2324, 349, 28, 'paragraph_349_2', NULL, NULL, NULL, 0, 0, 2, NULL, NULL, '2025-11-07 18:22:40'),
(2325, 350, 28, 'paragraph_350_2', NULL, NULL, NULL, 0, 0, 2, NULL, NULL, '2025-11-07 18:22:40'),
(2326, 351, 28, 'paragraph_351_2', NULL, NULL, NULL, 0, 0, 2, NULL, NULL, '2025-11-07 18:22:40'),
(2327, 352, 28, 'paragraph_352_2', NULL, NULL, NULL, 0, 0, 2, NULL, NULL, '2025-11-07 18:22:40'),
(2328, 353, 28, 'paragraph_353_2', NULL, NULL, NULL, 0, 0, 2, NULL, NULL, '2025-11-07 18:22:40'),
(2329, 354, 28, 'paragraph_354_2', NULL, NULL, NULL, 0, 0, 2, NULL, NULL, '2025-11-07 18:22:40'),
(2330, 355, 28, 'paragraph_355_2', NULL, NULL, NULL, 0, 0, 2, NULL, NULL, '2025-11-07 18:22:40'),
(2331, 356, 28, 'paragraph_356_2', NULL, NULL, NULL, 0, 0, 2, NULL, NULL, '2025-11-07 18:22:40'),
(2332, 357, 28, 'paragraph_357_2', NULL, NULL, NULL, 0, 0, 2, NULL, NULL, '2025-11-07 18:22:40'),
(2333, 358, 28, 'paragraph_358_2', NULL, NULL, NULL, 0, 0, 2, NULL, NULL, '2025-11-07 18:22:40'),
(2334, 359, 28, 'paragraph_359_2', NULL, NULL, NULL, 0, 0, 2, NULL, NULL, '2025-11-07 18:22:40'),
(2335, 360, 28, 'paragraph_360_2', NULL, NULL, NULL, 0, 0, 2, NULL, NULL, '2025-11-07 18:22:40'),
(2336, 361, 28, 'paragraph_361_2', NULL, NULL, NULL, 0, 0, 2, NULL, NULL, '2025-11-07 18:22:40'),
(2337, 362, 28, 'paragraph_362_2', NULL, NULL, NULL, 0, 0, 2, NULL, NULL, '2025-11-07 18:22:40'),
(2338, 363, 28, 'paragraph_363_2', NULL, NULL, NULL, 0, 0, 2, NULL, NULL, '2025-11-07 18:22:40'),
(2339, 364, 28, 'paragraph_364_2', NULL, NULL, NULL, 0, 0, 2, NULL, NULL, '2025-11-07 18:22:40'),
(2340, 365, 28, 'paragraph_365_2', NULL, NULL, NULL, 0, 0, 2, NULL, NULL, '2025-11-07 18:22:40'),
(2341, 366, 28, 'paragraph_366_2', NULL, NULL, NULL, 0, 0, 2, NULL, NULL, '2025-11-07 18:22:40'),
(2342, 367, 28, 'paragraph_367_2', NULL, NULL, NULL, 0, 0, 2, NULL, NULL, '2025-11-07 18:22:40'),
(2343, 368, 28, 'paragraph_368_2', NULL, NULL, NULL, 0, 0, 2, NULL, NULL, '2025-11-07 18:22:40'),
(2344, 369, 28, 'paragraph_369_2', NULL, NULL, NULL, 0, 0, 2, NULL, NULL, '2025-11-07 18:22:40'),
(2345, 370, 28, 'paragraph_370_2', NULL, NULL, NULL, 0, 0, 2, NULL, NULL, '2025-11-07 18:22:40'),
(2346, 371, 28, 'paragraph_371_2', NULL, NULL, NULL, 0, 0, 2, NULL, NULL, '2025-11-07 18:22:40'),
(2347, 372, 28, 'paragraph_372_2', NULL, NULL, NULL, 0, 0, 2, NULL, NULL, '2025-11-07 18:22:40'),
(2348, 373, 28, 'paragraph_373_2', NULL, NULL, NULL, 0, 0, 2, NULL, NULL, '2025-11-07 18:22:40'),
(2349, 374, 28, 'paragraph_374_2', NULL, NULL, NULL, 0, 0, 2, NULL, NULL, '2025-11-07 18:22:40'),
(2350, 375, 28, 'paragraph_375_2', NULL, NULL, NULL, 0, 0, 2, NULL, NULL, '2025-11-07 18:22:40'),
(2351, 376, 28, 'paragraph_376_2', NULL, NULL, NULL, 0, 0, 2, NULL, NULL, '2025-11-07 18:22:40'),
(2352, 377, 28, 'paragraph_377_2', NULL, NULL, NULL, 0, 0, 2, NULL, NULL, '2025-11-07 18:22:40'),
(2353, 378, 28, 'paragraph_378_2', NULL, NULL, NULL, 0, 0, 2, NULL, NULL, '2025-11-07 18:22:40'),
(2354, 379, 28, 'paragraph_379_2', NULL, NULL, NULL, 0, 0, 2, NULL, NULL, '2025-11-07 18:22:40'),
(2355, 380, 28, 'paragraph_380_2', NULL, NULL, NULL, 0, 0, 2, NULL, NULL, '2025-11-07 18:22:40'),
(2356, 381, 28, 'paragraph_381_2', NULL, NULL, NULL, 0, 0, 2, NULL, NULL, '2025-11-07 18:22:40'),
(2357, 382, 28, 'paragraph_382_2', NULL, NULL, NULL, 0, 0, 2, NULL, NULL, '2025-11-07 18:22:40'),
(2358, 383, 28, 'paragraph_383_2', NULL, NULL, NULL, 0, 0, 2, NULL, NULL, '2025-11-07 18:22:40'),
(2359, 384, 28, 'paragraph_384_2', NULL, NULL, NULL, 0, 0, 2, NULL, NULL, '2025-11-07 18:22:40'),
(2360, 385, 28, 'paragraph_385_2', NULL, NULL, NULL, 0, 0, 2, NULL, NULL, '2025-11-07 18:22:40'),
(2361, 386, 28, 'paragraph_386_2', NULL, NULL, NULL, 0, 0, 2, NULL, NULL, '2025-11-07 18:22:40'),
(2362, 387, 28, 'paragraph_387_2', NULL, NULL, NULL, 0, 0, 2, NULL, NULL, '2025-11-07 18:22:40'),
(2363, 388, 28, 'paragraph_388_2', NULL, NULL, NULL, 0, 0, 2, NULL, NULL, '2025-11-07 18:22:40'),
(2364, 389, 28, 'paragraph_389_2', NULL, NULL, NULL, 0, 0, 2, NULL, NULL, '2025-11-07 18:22:40'),
(2365, 390, 28, 'paragraph_390_2', NULL, NULL, NULL, 0, 0, 2, NULL, NULL, '2025-11-07 18:22:40'),
(2366, 391, 28, 'paragraph_391_2', NULL, NULL, NULL, 0, 0, 2, NULL, NULL, '2025-11-07 18:22:40'),
(2367, 392, 28, 'paragraph_392_2', NULL, NULL, NULL, 0, 0, 2, NULL, NULL, '2025-11-07 18:22:40'),
(2368, 393, 28, 'paragraph_393_2', NULL, NULL, NULL, 0, 0, 2, NULL, NULL, '2025-11-07 18:22:40'),
(2369, 394, 28, 'paragraph_394_2', NULL, NULL, NULL, 0, 0, 2, NULL, NULL, '2025-11-07 18:22:40'),
(2370, 395, 28, 'paragraph_395_2', NULL, NULL, NULL, 0, 0, 2, NULL, NULL, '2025-11-07 18:22:40'),
(2371, 396, 28, 'paragraph_396_2', NULL, NULL, NULL, 0, 0, 2, NULL, NULL, '2025-11-07 18:22:40'),
(2372, 397, 28, 'paragraph_397_2', NULL, NULL, NULL, 0, 0, 2, NULL, NULL, '2025-11-07 18:22:40'),
(2373, 398, 28, 'paragraph_398_2', NULL, NULL, NULL, 0, 0, 2, NULL, NULL, '2025-11-07 18:22:40'),
(2374, 399, 28, 'paragraph_399_2', NULL, NULL, NULL, 0, 0, 2, NULL, NULL, '2025-11-07 18:22:40'),
(2375, 400, 28, 'paragraph_400_2', NULL, NULL, NULL, 0, 0, 2, NULL, NULL, '2025-11-07 18:22:40'),
(2376, 401, 28, 'paragraph_401_2', NULL, NULL, NULL, 0, 0, 2, NULL, NULL, '2025-11-07 18:22:40'),
(2377, 402, 28, 'paragraph_402_2', NULL, NULL, NULL, 0, 0, 2, NULL, NULL, '2025-11-07 18:22:40'),
(2378, 403, 28, 'paragraph_403_2', NULL, NULL, NULL, 0, 0, 2, NULL, NULL, '2025-11-07 18:22:40'),
(2379, 404, 28, 'paragraph_404_2', NULL, NULL, NULL, 0, 0, 2, NULL, NULL, '2025-11-07 18:22:40'),
(2380, 405, 28, 'paragraph_405_2', NULL, NULL, NULL, 0, 0, 2, NULL, NULL, '2025-11-07 18:22:40'),
(2381, 406, 28, 'paragraph_406_2', NULL, NULL, NULL, 0, 0, 2, NULL, NULL, '2025-11-07 18:22:40'),
(2382, 407, 28, 'paragraph_407_2', NULL, NULL, NULL, 0, 0, 2, NULL, NULL, '2025-11-07 18:22:40'),
(2383, 408, 28, 'paragraph_408_2', NULL, NULL, NULL, 0, 0, 2, NULL, NULL, '2025-11-07 18:22:40'),
(2384, 409, 28, 'paragraph_409_2', NULL, NULL, NULL, 0, 0, 2, NULL, NULL, '2025-11-07 18:22:40'),
(2385, 410, 28, 'paragraph_410_2', NULL, NULL, NULL, 0, 0, 2, NULL, NULL, '2025-11-07 18:22:40'),
(2386, 411, 28, 'paragraph_411_2', NULL, NULL, NULL, 0, 0, 2, NULL, NULL, '2025-11-07 18:22:40'),
(2387, 412, 28, 'paragraph_412_2', NULL, NULL, NULL, 0, 0, 2, NULL, NULL, '2025-11-07 18:22:40'),
(2388, 413, 28, 'paragraph_413_2', NULL, NULL, NULL, 0, 0, 2, NULL, NULL, '2025-11-07 18:22:40'),
(2389, 414, 28, 'paragraph_414_2', NULL, NULL, NULL, 0, 0, 2, NULL, NULL, '2025-11-07 18:22:40'),
(2390, 415, 28, 'paragraph_415_2', NULL, NULL, NULL, 0, 0, 2, NULL, NULL, '2025-11-07 18:22:40'),
(2391, 416, 28, 'paragraph_416_2', NULL, NULL, NULL, 0, 0, 2, NULL, NULL, '2025-11-07 18:22:40'),
(2392, 417, 28, 'paragraph_417_2', NULL, NULL, NULL, 0, 0, 2, NULL, NULL, '2025-11-07 18:22:40'),
(2393, 418, 28, 'paragraph_418_2', NULL, NULL, NULL, 0, 0, 2, NULL, NULL, '2025-11-07 18:22:40'),
(2394, 419, 28, 'paragraph_419_2', NULL, NULL, NULL, 0, 0, 2, NULL, NULL, '2025-11-07 18:22:40'),
(2395, 420, 28, 'paragraph_420_2', NULL, NULL, NULL, 0, 0, 2, NULL, NULL, '2025-11-07 18:22:40'),
(2396, 421, 28, 'paragraph_421_2', NULL, NULL, NULL, 0, 0, 2, NULL, NULL, '2025-11-07 18:22:40'),
(2397, 422, 28, 'paragraph_422_2', NULL, NULL, NULL, 0, 0, 2, NULL, NULL, '2025-11-07 18:22:40'),
(2398, 423, 28, 'paragraph_423_2', NULL, NULL, NULL, 0, 0, 2, NULL, NULL, '2025-11-07 18:22:40'),
(2399, 424, 28, 'paragraph_424_2', NULL, NULL, NULL, 0, 0, 2, NULL, NULL, '2025-11-07 18:22:40'),
(2400, 425, 28, 'paragraph_425_2', NULL, NULL, NULL, 0, 0, 2, NULL, NULL, '2025-11-07 18:22:40'),
(2401, 426, 28, 'paragraph_426_2', NULL, NULL, NULL, 0, 0, 2, NULL, NULL, '2025-11-07 18:22:40'),
(2402, 427, 28, 'paragraph_427_2', NULL, NULL, NULL, 0, 0, 2, NULL, NULL, '2025-11-07 18:22:40'),
(2403, 428, 28, 'paragraph_428_2', NULL, NULL, NULL, 0, 0, 2, NULL, NULL, '2025-11-07 18:22:40'),
(2404, 429, 28, 'paragraph_429_2', NULL, NULL, NULL, 0, 0, 2, NULL, NULL, '2025-11-07 18:22:40'),
(2405, 430, 28, 'paragraph_430_2', NULL, NULL, NULL, 0, 0, 2, NULL, NULL, '2025-11-07 18:22:40'),
(2406, 431, 28, 'paragraph_431_2', NULL, NULL, NULL, 0, 0, 2, NULL, NULL, '2025-11-07 18:22:40'),
(2407, 432, 28, 'paragraph_432_2', NULL, NULL, NULL, 0, 0, 2, NULL, NULL, '2025-11-07 18:22:40'),
(2408, 433, 28, 'paragraph_433_2', NULL, NULL, NULL, 0, 0, 2, NULL, NULL, '2025-11-07 18:22:40'),
(2409, 434, 28, 'paragraph_434_2', NULL, NULL, NULL, 0, 0, 2, NULL, NULL, '2025-11-07 18:22:40'),
(2410, 435, 28, 'paragraph_435_2', NULL, NULL, NULL, 0, 0, 2, NULL, NULL, '2025-11-07 18:22:40'),
(2411, 436, 28, 'paragraph_436_2', NULL, NULL, NULL, 0, 0, 2, NULL, NULL, '2025-11-07 18:22:40'),
(2412, 437, 28, 'paragraph_437_2', NULL, NULL, NULL, 0, 0, 2, NULL, NULL, '2025-11-07 18:22:40'),
(2413, 438, 28, 'paragraph_438_2', NULL, NULL, NULL, 0, 0, 2, NULL, NULL, '2025-11-07 18:22:40'),
(2414, 439, 28, 'paragraph_439_2', NULL, NULL, NULL, 0, 0, 2, NULL, NULL, '2025-11-07 18:22:40'),
(2415, 440, 28, 'paragraph_440_2', NULL, NULL, NULL, 0, 0, 2, NULL, NULL, '2025-11-07 18:22:40'),
(2416, 441, 28, 'paragraph_441_2', NULL, NULL, NULL, 0, 0, 2, NULL, NULL, '2025-11-07 18:22:40'),
(2417, 442, 28, 'paragraph_442_2', NULL, NULL, NULL, 0, 0, 2, NULL, NULL, '2025-11-07 18:22:40'),
(2418, 443, 28, 'paragraph_443_2', NULL, NULL, NULL, 0, 0, 2, NULL, NULL, '2025-11-07 18:22:40'),
(2419, 444, 28, 'paragraph_444_2', NULL, NULL, NULL, 0, 0, 2, NULL, NULL, '2025-11-07 18:22:40'),
(2420, 445, 28, 'paragraph_445_2', NULL, NULL, NULL, 0, 0, 2, NULL, NULL, '2025-11-07 18:22:40'),
(2421, 446, 28, 'paragraph_446_2', NULL, NULL, NULL, 0, 0, 2, NULL, NULL, '2025-11-07 18:22:40'),
(2422, 447, 28, 'paragraph_447_2', NULL, NULL, NULL, 0, 0, 2, NULL, NULL, '2025-11-07 18:22:40'),
(2423, 448, 28, 'paragraph_448_2', NULL, NULL, NULL, 0, 0, 2, NULL, NULL, '2025-11-07 18:22:40'),
(2424, 449, 28, 'paragraph_449_2', NULL, NULL, NULL, 0, 0, 2, NULL, NULL, '2025-11-07 18:22:40'),
(2425, 450, 28, 'paragraph_450_2', NULL, NULL, NULL, 0, 0, 2, NULL, NULL, '2025-11-07 18:22:40'),
(2426, 451, 28, 'paragraph_451_2', NULL, NULL, NULL, 0, 0, 2, NULL, NULL, '2025-11-07 18:22:40'),
(2427, 452, 28, 'paragraph_452_2', NULL, NULL, NULL, 0, 0, 2, NULL, NULL, '2025-11-07 18:22:40'),
(2428, 453, 28, 'paragraph_453_2', NULL, NULL, NULL, 0, 0, 2, NULL, NULL, '2025-11-07 18:22:40'),
(2429, 454, 28, 'paragraph_454_2', NULL, NULL, NULL, 0, 0, 2, NULL, NULL, '2025-11-07 18:22:40'),
(2430, 455, 28, 'paragraph_455_2', NULL, NULL, NULL, 0, 0, 2, NULL, NULL, '2025-11-07 18:22:40'),
(2431, 456, 28, 'paragraph_456_2', NULL, NULL, NULL, 0, 0, 2, NULL, NULL, '2025-11-07 18:22:40'),
(2432, 457, 28, 'paragraph_457_2', NULL, NULL, NULL, 0, 0, 2, NULL, NULL, '2025-11-07 18:22:40'),
(2433, 458, 28, 'paragraph_458_2', NULL, NULL, NULL, 0, 0, 2, NULL, NULL, '2025-11-07 18:22:40'),
(2434, 459, 28, 'paragraph_459_2', NULL, NULL, NULL, 0, 0, 2, NULL, NULL, '2025-11-07 18:22:40'),
(2435, 460, 28, 'paragraph_460_2', NULL, NULL, NULL, 0, 0, 2, NULL, NULL, '2025-11-07 18:22:40'),
(2436, 461, 28, 'paragraph_461_2', NULL, NULL, NULL, 0, 0, 2, NULL, NULL, '2025-11-07 18:22:40'),
(2437, 462, 28, 'paragraph_462_2', NULL, NULL, NULL, 0, 0, 2, NULL, NULL, '2025-11-07 18:22:40'),
(2438, 463, 28, 'paragraph_463_2', NULL, NULL, NULL, 0, 0, 2, NULL, NULL, '2025-11-07 18:22:40'),
(2439, 464, 28, 'paragraph_464_2', NULL, NULL, NULL, 0, 0, 2, NULL, NULL, '2025-11-07 18:22:40'),
(2440, 465, 28, 'paragraph_465_2', NULL, NULL, NULL, 0, 0, 2, NULL, NULL, '2025-11-07 18:22:40'),
(2441, 466, 28, 'paragraph_466_2', NULL, NULL, NULL, 0, 0, 2, NULL, NULL, '2025-11-07 18:22:40'),
(2442, 467, 28, 'paragraph_467_2', NULL, NULL, NULL, 0, 0, 2, NULL, NULL, '2025-11-07 18:22:40'),
(2443, 468, 28, 'paragraph_468_2', NULL, NULL, NULL, 0, 0, 2, NULL, NULL, '2025-11-07 18:22:40'),
(2444, 469, 28, 'paragraph_469_2', NULL, NULL, NULL, 0, 0, 2, NULL, NULL, '2025-11-07 18:22:40'),
(2445, 470, 28, 'paragraph_470_2', NULL, NULL, NULL, 0, 0, 2, NULL, NULL, '2025-11-07 18:22:40'),
(2446, 471, 28, 'paragraph_471_2', NULL, NULL, NULL, 0, 0, 2, NULL, NULL, '2025-11-07 18:22:40'),
(2447, 472, 28, 'paragraph_472_2', NULL, NULL, NULL, 0, 0, 2, NULL, NULL, '2025-11-07 18:22:40'),
(2448, 473, 28, 'paragraph_473_2', NULL, NULL, NULL, 0, 0, 2, NULL, NULL, '2025-11-07 18:22:40'),
(2449, 474, 28, 'paragraph_474_2', NULL, NULL, NULL, 0, 0, 2, NULL, NULL, '2025-11-07 18:22:40'),
(2450, 475, 28, 'paragraph_475_2', NULL, NULL, NULL, 0, 0, 2, NULL, NULL, '2025-11-07 18:22:40'),
(2451, 476, 28, 'paragraph_476_2', NULL, NULL, NULL, 0, 0, 2, NULL, NULL, '2025-11-07 18:22:40'),
(2452, 477, 28, 'paragraph_477_2', NULL, NULL, NULL, 0, 0, 2, NULL, NULL, '2025-11-07 18:22:40'),
(2453, 478, 28, 'paragraph_478_2', NULL, NULL, NULL, 0, 0, 2, NULL, NULL, '2025-11-07 18:22:40'),
(2454, 479, 28, 'paragraph_479_2', NULL, NULL, NULL, 0, 0, 2, NULL, NULL, '2025-11-07 18:22:40'),
(2455, 480, 28, 'paragraph_480_2', NULL, NULL, NULL, 0, 0, 2, NULL, NULL, '2025-11-07 18:22:40'),
(2456, 481, 28, 'paragraph_481_2', NULL, NULL, NULL, 0, 0, 2, NULL, NULL, '2025-11-07 18:22:40'),
(2457, 482, 28, 'paragraph_482_2', NULL, NULL, NULL, 0, 0, 2, NULL, NULL, '2025-11-07 18:22:40'),
(2458, 483, 28, 'paragraph_483_2', NULL, NULL, NULL, 0, 0, 2, NULL, NULL, '2025-11-07 18:22:40'),
(2459, 484, 28, 'paragraph_484_2', NULL, NULL, NULL, 0, 0, 2, NULL, NULL, '2025-11-07 18:22:40'),
(2460, 485, 28, 'paragraph_485_2', NULL, NULL, NULL, 0, 0, 2, NULL, NULL, '2025-11-07 18:22:40'),
(2461, 486, 28, 'paragraph_486_2', NULL, NULL, NULL, 0, 0, 2, NULL, NULL, '2025-11-07 18:22:40'),
(2462, 487, 28, 'paragraph_487_2', NULL, NULL, NULL, 0, 0, 2, NULL, NULL, '2025-11-07 18:22:40'),
(2463, 488, 28, 'paragraph_488_2', NULL, NULL, NULL, 0, 0, 2, NULL, NULL, '2025-11-07 18:22:40'),
(2464, 489, 28, 'paragraph_489_2', NULL, NULL, NULL, 0, 0, 2, NULL, NULL, '2025-11-07 18:22:40'),
(2465, 490, 28, 'paragraph_490_2', NULL, NULL, NULL, 0, 0, 2, NULL, NULL, '2025-11-07 18:22:40'),
(2466, 491, 28, 'paragraph_491_2', NULL, NULL, NULL, 0, 0, 2, NULL, NULL, '2025-11-07 18:22:40'),
(2467, 492, 28, 'paragraph_492_2', NULL, NULL, NULL, 0, 0, 2, NULL, NULL, '2025-11-07 18:22:40'),
(2468, 493, 28, 'paragraph_493_2', NULL, NULL, NULL, 0, 0, 2, NULL, NULL, '2025-11-07 18:22:40'),
(2469, 494, 28, 'paragraph_494_2', NULL, NULL, NULL, 0, 0, 2, NULL, NULL, '2025-11-07 18:22:40'),
(2470, 495, 28, 'paragraph_495_2', NULL, NULL, NULL, 0, 0, 2, NULL, NULL, '2025-11-07 18:22:40'),
(2471, 496, 28, 'paragraph_496_2', NULL, NULL, NULL, 0, 0, 2, NULL, NULL, '2025-11-07 18:22:40'),
(2472, 497, 28, 'paragraph_497_2', NULL, NULL, NULL, 0, 0, 2, NULL, NULL, '2025-11-07 18:22:40'),
(2473, 498, 28, 'paragraph_498_2', NULL, NULL, NULL, 0, 0, 2, NULL, NULL, '2025-11-07 18:22:40'),
(2474, 499, 28, 'paragraph_499_2', NULL, NULL, NULL, 0, 0, 2, NULL, NULL, '2025-11-07 18:22:40'),
(2475, 500, 28, 'paragraph_500_2', NULL, NULL, NULL, 0, 0, 2, NULL, NULL, '2025-11-07 18:22:40'),
(2476, 501, 28, 'paragraph_501_2', NULL, NULL, NULL, 0, 0, 2, NULL, NULL, '2025-11-07 18:22:40'),
(2477, 502, 28, 'paragraph_502_2', NULL, NULL, NULL, 0, 0, 2, NULL, NULL, '2025-11-07 18:22:40'),
(2478, 503, 28, 'paragraph_503_2', NULL, NULL, NULL, 0, 0, 2, NULL, NULL, '2025-11-07 18:22:40'),
(2479, 504, 28, 'paragraph_504_2', NULL, NULL, NULL, 0, 0, 2, NULL, NULL, '2025-11-07 18:22:40'),
(2480, 505, 28, 'paragraph_505_2', NULL, NULL, NULL, 0, 0, 2, NULL, NULL, '2025-11-07 18:22:40'),
(2481, 506, 28, 'paragraph_506_2', NULL, NULL, NULL, 0, 0, 2, NULL, NULL, '2025-11-07 18:22:40'),
(2482, 507, 28, 'paragraph_507_2', NULL, NULL, NULL, 0, 0, 2, NULL, NULL, '2025-11-07 18:22:40'),
(2483, 508, 28, 'paragraph_508_2', NULL, NULL, NULL, 0, 0, 2, NULL, NULL, '2025-11-07 18:22:40'),
(2484, 509, 28, 'paragraph_509_2', NULL, NULL, NULL, 0, 0, 2, NULL, NULL, '2025-11-07 18:22:40'),
(2485, 510, 28, 'paragraph_510_2', NULL, NULL, NULL, 0, 0, 2, NULL, NULL, '2025-11-07 18:22:40'),
(2486, 511, 28, 'paragraph_511_2', NULL, NULL, NULL, 0, 0, 2, NULL, NULL, '2025-11-07 18:22:40'),
(2487, 512, 28, 'paragraph_512_2', NULL, NULL, NULL, 0, 0, 2, NULL, NULL, '2025-11-07 18:22:40'),
(2488, 513, 28, 'paragraph_513_2', NULL, NULL, NULL, 0, 0, 2, NULL, NULL, '2025-11-07 18:22:40'),
(2489, 514, 28, 'paragraph_514_2', NULL, NULL, NULL, 0, 0, 2, NULL, NULL, '2025-11-07 18:22:40'),
(2490, 515, 28, 'paragraph_515_2', NULL, NULL, NULL, 0, 0, 2, NULL, NULL, '2025-11-07 18:22:40'),
(2491, 516, 28, 'paragraph_516_2', NULL, NULL, NULL, 0, 0, 2, NULL, NULL, '2025-11-07 18:22:40'),
(2492, 517, 28, 'paragraph_517_2', NULL, NULL, NULL, 0, 0, 2, NULL, NULL, '2025-11-07 18:22:40'),
(2493, 518, 28, 'paragraph_518_2', NULL, NULL, NULL, 0, 0, 2, NULL, NULL, '2025-11-07 18:22:40'),
(2494, 519, 28, 'paragraph_519_2', NULL, NULL, NULL, 0, 0, 2, NULL, NULL, '2025-11-07 18:22:40'),
(2495, 520, 28, 'paragraph_520_2', NULL, NULL, NULL, 0, 0, 2, NULL, NULL, '2025-11-07 18:22:40'),
(2496, 521, 28, 'paragraph_521_2', NULL, NULL, NULL, 0, 0, 2, NULL, NULL, '2025-11-07 18:22:40'),
(2497, 522, 28, 'paragraph_522_2', NULL, NULL, NULL, 0, 0, 2, NULL, NULL, '2025-11-07 18:22:40'),
(2498, 523, 28, 'paragraph_523_2', NULL, NULL, NULL, 0, 0, 2, NULL, NULL, '2025-11-07 18:22:40'),
(2499, 524, 28, 'paragraph_524_2', NULL, NULL, NULL, 0, 0, 2, NULL, NULL, '2025-11-07 18:22:40'),
(2500, 525, 28, 'paragraph_525_2', NULL, NULL, NULL, 0, 0, 2, NULL, NULL, '2025-11-07 18:22:40'),
(2501, 526, 28, 'paragraph_526_2', NULL, NULL, NULL, 0, 0, 2, NULL, NULL, '2025-11-07 18:22:40'),
(2502, 527, 28, 'paragraph_527_2', NULL, NULL, NULL, 0, 0, 2, NULL, NULL, '2025-11-07 18:22:40'),
(2503, 528, 28, 'paragraph_528_2', NULL, NULL, NULL, 0, 0, 2, NULL, NULL, '2025-11-07 18:22:40'),
(2504, 529, 28, 'paragraph_529_2', NULL, NULL, NULL, 0, 0, 2, NULL, NULL, '2025-11-07 18:22:40'),
(2505, 530, 28, 'paragraph_530_2', NULL, NULL, NULL, 0, 0, 2, NULL, NULL, '2025-11-07 18:22:40'),
(2506, 531, 28, 'paragraph_531_2', NULL, NULL, NULL, 0, 0, 2, NULL, NULL, '2025-11-07 18:22:40'),
(2507, 532, 28, 'paragraph_532_2', NULL, NULL, NULL, 0, 0, 2, NULL, NULL, '2025-11-07 18:22:40'),
(2508, 533, 28, 'paragraph_533_2', NULL, NULL, NULL, 0, 0, 2, NULL, NULL, '2025-11-07 18:22:40'),
(2509, 534, 28, 'paragraph_534_2', NULL, NULL, NULL, 0, 0, 2, NULL, NULL, '2025-11-07 18:22:40'),
(2510, 535, 28, 'paragraph_535_2', NULL, NULL, NULL, 0, 0, 2, NULL, NULL, '2025-11-07 18:22:40'),
(2511, 536, 28, 'paragraph_536_2', NULL, NULL, NULL, 0, 0, 2, NULL, NULL, '2025-11-07 18:22:40'),
(2512, 537, 28, 'paragraph_537_2', NULL, NULL, NULL, 0, 0, 2, NULL, NULL, '2025-11-07 18:22:40'),
(2513, 538, 28, 'paragraph_538_2', NULL, NULL, NULL, 0, 0, 2, NULL, NULL, '2025-11-07 18:22:40'),
(2514, 539, 28, 'paragraph_539_2', NULL, NULL, NULL, 0, 0, 2, NULL, NULL, '2025-11-07 18:22:40'),
(2515, 540, 28, 'paragraph_540_2', NULL, NULL, NULL, 0, 0, 2, NULL, NULL, '2025-11-07 18:22:40'),
(2516, 541, 28, 'paragraph_541_2', NULL, NULL, NULL, 0, 0, 2, NULL, NULL, '2025-11-07 18:22:40'),
(2517, 542, 28, 'paragraph_542_2', NULL, NULL, NULL, 0, 0, 2, NULL, NULL, '2025-11-07 18:22:40'),
(2518, 543, 28, 'paragraph_543_2', NULL, NULL, NULL, 0, 0, 2, NULL, NULL, '2025-11-07 18:22:40'),
(2519, 544, 28, 'paragraph_544_2', NULL, NULL, NULL, 0, 0, 2, NULL, NULL, '2025-11-07 18:22:40'),
(2520, 545, 28, 'paragraph_545_2', NULL, NULL, NULL, 0, 0, 2, NULL, NULL, '2025-11-07 18:22:40'),
(2521, 546, 28, 'paragraph_546_2', NULL, NULL, NULL, 0, 0, 2, NULL, NULL, '2025-11-07 18:22:40'),
(2522, 547, 28, 'paragraph_547_2', NULL, NULL, NULL, 0, 0, 2, NULL, NULL, '2025-11-07 18:22:40'),
(2523, 548, 28, 'paragraph_548_2', NULL, NULL, NULL, 0, 0, 2, NULL, NULL, '2025-11-07 18:22:40'),
(2524, 549, 28, 'paragraph_549_2', NULL, NULL, NULL, 0, 0, 2, NULL, NULL, '2025-11-07 18:22:40'),
(2525, 550, 28, 'paragraph_550_2', NULL, NULL, NULL, 0, 0, 2, NULL, NULL, '2025-11-07 18:22:40'),
(2526, 551, 28, 'paragraph_551_2', NULL, NULL, NULL, 0, 0, 2, NULL, NULL, '2025-11-07 18:22:40'),
(2527, 552, 28, 'paragraph_552_2', NULL, NULL, NULL, 0, 0, 2, NULL, NULL, '2025-11-07 18:22:40'),
(2528, 553, 28, 'paragraph_553_2', NULL, NULL, NULL, 0, 0, 2, NULL, NULL, '2025-11-07 18:22:40'),
(2529, 554, 28, 'paragraph_554_2', NULL, NULL, NULL, 0, 0, 2, NULL, NULL, '2025-11-07 18:22:40'),
(2530, 555, 28, 'paragraph_555_2', NULL, NULL, NULL, 0, 0, 2, NULL, NULL, '2025-11-07 18:22:40'),
(2531, 556, 28, 'paragraph_556_2', NULL, NULL, NULL, 0, 0, 2, NULL, NULL, '2025-11-07 18:22:40'),
(2532, 557, 28, 'paragraph_557_2', NULL, NULL, NULL, 0, 0, 2, NULL, NULL, '2025-11-07 18:22:40'),
(2533, 558, 28, 'paragraph_558_2', NULL, NULL, NULL, 0, 0, 2, NULL, NULL, '2025-11-07 18:22:40'),
(2534, 559, 28, 'paragraph_559_2', NULL, NULL, NULL, 0, 0, 2, NULL, NULL, '2025-11-07 18:22:40'),
(2535, 560, 28, 'paragraph_560_2', NULL, NULL, NULL, 0, 0, 2, NULL, NULL, '2025-11-07 18:22:40'),
(2536, 561, 28, 'paragraph_561_2', NULL, NULL, NULL, 0, 0, 2, NULL, NULL, '2025-11-07 18:22:40'),
(2537, 562, 28, 'paragraph_562_2', NULL, NULL, NULL, 0, 0, 2, NULL, NULL, '2025-11-07 18:22:40'),
(2538, 563, 28, 'paragraph_563_2', NULL, NULL, NULL, 0, 0, 2, NULL, NULL, '2025-11-07 18:22:40'),
(2539, 564, 28, 'paragraph_564_2', NULL, NULL, NULL, 0, 0, 2, NULL, NULL, '2025-11-07 18:22:40'),
(2540, 565, 28, 'paragraph_565_2', NULL, NULL, NULL, 0, 0, 2, NULL, NULL, '2025-11-07 18:22:40'),
(2541, 566, 28, 'paragraph_566_2', NULL, NULL, NULL, 0, 0, 2, NULL, NULL, '2025-11-07 18:22:40'),
(2542, 567, 28, 'paragraph_567_2', NULL, NULL, NULL, 0, 0, 2, NULL, NULL, '2025-11-07 18:22:40'),
(2543, 568, 28, 'paragraph_568_2', NULL, NULL, NULL, 0, 0, 2, NULL, NULL, '2025-11-07 18:22:40'),
(2544, 569, 28, 'paragraph_569_2', NULL, NULL, NULL, 0, 0, 2, NULL, NULL, '2025-11-07 18:22:40'),
(2545, 570, 28, 'paragraph_570_2', NULL, NULL, NULL, 0, 0, 2, NULL, NULL, '2025-11-07 18:22:40'),
(2546, 571, 28, 'paragraph_571_2', NULL, NULL, NULL, 0, 0, 2, NULL, NULL, '2025-11-07 18:22:40'),
(2547, 572, 28, 'paragraph_572_2', NULL, NULL, NULL, 0, 0, 2, NULL, NULL, '2025-11-07 18:22:40'),
(2548, 301, 33, 'button_301_3', NULL, NULL, NULL, 0, 0, 3, NULL, NULL, '2025-11-07 18:22:40'),
(2549, 302, 33, 'button_302_3', NULL, NULL, NULL, 0, 0, 3, NULL, NULL, '2025-11-07 18:22:40'),
(2550, 303, 33, 'button_303_3', NULL, NULL, NULL, 0, 0, 3, NULL, NULL, '2025-11-07 18:22:40'),
(2551, 304, 33, 'button_304_3', NULL, NULL, NULL, 0, 0, 3, NULL, NULL, '2025-11-07 18:22:40'),
(2552, 305, 33, 'button_305_3', NULL, NULL, NULL, 0, 0, 3, NULL, NULL, '2025-11-07 18:22:40'),
(2553, 306, 33, 'button_306_3', NULL, NULL, NULL, 0, 0, 3, NULL, NULL, '2025-11-07 18:22:40'),
(2554, 307, 33, 'button_307_3', NULL, NULL, NULL, 0, 0, 3, NULL, NULL, '2025-11-07 18:22:40'),
(2555, 308, 33, 'button_308_3', NULL, NULL, NULL, 0, 0, 3, NULL, NULL, '2025-11-07 18:22:40'),
(2556, 309, 33, 'button_309_3', NULL, NULL, NULL, 0, 0, 3, NULL, NULL, '2025-11-07 18:22:40'),
(2557, 310, 33, 'button_310_3', NULL, NULL, NULL, 0, 0, 3, NULL, NULL, '2025-11-07 18:22:40'),
(2558, 311, 33, 'button_311_3', NULL, NULL, NULL, 0, 0, 3, NULL, NULL, '2025-11-07 18:22:40'),
(2559, 312, 33, 'button_312_3', NULL, NULL, NULL, 0, 0, 3, NULL, NULL, '2025-11-07 18:22:40'),
(2560, 313, 33, 'button_313_3', NULL, NULL, NULL, 0, 0, 3, NULL, NULL, '2025-11-07 18:22:40'),
(2561, 314, 33, 'button_314_3', NULL, NULL, NULL, 0, 0, 3, NULL, NULL, '2025-11-07 18:22:40'),
(2562, 315, 33, 'button_315_3', NULL, NULL, NULL, 0, 0, 3, NULL, NULL, '2025-11-07 18:22:40'),
(2563, 316, 33, 'button_316_3', NULL, NULL, NULL, 0, 0, 3, NULL, NULL, '2025-11-07 18:22:40'),
(2564, 317, 33, 'button_317_3', NULL, NULL, NULL, 0, 0, 3, NULL, NULL, '2025-11-07 18:22:40'),
(2565, 318, 33, 'button_318_3', NULL, NULL, NULL, 0, 0, 3, NULL, NULL, '2025-11-07 18:22:40'),
(2566, 319, 33, 'button_319_3', NULL, NULL, NULL, 0, 0, 3, NULL, NULL, '2025-11-07 18:22:40'),
(2567, 320, 33, 'button_320_3', NULL, NULL, NULL, 0, 0, 3, NULL, NULL, '2025-11-07 18:22:40'),
(2568, 321, 33, 'button_321_3', NULL, NULL, NULL, 0, 0, 3, NULL, NULL, '2025-11-07 18:22:40'),
(2569, 322, 33, 'button_322_3', NULL, NULL, NULL, 0, 0, 3, NULL, NULL, '2025-11-07 18:22:40'),
(2570, 323, 33, 'button_323_3', NULL, NULL, NULL, 0, 0, 3, NULL, NULL, '2025-11-07 18:22:40'),
(2571, 324, 33, 'button_324_3', NULL, NULL, NULL, 0, 0, 3, NULL, NULL, '2025-11-07 18:22:40'),
(2572, 325, 33, 'button_325_3', NULL, NULL, NULL, 0, 0, 3, NULL, NULL, '2025-11-07 18:22:40'),
(2573, 326, 33, 'button_326_3', NULL, NULL, NULL, 0, 0, 3, NULL, NULL, '2025-11-07 18:22:40'),
(2574, 327, 33, 'button_327_3', NULL, NULL, NULL, 0, 0, 3, NULL, NULL, '2025-11-07 18:22:40'),
(2575, 328, 33, 'button_328_3', NULL, NULL, NULL, 0, 0, 3, NULL, NULL, '2025-11-07 18:22:40'),
(2576, 329, 33, 'button_329_3', NULL, NULL, NULL, 0, 0, 3, NULL, NULL, '2025-11-07 18:22:40'),
(2577, 330, 33, 'button_330_3', NULL, NULL, NULL, 0, 0, 3, NULL, NULL, '2025-11-07 18:22:40'),
(2578, 331, 33, 'button_331_3', NULL, NULL, NULL, 0, 0, 3, NULL, NULL, '2025-11-07 18:22:40'),
(2579, 332, 33, 'button_332_3', NULL, NULL, NULL, 0, 0, 3, NULL, NULL, '2025-11-07 18:22:40'),
(2580, 333, 33, 'button_333_3', NULL, NULL, NULL, 0, 0, 3, NULL, NULL, '2025-11-07 18:22:40'),
(2581, 334, 33, 'button_334_3', NULL, NULL, NULL, 0, 0, 3, NULL, NULL, '2025-11-07 18:22:40'),
(2582, 335, 33, 'button_335_3', NULL, NULL, NULL, 0, 0, 3, NULL, NULL, '2025-11-07 18:22:40'),
(2583, 336, 33, 'button_336_3', NULL, NULL, NULL, 0, 0, 3, NULL, NULL, '2025-11-07 18:22:40'),
(2584, 337, 33, 'button_337_3', NULL, NULL, NULL, 0, 0, 3, NULL, NULL, '2025-11-07 18:22:40'),
(2585, 338, 33, 'button_338_3', NULL, NULL, NULL, 0, 0, 3, NULL, NULL, '2025-11-07 18:22:40'),
(2586, 339, 33, 'button_339_3', NULL, NULL, NULL, 0, 0, 3, NULL, NULL, '2025-11-07 18:22:40'),
(2587, 340, 33, 'button_340_3', NULL, NULL, NULL, 0, 0, 3, NULL, NULL, '2025-11-07 18:22:40'),
(2588, 341, 33, 'button_341_3', NULL, NULL, NULL, 0, 0, 3, NULL, NULL, '2025-11-07 18:22:40'),
(2589, 342, 33, 'button_342_3', NULL, NULL, NULL, 0, 0, 3, NULL, NULL, '2025-11-07 18:22:40'),
(2590, 343, 33, 'button_343_3', NULL, NULL, NULL, 0, 0, 3, NULL, NULL, '2025-11-07 18:22:40'),
(2591, 344, 33, 'button_344_3', NULL, NULL, NULL, 0, 0, 3, NULL, NULL, '2025-11-07 18:22:40'),
(2592, 345, 33, 'button_345_3', NULL, NULL, NULL, 0, 0, 3, NULL, NULL, '2025-11-07 18:22:40'),
(2593, 346, 33, 'button_346_3', NULL, NULL, NULL, 0, 0, 3, NULL, NULL, '2025-11-07 18:22:40'),
(2594, 347, 33, 'button_347_3', NULL, NULL, NULL, 0, 0, 3, NULL, NULL, '2025-11-07 18:22:40'),
(2595, 348, 33, 'button_348_3', NULL, NULL, NULL, 0, 0, 3, NULL, NULL, '2025-11-07 18:22:40'),
(2596, 349, 33, 'button_349_3', NULL, NULL, NULL, 0, 0, 3, NULL, NULL, '2025-11-07 18:22:40'),
(2597, 350, 33, 'button_350_3', NULL, NULL, NULL, 0, 0, 3, NULL, NULL, '2025-11-07 18:22:40'),
(2598, 351, 33, 'button_351_3', NULL, NULL, NULL, 0, 0, 3, NULL, NULL, '2025-11-07 18:22:40'),
(2599, 352, 33, 'button_352_3', NULL, NULL, NULL, 0, 0, 3, NULL, NULL, '2025-11-07 18:22:40'),
(2600, 353, 33, 'button_353_3', NULL, NULL, NULL, 0, 0, 3, NULL, NULL, '2025-11-07 18:22:40'),
(2601, 354, 33, 'button_354_3', NULL, NULL, NULL, 0, 0, 3, NULL, NULL, '2025-11-07 18:22:40'),
(2602, 355, 33, 'button_355_3', NULL, NULL, NULL, 0, 0, 3, NULL, NULL, '2025-11-07 18:22:40'),
(2603, 356, 33, 'button_356_3', NULL, NULL, NULL, 0, 0, 3, NULL, NULL, '2025-11-07 18:22:40'),
(2604, 357, 33, 'button_357_3', NULL, NULL, NULL, 0, 0, 3, NULL, NULL, '2025-11-07 18:22:40'),
(2605, 358, 33, 'button_358_3', NULL, NULL, NULL, 0, 0, 3, NULL, NULL, '2025-11-07 18:22:40'),
(2606, 359, 33, 'button_359_3', NULL, NULL, NULL, 0, 0, 3, NULL, NULL, '2025-11-07 18:22:40'),
(2607, 360, 33, 'button_360_3', NULL, NULL, NULL, 0, 0, 3, NULL, NULL, '2025-11-07 18:22:40'),
(2608, 361, 33, 'button_361_3', NULL, NULL, NULL, 0, 0, 3, NULL, NULL, '2025-11-07 18:22:40'),
(2609, 362, 33, 'button_362_3', NULL, NULL, NULL, 0, 0, 3, NULL, NULL, '2025-11-07 18:22:40'),
(2610, 363, 33, 'button_363_3', NULL, NULL, NULL, 0, 0, 3, NULL, NULL, '2025-11-07 18:22:40'),
(2611, 364, 33, 'button_364_3', NULL, NULL, NULL, 0, 0, 3, NULL, NULL, '2025-11-07 18:22:40'),
(2612, 365, 33, 'button_365_3', NULL, NULL, NULL, 0, 0, 3, NULL, NULL, '2025-11-07 18:22:40'),
(2613, 366, 33, 'button_366_3', NULL, NULL, NULL, 0, 0, 3, NULL, NULL, '2025-11-07 18:22:40'),
(2614, 367, 33, 'button_367_3', NULL, NULL, NULL, 0, 0, 3, NULL, NULL, '2025-11-07 18:22:40'),
(2615, 368, 33, 'button_368_3', NULL, NULL, NULL, 0, 0, 3, NULL, NULL, '2025-11-07 18:22:40'),
(2616, 369, 33, 'button_369_3', NULL, NULL, NULL, 0, 0, 3, NULL, NULL, '2025-11-07 18:22:40'),
(2617, 370, 33, 'button_370_3', NULL, NULL, NULL, 0, 0, 3, NULL, NULL, '2025-11-07 18:22:40'),
(2618, 371, 33, 'button_371_3', NULL, NULL, NULL, 0, 0, 3, NULL, NULL, '2025-11-07 18:22:40'),
(2619, 372, 33, 'button_372_3', NULL, NULL, NULL, 0, 0, 3, NULL, NULL, '2025-11-07 18:22:40'),
(2620, 373, 33, 'button_373_3', NULL, NULL, NULL, 0, 0, 3, NULL, NULL, '2025-11-07 18:22:40'),
(2621, 374, 33, 'button_374_3', NULL, NULL, NULL, 0, 0, 3, NULL, NULL, '2025-11-07 18:22:40'),
(2622, 375, 33, 'button_375_3', NULL, NULL, NULL, 0, 0, 3, NULL, NULL, '2025-11-07 18:22:40'),
(2623, 376, 33, 'button_376_3', NULL, NULL, NULL, 0, 0, 3, NULL, NULL, '2025-11-07 18:22:40'),
(2624, 377, 33, 'button_377_3', NULL, NULL, NULL, 0, 0, 3, NULL, NULL, '2025-11-07 18:22:40'),
(2625, 378, 33, 'button_378_3', NULL, NULL, NULL, 0, 0, 3, NULL, NULL, '2025-11-07 18:22:40'),
(2626, 379, 33, 'button_379_3', NULL, NULL, NULL, 0, 0, 3, NULL, NULL, '2025-11-07 18:22:40'),
(2627, 380, 33, 'button_380_3', NULL, NULL, NULL, 0, 0, 3, NULL, NULL, '2025-11-07 18:22:40'),
(2628, 381, 33, 'button_381_3', NULL, NULL, NULL, 0, 0, 3, NULL, NULL, '2025-11-07 18:22:40'),
(2629, 382, 33, 'button_382_3', NULL, NULL, NULL, 0, 0, 3, NULL, NULL, '2025-11-07 18:22:40'),
(2630, 383, 33, 'button_383_3', NULL, NULL, NULL, 0, 0, 3, NULL, NULL, '2025-11-07 18:22:40'),
(2631, 384, 33, 'button_384_3', NULL, NULL, NULL, 0, 0, 3, NULL, NULL, '2025-11-07 18:22:40'),
(2632, 385, 33, 'button_385_3', NULL, NULL, NULL, 0, 0, 3, NULL, NULL, '2025-11-07 18:22:40'),
(2633, 386, 33, 'button_386_3', NULL, NULL, NULL, 0, 0, 3, NULL, NULL, '2025-11-07 18:22:40'),
(2634, 387, 33, 'button_387_3', NULL, NULL, NULL, 0, 0, 3, NULL, NULL, '2025-11-07 18:22:40'),
(2635, 388, 33, 'button_388_3', NULL, NULL, NULL, 0, 0, 3, NULL, NULL, '2025-11-07 18:22:40'),
(2636, 389, 33, 'button_389_3', NULL, NULL, NULL, 0, 0, 3, NULL, NULL, '2025-11-07 18:22:40'),
(2637, 390, 33, 'button_390_3', NULL, NULL, NULL, 0, 0, 3, NULL, NULL, '2025-11-07 18:22:40'),
(2638, 391, 33, 'button_391_3', NULL, NULL, NULL, 0, 0, 3, NULL, NULL, '2025-11-07 18:22:40'),
(2639, 392, 33, 'button_392_3', NULL, NULL, NULL, 0, 0, 3, NULL, NULL, '2025-11-07 18:22:40'),
(2640, 393, 33, 'button_393_3', NULL, NULL, NULL, 0, 0, 3, NULL, NULL, '2025-11-07 18:22:40'),
(2641, 394, 33, 'button_394_3', NULL, NULL, NULL, 0, 0, 3, NULL, NULL, '2025-11-07 18:22:40'),
(2642, 395, 33, 'button_395_3', NULL, NULL, NULL, 0, 0, 3, NULL, NULL, '2025-11-07 18:22:40'),
(2643, 396, 33, 'button_396_3', NULL, NULL, NULL, 0, 0, 3, NULL, NULL, '2025-11-07 18:22:40'),
(2644, 397, 33, 'button_397_3', NULL, NULL, NULL, 0, 0, 3, NULL, NULL, '2025-11-07 18:22:40'),
(2645, 398, 33, 'button_398_3', NULL, NULL, NULL, 0, 0, 3, NULL, NULL, '2025-11-07 18:22:40'),
(2646, 399, 33, 'button_399_3', NULL, NULL, NULL, 0, 0, 3, NULL, NULL, '2025-11-07 18:22:40'),
(2647, 400, 33, 'button_400_3', NULL, NULL, NULL, 0, 0, 3, NULL, NULL, '2025-11-07 18:22:40'),
(2648, 401, 33, 'button_401_3', NULL, NULL, NULL, 0, 0, 3, NULL, NULL, '2025-11-07 18:22:40'),
(2649, 402, 33, 'button_402_3', NULL, NULL, NULL, 0, 0, 3, NULL, NULL, '2025-11-07 18:22:40'),
(2650, 403, 33, 'button_403_3', NULL, NULL, NULL, 0, 0, 3, NULL, NULL, '2025-11-07 18:22:40'),
(2651, 404, 33, 'button_404_3', NULL, NULL, NULL, 0, 0, 3, NULL, NULL, '2025-11-07 18:22:40'),
(2652, 405, 33, 'button_405_3', NULL, NULL, NULL, 0, 0, 3, NULL, NULL, '2025-11-07 18:22:40'),
(2653, 406, 33, 'button_406_3', NULL, NULL, NULL, 0, 0, 3, NULL, NULL, '2025-11-07 18:22:40'),
(2654, 407, 33, 'button_407_3', NULL, NULL, NULL, 0, 0, 3, NULL, NULL, '2025-11-07 18:22:40'),
(2655, 408, 33, 'button_408_3', NULL, NULL, NULL, 0, 0, 3, NULL, NULL, '2025-11-07 18:22:40'),
(2656, 409, 33, 'button_409_3', NULL, NULL, NULL, 0, 0, 3, NULL, NULL, '2025-11-07 18:22:40'),
(2657, 410, 33, 'button_410_3', NULL, NULL, NULL, 0, 0, 3, NULL, NULL, '2025-11-07 18:22:40'),
(2658, 411, 33, 'button_411_3', NULL, NULL, NULL, 0, 0, 3, NULL, NULL, '2025-11-07 18:22:40'),
(2659, 412, 33, 'button_412_3', NULL, NULL, NULL, 0, 0, 3, NULL, NULL, '2025-11-07 18:22:40'),
(2660, 413, 33, 'button_413_3', NULL, NULL, NULL, 0, 0, 3, NULL, NULL, '2025-11-07 18:22:40'),
(2661, 414, 33, 'button_414_3', NULL, NULL, NULL, 0, 0, 3, NULL, NULL, '2025-11-07 18:22:40'),
(2662, 415, 33, 'button_415_3', NULL, NULL, NULL, 0, 0, 3, NULL, NULL, '2025-11-07 18:22:40'),
(2663, 416, 33, 'button_416_3', NULL, NULL, NULL, 0, 0, 3, NULL, NULL, '2025-11-07 18:22:40'),
(2664, 417, 33, 'button_417_3', NULL, NULL, NULL, 0, 0, 3, NULL, NULL, '2025-11-07 18:22:40'),
(2665, 418, 33, 'button_418_3', NULL, NULL, NULL, 0, 0, 3, NULL, NULL, '2025-11-07 18:22:40'),
(2666, 419, 33, 'button_419_3', NULL, NULL, NULL, 0, 0, 3, NULL, NULL, '2025-11-07 18:22:40'),
(2667, 420, 33, 'button_420_3', NULL, NULL, NULL, 0, 0, 3, NULL, NULL, '2025-11-07 18:22:40'),
(2668, 421, 33, 'button_421_3', NULL, NULL, NULL, 0, 0, 3, NULL, NULL, '2025-11-07 18:22:40'),
(2669, 422, 33, 'button_422_3', NULL, NULL, NULL, 0, 0, 3, NULL, NULL, '2025-11-07 18:22:40'),
(2670, 423, 33, 'button_423_3', NULL, NULL, NULL, 0, 0, 3, NULL, NULL, '2025-11-07 18:22:40'),
(2671, 424, 33, 'button_424_3', NULL, NULL, NULL, 0, 0, 3, NULL, NULL, '2025-11-07 18:22:40'),
(2672, 425, 33, 'button_425_3', NULL, NULL, NULL, 0, 0, 3, NULL, NULL, '2025-11-07 18:22:40'),
(2673, 426, 33, 'button_426_3', NULL, NULL, NULL, 0, 0, 3, NULL, NULL, '2025-11-07 18:22:40'),
(2674, 427, 33, 'button_427_3', NULL, NULL, NULL, 0, 0, 3, NULL, NULL, '2025-11-07 18:22:40'),
(2675, 428, 33, 'button_428_3', NULL, NULL, NULL, 0, 0, 3, NULL, NULL, '2025-11-07 18:22:40'),
(2676, 429, 33, 'button_429_3', NULL, NULL, NULL, 0, 0, 3, NULL, NULL, '2025-11-07 18:22:40'),
(2677, 430, 33, 'button_430_3', NULL, NULL, NULL, 0, 0, 3, NULL, NULL, '2025-11-07 18:22:40'),
(2678, 431, 33, 'button_431_3', NULL, NULL, NULL, 0, 0, 3, NULL, NULL, '2025-11-07 18:22:40'),
(2679, 432, 33, 'button_432_3', NULL, NULL, NULL, 0, 0, 3, NULL, NULL, '2025-11-07 18:22:40'),
(2680, 433, 33, 'button_433_3', NULL, NULL, NULL, 0, 0, 3, NULL, NULL, '2025-11-07 18:22:40'),
(2681, 434, 33, 'button_434_3', NULL, NULL, NULL, 0, 0, 3, NULL, NULL, '2025-11-07 18:22:40'),
(2682, 435, 33, 'button_435_3', NULL, NULL, NULL, 0, 0, 3, NULL, NULL, '2025-11-07 18:22:40'),
(2683, 436, 33, 'button_436_3', NULL, NULL, NULL, 0, 0, 3, NULL, NULL, '2025-11-07 18:22:40'),
(2684, 437, 33, 'button_437_3', NULL, NULL, NULL, 0, 0, 3, NULL, NULL, '2025-11-07 18:22:40'),
(2685, 438, 33, 'button_438_3', NULL, NULL, NULL, 0, 0, 3, NULL, NULL, '2025-11-07 18:22:40'),
(2686, 439, 33, 'button_439_3', NULL, NULL, NULL, 0, 0, 3, NULL, NULL, '2025-11-07 18:22:40'),
(2687, 440, 33, 'button_440_3', NULL, NULL, NULL, 0, 0, 3, NULL, NULL, '2025-11-07 18:22:40'),
(2688, 441, 33, 'button_441_3', NULL, NULL, NULL, 0, 0, 3, NULL, NULL, '2025-11-07 18:22:40'),
(2689, 442, 33, 'button_442_3', NULL, NULL, NULL, 0, 0, 3, NULL, NULL, '2025-11-07 18:22:40'),
(2690, 443, 33, 'button_443_3', NULL, NULL, NULL, 0, 0, 3, NULL, NULL, '2025-11-07 18:22:40'),
(2691, 444, 33, 'button_444_3', NULL, NULL, NULL, 0, 0, 3, NULL, NULL, '2025-11-07 18:22:40'),
(2692, 445, 33, 'button_445_3', NULL, NULL, NULL, 0, 0, 3, NULL, NULL, '2025-11-07 18:22:40'),
(2693, 446, 33, 'button_446_3', NULL, NULL, NULL, 0, 0, 3, NULL, NULL, '2025-11-07 18:22:40'),
(2694, 447, 33, 'button_447_3', NULL, NULL, NULL, 0, 0, 3, NULL, NULL, '2025-11-07 18:22:40'),
(2695, 448, 33, 'button_448_3', NULL, NULL, NULL, 0, 0, 3, NULL, NULL, '2025-11-07 18:22:40'),
(2696, 449, 33, 'button_449_3', NULL, NULL, NULL, 0, 0, 3, NULL, NULL, '2025-11-07 18:22:40'),
(2697, 450, 33, 'button_450_3', NULL, NULL, NULL, 0, 0, 3, NULL, NULL, '2025-11-07 18:22:40'),
(2698, 451, 33, 'button_451_3', NULL, NULL, NULL, 0, 0, 3, NULL, NULL, '2025-11-07 18:22:40'),
(2699, 452, 33, 'button_452_3', NULL, NULL, NULL, 0, 0, 3, NULL, NULL, '2025-11-07 18:22:40'),
(2700, 453, 33, 'button_453_3', NULL, NULL, NULL, 0, 0, 3, NULL, NULL, '2025-11-07 18:22:40'),
(2701, 454, 33, 'button_454_3', NULL, NULL, NULL, 0, 0, 3, NULL, NULL, '2025-11-07 18:22:40'),
(2702, 455, 33, 'button_455_3', NULL, NULL, NULL, 0, 0, 3, NULL, NULL, '2025-11-07 18:22:40'),
(2703, 456, 33, 'button_456_3', NULL, NULL, NULL, 0, 0, 3, NULL, NULL, '2025-11-07 18:22:40'),
(2704, 457, 33, 'button_457_3', NULL, NULL, NULL, 0, 0, 3, NULL, NULL, '2025-11-07 18:22:40'),
(2705, 458, 33, 'button_458_3', NULL, NULL, NULL, 0, 0, 3, NULL, NULL, '2025-11-07 18:22:40'),
(2706, 459, 33, 'button_459_3', NULL, NULL, NULL, 0, 0, 3, NULL, NULL, '2025-11-07 18:22:40'),
(2707, 460, 33, 'button_460_3', NULL, NULL, NULL, 0, 0, 3, NULL, NULL, '2025-11-07 18:22:40'),
(2708, 461, 33, 'button_461_3', NULL, NULL, NULL, 0, 0, 3, NULL, NULL, '2025-11-07 18:22:40'),
(2709, 462, 33, 'button_462_3', NULL, NULL, NULL, 0, 0, 3, NULL, NULL, '2025-11-07 18:22:40'),
(2710, 463, 33, 'button_463_3', NULL, NULL, NULL, 0, 0, 3, NULL, NULL, '2025-11-07 18:22:40'),
(2711, 464, 33, 'button_464_3', NULL, NULL, NULL, 0, 0, 3, NULL, NULL, '2025-11-07 18:22:40'),
(2712, 465, 33, 'button_465_3', NULL, NULL, NULL, 0, 0, 3, NULL, NULL, '2025-11-07 18:22:40'),
(2713, 466, 33, 'button_466_3', NULL, NULL, NULL, 0, 0, 3, NULL, NULL, '2025-11-07 18:22:40'),
(2714, 467, 33, 'button_467_3', NULL, NULL, NULL, 0, 0, 3, NULL, NULL, '2025-11-07 18:22:40'),
(2715, 468, 33, 'button_468_3', NULL, NULL, NULL, 0, 0, 3, NULL, NULL, '2025-11-07 18:22:40'),
(2716, 469, 33, 'button_469_3', NULL, NULL, NULL, 0, 0, 3, NULL, NULL, '2025-11-07 18:22:40'),
(2717, 470, 33, 'button_470_3', NULL, NULL, NULL, 0, 0, 3, NULL, NULL, '2025-11-07 18:22:40'),
(2718, 471, 33, 'button_471_3', NULL, NULL, NULL, 0, 0, 3, NULL, NULL, '2025-11-07 18:22:40'),
(2719, 472, 33, 'button_472_3', NULL, NULL, NULL, 0, 0, 3, NULL, NULL, '2025-11-07 18:22:40'),
(2720, 473, 33, 'button_473_3', NULL, NULL, NULL, 0, 0, 3, NULL, NULL, '2025-11-07 18:22:40'),
(2721, 474, 33, 'button_474_3', NULL, NULL, NULL, 0, 0, 3, NULL, NULL, '2025-11-07 18:22:40'),
(2722, 475, 33, 'button_475_3', NULL, NULL, NULL, 0, 0, 3, NULL, NULL, '2025-11-07 18:22:40'),
(2723, 476, 33, 'button_476_3', NULL, NULL, NULL, 0, 0, 3, NULL, NULL, '2025-11-07 18:22:40'),
(2724, 477, 33, 'button_477_3', NULL, NULL, NULL, 0, 0, 3, NULL, NULL, '2025-11-07 18:22:40'),
(2725, 478, 33, 'button_478_3', NULL, NULL, NULL, 0, 0, 3, NULL, NULL, '2025-11-07 18:22:40'),
(2726, 479, 33, 'button_479_3', NULL, NULL, NULL, 0, 0, 3, NULL, NULL, '2025-11-07 18:22:40'),
(2727, 480, 33, 'button_480_3', NULL, NULL, NULL, 0, 0, 3, NULL, NULL, '2025-11-07 18:22:40'),
(2728, 481, 33, 'button_481_3', NULL, NULL, NULL, 0, 0, 3, NULL, NULL, '2025-11-07 18:22:40'),
(2729, 482, 33, 'button_482_3', NULL, NULL, NULL, 0, 0, 3, NULL, NULL, '2025-11-07 18:22:40'),
(2730, 483, 33, 'button_483_3', NULL, NULL, NULL, 0, 0, 3, NULL, NULL, '2025-11-07 18:22:40'),
(2731, 484, 33, 'button_484_3', NULL, NULL, NULL, 0, 0, 3, NULL, NULL, '2025-11-07 18:22:40'),
(2732, 485, 33, 'button_485_3', NULL, NULL, NULL, 0, 0, 3, NULL, NULL, '2025-11-07 18:22:40'),
(2733, 486, 33, 'button_486_3', NULL, NULL, NULL, 0, 0, 3, NULL, NULL, '2025-11-07 18:22:40'),
(2734, 487, 33, 'button_487_3', NULL, NULL, NULL, 0, 0, 3, NULL, NULL, '2025-11-07 18:22:40'),
(2735, 488, 33, 'button_488_3', NULL, NULL, NULL, 0, 0, 3, NULL, NULL, '2025-11-07 18:22:40'),
(2736, 489, 33, 'button_489_3', NULL, NULL, NULL, 0, 0, 3, NULL, NULL, '2025-11-07 18:22:40'),
(2737, 490, 33, 'button_490_3', NULL, NULL, NULL, 0, 0, 3, NULL, NULL, '2025-11-07 18:22:40'),
(2738, 491, 33, 'button_491_3', NULL, NULL, NULL, 0, 0, 3, NULL, NULL, '2025-11-07 18:22:40'),
(2739, 492, 33, 'button_492_3', NULL, NULL, NULL, 0, 0, 3, NULL, NULL, '2025-11-07 18:22:40'),
(2740, 493, 33, 'button_493_3', NULL, NULL, NULL, 0, 0, 3, NULL, NULL, '2025-11-07 18:22:40'),
(2741, 494, 33, 'button_494_3', NULL, NULL, NULL, 0, 0, 3, NULL, NULL, '2025-11-07 18:22:40'),
(2742, 495, 33, 'button_495_3', NULL, NULL, NULL, 0, 0, 3, NULL, NULL, '2025-11-07 18:22:40'),
(2743, 496, 33, 'button_496_3', NULL, NULL, NULL, 0, 0, 3, NULL, NULL, '2025-11-07 18:22:40'),
(2744, 497, 33, 'button_497_3', NULL, NULL, NULL, 0, 0, 3, NULL, NULL, '2025-11-07 18:22:40'),
(2745, 498, 33, 'button_498_3', NULL, NULL, NULL, 0, 0, 3, NULL, NULL, '2025-11-07 18:22:40'),
(2746, 499, 33, 'button_499_3', NULL, NULL, NULL, 0, 0, 3, NULL, NULL, '2025-11-07 18:22:40'),
(2747, 500, 33, 'button_500_3', NULL, NULL, NULL, 0, 0, 3, NULL, NULL, '2025-11-07 18:22:40'),
(2748, 501, 33, 'button_501_3', NULL, NULL, NULL, 0, 0, 3, NULL, NULL, '2025-11-07 18:22:40'),
(2749, 502, 33, 'button_502_3', NULL, NULL, NULL, 0, 0, 3, NULL, NULL, '2025-11-07 18:22:40'),
(2750, 503, 33, 'button_503_3', NULL, NULL, NULL, 0, 0, 3, NULL, NULL, '2025-11-07 18:22:40'),
(2751, 504, 33, 'button_504_3', NULL, NULL, NULL, 0, 0, 3, NULL, NULL, '2025-11-07 18:22:40'),
(2752, 505, 33, 'button_505_3', NULL, NULL, NULL, 0, 0, 3, NULL, NULL, '2025-11-07 18:22:40'),
(2753, 506, 33, 'button_506_3', NULL, NULL, NULL, 0, 0, 3, NULL, NULL, '2025-11-07 18:22:40'),
(2754, 507, 33, 'button_507_3', NULL, NULL, NULL, 0, 0, 3, NULL, NULL, '2025-11-07 18:22:40'),
(2755, 508, 33, 'button_508_3', NULL, NULL, NULL, 0, 0, 3, NULL, NULL, '2025-11-07 18:22:40'),
(2756, 509, 33, 'button_509_3', NULL, NULL, NULL, 0, 0, 3, NULL, NULL, '2025-11-07 18:22:40'),
(2757, 510, 33, 'button_510_3', NULL, NULL, NULL, 0, 0, 3, NULL, NULL, '2025-11-07 18:22:40'),
(2758, 511, 33, 'button_511_3', NULL, NULL, NULL, 0, 0, 3, NULL, NULL, '2025-11-07 18:22:40'),
(2759, 512, 33, 'button_512_3', NULL, NULL, NULL, 0, 0, 3, NULL, NULL, '2025-11-07 18:22:40'),
(2760, 513, 33, 'button_513_3', NULL, NULL, NULL, 0, 0, 3, NULL, NULL, '2025-11-07 18:22:40'),
(2761, 514, 33, 'button_514_3', NULL, NULL, NULL, 0, 0, 3, NULL, NULL, '2025-11-07 18:22:40'),
(2762, 515, 33, 'button_515_3', NULL, NULL, NULL, 0, 0, 3, NULL, NULL, '2025-11-07 18:22:40'),
(2763, 516, 33, 'button_516_3', NULL, NULL, NULL, 0, 0, 3, NULL, NULL, '2025-11-07 18:22:40'),
(2764, 517, 33, 'button_517_3', NULL, NULL, NULL, 0, 0, 3, NULL, NULL, '2025-11-07 18:22:40'),
(2765, 518, 33, 'button_518_3', NULL, NULL, NULL, 0, 0, 3, NULL, NULL, '2025-11-07 18:22:40'),
(2766, 519, 33, 'button_519_3', NULL, NULL, NULL, 0, 0, 3, NULL, NULL, '2025-11-07 18:22:40'),
(2767, 520, 33, 'button_520_3', NULL, NULL, NULL, 0, 0, 3, NULL, NULL, '2025-11-07 18:22:40'),
(2768, 521, 33, 'button_521_3', NULL, NULL, NULL, 0, 0, 3, NULL, NULL, '2025-11-07 18:22:40'),
(2769, 522, 33, 'button_522_3', NULL, NULL, NULL, 0, 0, 3, NULL, NULL, '2025-11-07 18:22:40'),
(2770, 523, 33, 'button_523_3', NULL, NULL, NULL, 0, 0, 3, NULL, NULL, '2025-11-07 18:22:40'),
(2771, 524, 33, 'button_524_3', NULL, NULL, NULL, 0, 0, 3, NULL, NULL, '2025-11-07 18:22:40'),
(2772, 525, 33, 'button_525_3', NULL, NULL, NULL, 0, 0, 3, NULL, NULL, '2025-11-07 18:22:40'),
(2773, 526, 33, 'button_526_3', NULL, NULL, NULL, 0, 0, 3, NULL, NULL, '2025-11-07 18:22:40'),
(2774, 527, 33, 'button_527_3', NULL, NULL, NULL, 0, 0, 3, NULL, NULL, '2025-11-07 18:22:40'),
(2775, 528, 33, 'button_528_3', NULL, NULL, NULL, 0, 0, 3, NULL, NULL, '2025-11-07 18:22:40'),
(2776, 529, 33, 'button_529_3', NULL, NULL, NULL, 0, 0, 3, NULL, NULL, '2025-11-07 18:22:40'),
(2777, 530, 33, 'button_530_3', NULL, NULL, NULL, 0, 0, 3, NULL, NULL, '2025-11-07 18:22:40'),
(2778, 531, 33, 'button_531_3', NULL, NULL, NULL, 0, 0, 3, NULL, NULL, '2025-11-07 18:22:40'),
(2779, 532, 33, 'button_532_3', NULL, NULL, NULL, 0, 0, 3, NULL, NULL, '2025-11-07 18:22:40'),
(2780, 533, 33, 'button_533_3', NULL, NULL, NULL, 0, 0, 3, NULL, NULL, '2025-11-07 18:22:40'),
(2781, 534, 33, 'button_534_3', NULL, NULL, NULL, 0, 0, 3, NULL, NULL, '2025-11-07 18:22:40'),
(2782, 535, 33, 'button_535_3', NULL, NULL, NULL, 0, 0, 3, NULL, NULL, '2025-11-07 18:22:40'),
(2783, 536, 33, 'button_536_3', NULL, NULL, NULL, 0, 0, 3, NULL, NULL, '2025-11-07 18:22:40'),
(2784, 537, 33, 'button_537_3', NULL, NULL, NULL, 0, 0, 3, NULL, NULL, '2025-11-07 18:22:40'),
(2785, 538, 33, 'button_538_3', NULL, NULL, NULL, 0, 0, 3, NULL, NULL, '2025-11-07 18:22:40'),
(2786, 539, 33, 'button_539_3', NULL, NULL, NULL, 0, 0, 3, NULL, NULL, '2025-11-07 18:22:40'),
(2787, 540, 33, 'button_540_3', NULL, NULL, NULL, 0, 0, 3, NULL, NULL, '2025-11-07 18:22:40'),
(2788, 541, 33, 'button_541_3', NULL, NULL, NULL, 0, 0, 3, NULL, NULL, '2025-11-07 18:22:40'),
(2789, 542, 33, 'button_542_3', NULL, NULL, NULL, 0, 0, 3, NULL, NULL, '2025-11-07 18:22:40'),
(2790, 543, 33, 'button_543_3', NULL, NULL, NULL, 0, 0, 3, NULL, NULL, '2025-11-07 18:22:40'),
(2791, 544, 33, 'button_544_3', NULL, NULL, NULL, 0, 0, 3, NULL, NULL, '2025-11-07 18:22:40'),
(2792, 545, 33, 'button_545_3', NULL, NULL, NULL, 0, 0, 3, NULL, NULL, '2025-11-07 18:22:40'),
(2793, 546, 33, 'button_546_3', NULL, NULL, NULL, 0, 0, 3, NULL, NULL, '2025-11-07 18:22:40'),
(2794, 547, 33, 'button_547_3', NULL, NULL, NULL, 0, 0, 3, NULL, NULL, '2025-11-07 18:22:40'),
(2795, 548, 33, 'button_548_3', NULL, NULL, NULL, 0, 0, 3, NULL, NULL, '2025-11-07 18:22:40'),
(2796, 549, 33, 'button_549_3', NULL, NULL, NULL, 0, 0, 3, NULL, NULL, '2025-11-07 18:22:40'),
(2797, 550, 33, 'button_550_3', NULL, NULL, NULL, 0, 0, 3, NULL, NULL, '2025-11-07 18:22:40'),
(2798, 551, 33, 'button_551_3', NULL, NULL, NULL, 0, 0, 3, NULL, NULL, '2025-11-07 18:22:40'),
(2799, 552, 33, 'button_552_3', NULL, NULL, NULL, 0, 0, 3, NULL, NULL, '2025-11-07 18:22:40'),
(2800, 553, 33, 'button_553_3', NULL, NULL, NULL, 0, 0, 3, NULL, NULL, '2025-11-07 18:22:40'),
(2801, 554, 33, 'button_554_3', NULL, NULL, NULL, 0, 0, 3, NULL, NULL, '2025-11-07 18:22:40'),
(2802, 555, 33, 'button_555_3', NULL, NULL, NULL, 0, 0, 3, NULL, NULL, '2025-11-07 18:22:40'),
(2803, 556, 33, 'button_556_3', NULL, NULL, NULL, 0, 0, 3, NULL, NULL, '2025-11-07 18:22:40'),
(2804, 557, 33, 'button_557_3', NULL, NULL, NULL, 0, 0, 3, NULL, NULL, '2025-11-07 18:22:40'),
(2805, 558, 33, 'button_558_3', NULL, NULL, NULL, 0, 0, 3, NULL, NULL, '2025-11-07 18:22:40'),
(2806, 559, 33, 'button_559_3', NULL, NULL, NULL, 0, 0, 3, NULL, NULL, '2025-11-07 18:22:40'),
(2807, 560, 33, 'button_560_3', NULL, NULL, NULL, 0, 0, 3, NULL, NULL, '2025-11-07 18:22:40'),
(2808, 561, 33, 'button_561_3', NULL, NULL, NULL, 0, 0, 3, NULL, NULL, '2025-11-07 18:22:40'),
(2809, 562, 33, 'button_562_3', NULL, NULL, NULL, 0, 0, 3, NULL, NULL, '2025-11-07 18:22:40'),
(2810, 563, 33, 'button_563_3', NULL, NULL, NULL, 0, 0, 3, NULL, NULL, '2025-11-07 18:22:40'),
(2811, 564, 33, 'button_564_3', NULL, NULL, NULL, 0, 0, 3, NULL, NULL, '2025-11-07 18:22:40'),
(2812, 565, 33, 'button_565_3', NULL, NULL, NULL, 0, 0, 3, NULL, NULL, '2025-11-07 18:22:40'),
(2813, 566, 33, 'button_566_3', NULL, NULL, NULL, 0, 0, 3, NULL, NULL, '2025-11-07 18:22:40'),
(2814, 567, 33, 'button_567_3', NULL, NULL, NULL, 0, 0, 3, NULL, NULL, '2025-11-07 18:22:40'),
(2815, 568, 33, 'button_568_3', NULL, NULL, NULL, 0, 0, 3, NULL, NULL, '2025-11-07 18:22:40'),
(2816, 569, 33, 'button_569_3', NULL, NULL, NULL, 0, 0, 3, NULL, NULL, '2025-11-07 18:22:40'),
(2817, 570, 33, 'button_570_3', NULL, NULL, NULL, 0, 0, 3, NULL, NULL, '2025-11-07 18:22:40'),
(2818, 571, 33, 'button_571_3', NULL, NULL, NULL, 0, 0, 3, NULL, NULL, '2025-11-07 18:22:40'),
(2819, 572, 33, 'button_572_3', NULL, NULL, NULL, 0, 0, 3, NULL, NULL, '2025-11-07 18:22:40'),
(2820, 301, 1, 'text_field_301_4', NULL, NULL, NULL, 0, 0, 4, NULL, NULL, '2025-11-07 18:22:40'),
(2821, 302, 1, 'text_field_302_4', NULL, NULL, NULL, 0, 0, 4, NULL, NULL, '2025-11-07 18:22:40'),
(2822, 303, 1, 'text_field_303_4', NULL, NULL, NULL, 0, 0, 4, NULL, NULL, '2025-11-07 18:22:40'),
(2823, 304, 1, 'text_field_304_4', NULL, NULL, NULL, 0, 0, 4, NULL, NULL, '2025-11-07 18:22:40'),
(2824, 305, 1, 'text_field_305_4', NULL, NULL, NULL, 0, 0, 4, NULL, NULL, '2025-11-07 18:22:40'),
(2825, 306, 1, 'text_field_306_4', NULL, NULL, NULL, 0, 0, 4, NULL, NULL, '2025-11-07 18:22:40'),
(2826, 307, 1, 'text_field_307_4', NULL, NULL, NULL, 0, 0, 4, NULL, NULL, '2025-11-07 18:22:40'),
(2827, 308, 1, 'text_field_308_4', NULL, NULL, NULL, 0, 0, 4, NULL, NULL, '2025-11-07 18:22:40'),
(2828, 309, 1, 'text_field_309_4', NULL, NULL, NULL, 0, 0, 4, NULL, NULL, '2025-11-07 18:22:40'),
(2829, 310, 1, 'text_field_310_4', NULL, NULL, NULL, 0, 0, 4, NULL, NULL, '2025-11-07 18:22:40'),
(2830, 311, 1, 'text_field_311_4', NULL, NULL, NULL, 0, 0, 4, NULL, NULL, '2025-11-07 18:22:40'),
(2831, 312, 1, 'text_field_312_4', NULL, NULL, NULL, 0, 0, 4, NULL, NULL, '2025-11-07 18:22:40'),
(2832, 313, 1, 'text_field_313_4', NULL, NULL, NULL, 0, 0, 4, NULL, NULL, '2025-11-07 18:22:40'),
(2833, 314, 1, 'text_field_314_4', NULL, NULL, NULL, 0, 0, 4, NULL, NULL, '2025-11-07 18:22:40'),
(2834, 315, 1, 'text_field_315_4', NULL, NULL, NULL, 0, 0, 4, NULL, NULL, '2025-11-07 18:22:40'),
(2835, 316, 1, 'text_field_316_4', NULL, NULL, NULL, 0, 0, 4, NULL, NULL, '2025-11-07 18:22:40'),
(2836, 317, 1, 'text_field_317_4', NULL, NULL, NULL, 0, 0, 4, NULL, NULL, '2025-11-07 18:22:40'),
(2837, 318, 1, 'text_field_318_4', NULL, NULL, NULL, 0, 0, 4, NULL, NULL, '2025-11-07 18:22:40'),
(2838, 319, 1, 'text_field_319_4', NULL, NULL, NULL, 0, 0, 4, NULL, NULL, '2025-11-07 18:22:40'),
(2839, 320, 1, 'text_field_320_4', NULL, NULL, NULL, 0, 0, 4, NULL, NULL, '2025-11-07 18:22:40'),
(2840, 321, 1, 'text_field_321_4', NULL, NULL, NULL, 0, 0, 4, NULL, NULL, '2025-11-07 18:22:40'),
(2841, 322, 1, 'text_field_322_4', NULL, NULL, NULL, 0, 0, 4, NULL, NULL, '2025-11-07 18:22:40');
INSERT INTO `app_template_screen_elements` (`id`, `template_screen_id`, `element_id`, `field_key`, `label`, `placeholder`, `default_value`, `is_required`, `is_readonly`, `display_order`, `config`, `validation_rules`, `created_at`) VALUES
(2842, 323, 1, 'text_field_323_4', NULL, NULL, NULL, 0, 0, 4, NULL, NULL, '2025-11-07 18:22:40'),
(2843, 324, 1, 'text_field_324_4', NULL, NULL, NULL, 0, 0, 4, NULL, NULL, '2025-11-07 18:22:40'),
(2844, 325, 1, 'text_field_325_4', NULL, NULL, NULL, 0, 0, 4, NULL, NULL, '2025-11-07 18:22:40'),
(2845, 326, 1, 'text_field_326_4', NULL, NULL, NULL, 0, 0, 4, NULL, NULL, '2025-11-07 18:22:40'),
(2846, 327, 1, 'text_field_327_4', NULL, NULL, NULL, 0, 0, 4, NULL, NULL, '2025-11-07 18:22:40'),
(2847, 328, 1, 'text_field_328_4', NULL, NULL, NULL, 0, 0, 4, NULL, NULL, '2025-11-07 18:22:40'),
(2848, 329, 1, 'text_field_329_4', NULL, NULL, NULL, 0, 0, 4, NULL, NULL, '2025-11-07 18:22:40'),
(2849, 330, 1, 'text_field_330_4', NULL, NULL, NULL, 0, 0, 4, NULL, NULL, '2025-11-07 18:22:40'),
(2850, 331, 1, 'text_field_331_4', NULL, NULL, NULL, 0, 0, 4, NULL, NULL, '2025-11-07 18:22:40'),
(2851, 332, 1, 'text_field_332_4', NULL, NULL, NULL, 0, 0, 4, NULL, NULL, '2025-11-07 18:22:40'),
(2852, 333, 1, 'text_field_333_4', NULL, NULL, NULL, 0, 0, 4, NULL, NULL, '2025-11-07 18:22:40'),
(2853, 334, 1, 'text_field_334_4', NULL, NULL, NULL, 0, 0, 4, NULL, NULL, '2025-11-07 18:22:40'),
(2854, 335, 1, 'text_field_335_4', NULL, NULL, NULL, 0, 0, 4, NULL, NULL, '2025-11-07 18:22:40'),
(2855, 336, 1, 'text_field_336_4', NULL, NULL, NULL, 0, 0, 4, NULL, NULL, '2025-11-07 18:22:40'),
(2856, 337, 1, 'text_field_337_4', NULL, NULL, NULL, 0, 0, 4, NULL, NULL, '2025-11-07 18:22:40'),
(2857, 338, 1, 'text_field_338_4', NULL, NULL, NULL, 0, 0, 4, NULL, NULL, '2025-11-07 18:22:40'),
(2858, 339, 1, 'text_field_339_4', NULL, NULL, NULL, 0, 0, 4, NULL, NULL, '2025-11-07 18:22:40'),
(2859, 340, 1, 'text_field_340_4', NULL, NULL, NULL, 0, 0, 4, NULL, NULL, '2025-11-07 18:22:40'),
(2860, 341, 1, 'text_field_341_4', NULL, NULL, NULL, 0, 0, 4, NULL, NULL, '2025-11-07 18:22:40'),
(2861, 342, 1, 'text_field_342_4', NULL, NULL, NULL, 0, 0, 4, NULL, NULL, '2025-11-07 18:22:40'),
(2862, 343, 1, 'text_field_343_4', NULL, NULL, NULL, 0, 0, 4, NULL, NULL, '2025-11-07 18:22:40'),
(2863, 344, 1, 'text_field_344_4', NULL, NULL, NULL, 0, 0, 4, NULL, NULL, '2025-11-07 18:22:40'),
(2864, 345, 1, 'text_field_345_4', NULL, NULL, NULL, 0, 0, 4, NULL, NULL, '2025-11-07 18:22:40'),
(2865, 346, 1, 'text_field_346_4', NULL, NULL, NULL, 0, 0, 4, NULL, NULL, '2025-11-07 18:22:40'),
(2866, 347, 1, 'text_field_347_4', NULL, NULL, NULL, 0, 0, 4, NULL, NULL, '2025-11-07 18:22:40'),
(2867, 348, 1, 'text_field_348_4', NULL, NULL, NULL, 0, 0, 4, NULL, NULL, '2025-11-07 18:22:40'),
(2868, 349, 1, 'text_field_349_4', NULL, NULL, NULL, 0, 0, 4, NULL, NULL, '2025-11-07 18:22:40'),
(2869, 350, 1, 'text_field_350_4', NULL, NULL, NULL, 0, 0, 4, NULL, NULL, '2025-11-07 18:22:40'),
(2870, 351, 1, 'text_field_351_4', NULL, NULL, NULL, 0, 0, 4, NULL, NULL, '2025-11-07 18:22:40'),
(2871, 352, 1, 'text_field_352_4', NULL, NULL, NULL, 0, 0, 4, NULL, NULL, '2025-11-07 18:22:40'),
(2872, 353, 1, 'text_field_353_4', NULL, NULL, NULL, 0, 0, 4, NULL, NULL, '2025-11-07 18:22:40'),
(2873, 354, 1, 'text_field_354_4', NULL, NULL, NULL, 0, 0, 4, NULL, NULL, '2025-11-07 18:22:40'),
(2874, 355, 1, 'text_field_355_4', NULL, NULL, NULL, 0, 0, 4, NULL, NULL, '2025-11-07 18:22:40'),
(2875, 356, 1, 'text_field_356_4', NULL, NULL, NULL, 0, 0, 4, NULL, NULL, '2025-11-07 18:22:40'),
(2876, 357, 1, 'text_field_357_4', NULL, NULL, NULL, 0, 0, 4, NULL, NULL, '2025-11-07 18:22:40'),
(2877, 358, 1, 'text_field_358_4', NULL, NULL, NULL, 0, 0, 4, NULL, NULL, '2025-11-07 18:22:40'),
(2878, 359, 1, 'text_field_359_4', NULL, NULL, NULL, 0, 0, 4, NULL, NULL, '2025-11-07 18:22:40'),
(2879, 360, 1, 'text_field_360_4', NULL, NULL, NULL, 0, 0, 4, NULL, NULL, '2025-11-07 18:22:40'),
(2880, 361, 1, 'text_field_361_4', NULL, NULL, NULL, 0, 0, 4, NULL, NULL, '2025-11-07 18:22:40'),
(2881, 362, 1, 'text_field_362_4', NULL, NULL, NULL, 0, 0, 4, NULL, NULL, '2025-11-07 18:22:40'),
(2882, 363, 1, 'text_field_363_4', NULL, NULL, NULL, 0, 0, 4, NULL, NULL, '2025-11-07 18:22:40'),
(2883, 364, 1, 'text_field_364_4', NULL, NULL, NULL, 0, 0, 4, NULL, NULL, '2025-11-07 18:22:40'),
(2884, 365, 1, 'text_field_365_4', NULL, NULL, NULL, 0, 0, 4, NULL, NULL, '2025-11-07 18:22:40'),
(2885, 366, 1, 'text_field_366_4', NULL, NULL, NULL, 0, 0, 4, NULL, NULL, '2025-11-07 18:22:40'),
(2886, 367, 1, 'text_field_367_4', NULL, NULL, NULL, 0, 0, 4, NULL, NULL, '2025-11-07 18:22:40'),
(2887, 368, 1, 'text_field_368_4', NULL, NULL, NULL, 0, 0, 4, NULL, NULL, '2025-11-07 18:22:40'),
(2888, 369, 1, 'text_field_369_4', NULL, NULL, NULL, 0, 0, 4, NULL, NULL, '2025-11-07 18:22:40'),
(2889, 370, 1, 'text_field_370_4', NULL, NULL, NULL, 0, 0, 4, NULL, NULL, '2025-11-07 18:22:40'),
(2890, 371, 1, 'text_field_371_4', NULL, NULL, NULL, 0, 0, 4, NULL, NULL, '2025-11-07 18:22:40'),
(2891, 372, 1, 'text_field_372_4', NULL, NULL, NULL, 0, 0, 4, NULL, NULL, '2025-11-07 18:22:40'),
(2892, 373, 1, 'text_field_373_4', NULL, NULL, NULL, 0, 0, 4, NULL, NULL, '2025-11-07 18:22:40'),
(2893, 374, 1, 'text_field_374_4', NULL, NULL, NULL, 0, 0, 4, NULL, NULL, '2025-11-07 18:22:40'),
(2894, 375, 1, 'text_field_375_4', NULL, NULL, NULL, 0, 0, 4, NULL, NULL, '2025-11-07 18:22:40'),
(2895, 376, 1, 'text_field_376_4', NULL, NULL, NULL, 0, 0, 4, NULL, NULL, '2025-11-07 18:22:40'),
(2896, 377, 1, 'text_field_377_4', NULL, NULL, NULL, 0, 0, 4, NULL, NULL, '2025-11-07 18:22:40'),
(2897, 378, 1, 'text_field_378_4', NULL, NULL, NULL, 0, 0, 4, NULL, NULL, '2025-11-07 18:22:40'),
(2898, 379, 1, 'text_field_379_4', NULL, NULL, NULL, 0, 0, 4, NULL, NULL, '2025-11-07 18:22:40'),
(2899, 380, 1, 'text_field_380_4', NULL, NULL, NULL, 0, 0, 4, NULL, NULL, '2025-11-07 18:22:40'),
(2900, 381, 1, 'text_field_381_4', NULL, NULL, NULL, 0, 0, 4, NULL, NULL, '2025-11-07 18:22:40'),
(2901, 382, 1, 'text_field_382_4', NULL, NULL, NULL, 0, 0, 4, NULL, NULL, '2025-11-07 18:22:40'),
(2902, 383, 1, 'text_field_383_4', NULL, NULL, NULL, 0, 0, 4, NULL, NULL, '2025-11-07 18:22:40'),
(2903, 384, 1, 'text_field_384_4', NULL, NULL, NULL, 0, 0, 4, NULL, NULL, '2025-11-07 18:22:40'),
(2904, 385, 1, 'text_field_385_4', NULL, NULL, NULL, 0, 0, 4, NULL, NULL, '2025-11-07 18:22:40'),
(2905, 386, 1, 'text_field_386_4', NULL, NULL, NULL, 0, 0, 4, NULL, NULL, '2025-11-07 18:22:40'),
(2906, 387, 1, 'text_field_387_4', NULL, NULL, NULL, 0, 0, 4, NULL, NULL, '2025-11-07 18:22:40'),
(2907, 388, 1, 'text_field_388_4', NULL, NULL, NULL, 0, 0, 4, NULL, NULL, '2025-11-07 18:22:40'),
(2908, 389, 1, 'text_field_389_4', NULL, NULL, NULL, 0, 0, 4, NULL, NULL, '2025-11-07 18:22:40'),
(2909, 390, 1, 'text_field_390_4', NULL, NULL, NULL, 0, 0, 4, NULL, NULL, '2025-11-07 18:22:40'),
(2910, 391, 1, 'text_field_391_4', NULL, NULL, NULL, 0, 0, 4, NULL, NULL, '2025-11-07 18:22:40'),
(2911, 392, 1, 'text_field_392_4', NULL, NULL, NULL, 0, 0, 4, NULL, NULL, '2025-11-07 18:22:40'),
(2912, 393, 1, 'text_field_393_4', NULL, NULL, NULL, 0, 0, 4, NULL, NULL, '2025-11-07 18:22:40'),
(2913, 394, 1, 'text_field_394_4', NULL, NULL, NULL, 0, 0, 4, NULL, NULL, '2025-11-07 18:22:40'),
(2914, 395, 1, 'text_field_395_4', NULL, NULL, NULL, 0, 0, 4, NULL, NULL, '2025-11-07 18:22:40'),
(2915, 396, 1, 'text_field_396_4', NULL, NULL, NULL, 0, 0, 4, NULL, NULL, '2025-11-07 18:22:40'),
(2916, 397, 1, 'text_field_397_4', NULL, NULL, NULL, 0, 0, 4, NULL, NULL, '2025-11-07 18:22:40'),
(2917, 398, 1, 'text_field_398_4', NULL, NULL, NULL, 0, 0, 4, NULL, NULL, '2025-11-07 18:22:40'),
(2918, 399, 1, 'text_field_399_4', NULL, NULL, NULL, 0, 0, 4, NULL, NULL, '2025-11-07 18:22:40'),
(2919, 400, 1, 'text_field_400_4', NULL, NULL, NULL, 0, 0, 4, NULL, NULL, '2025-11-07 18:22:40'),
(2920, 401, 1, 'text_field_401_4', NULL, NULL, NULL, 0, 0, 4, NULL, NULL, '2025-11-07 18:22:40'),
(2921, 402, 1, 'text_field_402_4', NULL, NULL, NULL, 0, 0, 4, NULL, NULL, '2025-11-07 18:22:40'),
(2922, 403, 1, 'text_field_403_4', NULL, NULL, NULL, 0, 0, 4, NULL, NULL, '2025-11-07 18:22:40'),
(2923, 404, 1, 'text_field_404_4', NULL, NULL, NULL, 0, 0, 4, NULL, NULL, '2025-11-07 18:22:40'),
(2924, 405, 1, 'text_field_405_4', NULL, NULL, NULL, 0, 0, 4, NULL, NULL, '2025-11-07 18:22:40'),
(2925, 406, 1, 'text_field_406_4', NULL, NULL, NULL, 0, 0, 4, NULL, NULL, '2025-11-07 18:22:40'),
(2926, 407, 1, 'text_field_407_4', NULL, NULL, NULL, 0, 0, 4, NULL, NULL, '2025-11-07 18:22:40'),
(2927, 408, 1, 'text_field_408_4', NULL, NULL, NULL, 0, 0, 4, NULL, NULL, '2025-11-07 18:22:40'),
(2928, 409, 1, 'text_field_409_4', NULL, NULL, NULL, 0, 0, 4, NULL, NULL, '2025-11-07 18:22:40'),
(2929, 410, 1, 'text_field_410_4', NULL, NULL, NULL, 0, 0, 4, NULL, NULL, '2025-11-07 18:22:40'),
(2930, 411, 1, 'text_field_411_4', NULL, NULL, NULL, 0, 0, 4, NULL, NULL, '2025-11-07 18:22:40'),
(2931, 412, 1, 'text_field_412_4', NULL, NULL, NULL, 0, 0, 4, NULL, NULL, '2025-11-07 18:22:40'),
(2932, 413, 1, 'text_field_413_4', NULL, NULL, NULL, 0, 0, 4, NULL, NULL, '2025-11-07 18:22:40'),
(2933, 414, 1, 'text_field_414_4', NULL, NULL, NULL, 0, 0, 4, NULL, NULL, '2025-11-07 18:22:40'),
(2934, 415, 1, 'text_field_415_4', NULL, NULL, NULL, 0, 0, 4, NULL, NULL, '2025-11-07 18:22:40'),
(2935, 416, 1, 'text_field_416_4', NULL, NULL, NULL, 0, 0, 4, NULL, NULL, '2025-11-07 18:22:40'),
(2936, 417, 1, 'text_field_417_4', NULL, NULL, NULL, 0, 0, 4, NULL, NULL, '2025-11-07 18:22:40'),
(2937, 418, 1, 'text_field_418_4', NULL, NULL, NULL, 0, 0, 4, NULL, NULL, '2025-11-07 18:22:40'),
(2938, 419, 1, 'text_field_419_4', NULL, NULL, NULL, 0, 0, 4, NULL, NULL, '2025-11-07 18:22:40'),
(2939, 420, 1, 'text_field_420_4', NULL, NULL, NULL, 0, 0, 4, NULL, NULL, '2025-11-07 18:22:40'),
(2940, 421, 1, 'text_field_421_4', NULL, NULL, NULL, 0, 0, 4, NULL, NULL, '2025-11-07 18:22:40'),
(2941, 422, 1, 'text_field_422_4', NULL, NULL, NULL, 0, 0, 4, NULL, NULL, '2025-11-07 18:22:40'),
(2942, 423, 1, 'text_field_423_4', NULL, NULL, NULL, 0, 0, 4, NULL, NULL, '2025-11-07 18:22:40'),
(2943, 424, 1, 'text_field_424_4', NULL, NULL, NULL, 0, 0, 4, NULL, NULL, '2025-11-07 18:22:40'),
(2944, 425, 1, 'text_field_425_4', NULL, NULL, NULL, 0, 0, 4, NULL, NULL, '2025-11-07 18:22:40'),
(2945, 426, 1, 'text_field_426_4', NULL, NULL, NULL, 0, 0, 4, NULL, NULL, '2025-11-07 18:22:40'),
(2946, 427, 1, 'text_field_427_4', NULL, NULL, NULL, 0, 0, 4, NULL, NULL, '2025-11-07 18:22:40'),
(2947, 428, 1, 'text_field_428_4', NULL, NULL, NULL, 0, 0, 4, NULL, NULL, '2025-11-07 18:22:40'),
(2948, 429, 1, 'text_field_429_4', NULL, NULL, NULL, 0, 0, 4, NULL, NULL, '2025-11-07 18:22:40'),
(2949, 430, 1, 'text_field_430_4', NULL, NULL, NULL, 0, 0, 4, NULL, NULL, '2025-11-07 18:22:40'),
(2950, 431, 1, 'text_field_431_4', NULL, NULL, NULL, 0, 0, 4, NULL, NULL, '2025-11-07 18:22:40'),
(2951, 432, 1, 'text_field_432_4', NULL, NULL, NULL, 0, 0, 4, NULL, NULL, '2025-11-07 18:22:40'),
(2952, 433, 1, 'text_field_433_4', NULL, NULL, NULL, 0, 0, 4, NULL, NULL, '2025-11-07 18:22:40'),
(2953, 434, 1, 'text_field_434_4', NULL, NULL, NULL, 0, 0, 4, NULL, NULL, '2025-11-07 18:22:40'),
(2954, 435, 1, 'text_field_435_4', NULL, NULL, NULL, 0, 0, 4, NULL, NULL, '2025-11-07 18:22:40'),
(2955, 436, 1, 'text_field_436_4', NULL, NULL, NULL, 0, 0, 4, NULL, NULL, '2025-11-07 18:22:40'),
(2956, 437, 1, 'text_field_437_4', NULL, NULL, NULL, 0, 0, 4, NULL, NULL, '2025-11-07 18:22:40'),
(2957, 438, 1, 'text_field_438_4', NULL, NULL, NULL, 0, 0, 4, NULL, NULL, '2025-11-07 18:22:40'),
(2958, 439, 1, 'text_field_439_4', NULL, NULL, NULL, 0, 0, 4, NULL, NULL, '2025-11-07 18:22:40'),
(2959, 440, 1, 'text_field_440_4', NULL, NULL, NULL, 0, 0, 4, NULL, NULL, '2025-11-07 18:22:40'),
(2960, 441, 1, 'text_field_441_4', NULL, NULL, NULL, 0, 0, 4, NULL, NULL, '2025-11-07 18:22:40'),
(2961, 442, 1, 'text_field_442_4', NULL, NULL, NULL, 0, 0, 4, NULL, NULL, '2025-11-07 18:22:40'),
(2962, 443, 1, 'text_field_443_4', NULL, NULL, NULL, 0, 0, 4, NULL, NULL, '2025-11-07 18:22:40'),
(2963, 444, 1, 'text_field_444_4', NULL, NULL, NULL, 0, 0, 4, NULL, NULL, '2025-11-07 18:22:40'),
(2964, 445, 1, 'text_field_445_4', NULL, NULL, NULL, 0, 0, 4, NULL, NULL, '2025-11-07 18:22:40'),
(2965, 446, 1, 'text_field_446_4', NULL, NULL, NULL, 0, 0, 4, NULL, NULL, '2025-11-07 18:22:40'),
(2966, 447, 1, 'text_field_447_4', NULL, NULL, NULL, 0, 0, 4, NULL, NULL, '2025-11-07 18:22:40'),
(2967, 448, 1, 'text_field_448_4', NULL, NULL, NULL, 0, 0, 4, NULL, NULL, '2025-11-07 18:22:40'),
(2968, 449, 1, 'text_field_449_4', NULL, NULL, NULL, 0, 0, 4, NULL, NULL, '2025-11-07 18:22:40'),
(2969, 450, 1, 'text_field_450_4', NULL, NULL, NULL, 0, 0, 4, NULL, NULL, '2025-11-07 18:22:40'),
(2970, 451, 1, 'text_field_451_4', NULL, NULL, NULL, 0, 0, 4, NULL, NULL, '2025-11-07 18:22:40'),
(2971, 452, 1, 'text_field_452_4', NULL, NULL, NULL, 0, 0, 4, NULL, NULL, '2025-11-07 18:22:40'),
(2972, 453, 1, 'text_field_453_4', NULL, NULL, NULL, 0, 0, 4, NULL, NULL, '2025-11-07 18:22:40'),
(2973, 454, 1, 'text_field_454_4', NULL, NULL, NULL, 0, 0, 4, NULL, NULL, '2025-11-07 18:22:40'),
(2974, 455, 1, 'text_field_455_4', NULL, NULL, NULL, 0, 0, 4, NULL, NULL, '2025-11-07 18:22:40'),
(2975, 456, 1, 'text_field_456_4', NULL, NULL, NULL, 0, 0, 4, NULL, NULL, '2025-11-07 18:22:40'),
(2976, 457, 1, 'text_field_457_4', NULL, NULL, NULL, 0, 0, 4, NULL, NULL, '2025-11-07 18:22:40'),
(2977, 458, 1, 'text_field_458_4', NULL, NULL, NULL, 0, 0, 4, NULL, NULL, '2025-11-07 18:22:40'),
(2978, 459, 1, 'text_field_459_4', NULL, NULL, NULL, 0, 0, 4, NULL, NULL, '2025-11-07 18:22:40'),
(2979, 460, 1, 'text_field_460_4', NULL, NULL, NULL, 0, 0, 4, NULL, NULL, '2025-11-07 18:22:40'),
(2980, 461, 1, 'text_field_461_4', NULL, NULL, NULL, 0, 0, 4, NULL, NULL, '2025-11-07 18:22:40'),
(2981, 462, 1, 'text_field_462_4', NULL, NULL, NULL, 0, 0, 4, NULL, NULL, '2025-11-07 18:22:40'),
(2982, 463, 1, 'text_field_463_4', NULL, NULL, NULL, 0, 0, 4, NULL, NULL, '2025-11-07 18:22:40'),
(2983, 464, 1, 'text_field_464_4', NULL, NULL, NULL, 0, 0, 4, NULL, NULL, '2025-11-07 18:22:40'),
(2984, 465, 1, 'text_field_465_4', NULL, NULL, NULL, 0, 0, 4, NULL, NULL, '2025-11-07 18:22:40'),
(2985, 466, 1, 'text_field_466_4', NULL, NULL, NULL, 0, 0, 4, NULL, NULL, '2025-11-07 18:22:40'),
(2986, 467, 1, 'text_field_467_4', NULL, NULL, NULL, 0, 0, 4, NULL, NULL, '2025-11-07 18:22:40'),
(2987, 468, 1, 'text_field_468_4', NULL, NULL, NULL, 0, 0, 4, NULL, NULL, '2025-11-07 18:22:40'),
(2988, 469, 1, 'text_field_469_4', NULL, NULL, NULL, 0, 0, 4, NULL, NULL, '2025-11-07 18:22:40'),
(2989, 470, 1, 'text_field_470_4', NULL, NULL, NULL, 0, 0, 4, NULL, NULL, '2025-11-07 18:22:40'),
(2990, 471, 1, 'text_field_471_4', NULL, NULL, NULL, 0, 0, 4, NULL, NULL, '2025-11-07 18:22:40'),
(2991, 472, 1, 'text_field_472_4', NULL, NULL, NULL, 0, 0, 4, NULL, NULL, '2025-11-07 18:22:40'),
(2992, 473, 1, 'text_field_473_4', NULL, NULL, NULL, 0, 0, 4, NULL, NULL, '2025-11-07 18:22:40'),
(2993, 474, 1, 'text_field_474_4', NULL, NULL, NULL, 0, 0, 4, NULL, NULL, '2025-11-07 18:22:40'),
(2994, 475, 1, 'text_field_475_4', NULL, NULL, NULL, 0, 0, 4, NULL, NULL, '2025-11-07 18:22:40'),
(2995, 476, 1, 'text_field_476_4', NULL, NULL, NULL, 0, 0, 4, NULL, NULL, '2025-11-07 18:22:40'),
(2996, 477, 1, 'text_field_477_4', NULL, NULL, NULL, 0, 0, 4, NULL, NULL, '2025-11-07 18:22:40'),
(2997, 478, 1, 'text_field_478_4', NULL, NULL, NULL, 0, 0, 4, NULL, NULL, '2025-11-07 18:22:40'),
(2998, 479, 1, 'text_field_479_4', NULL, NULL, NULL, 0, 0, 4, NULL, NULL, '2025-11-07 18:22:40'),
(2999, 480, 1, 'text_field_480_4', NULL, NULL, NULL, 0, 0, 4, NULL, NULL, '2025-11-07 18:22:40'),
(3000, 481, 1, 'text_field_481_4', NULL, NULL, NULL, 0, 0, 4, NULL, NULL, '2025-11-07 18:22:40'),
(3001, 482, 1, 'text_field_482_4', NULL, NULL, NULL, 0, 0, 4, NULL, NULL, '2025-11-07 18:22:40'),
(3002, 483, 1, 'text_field_483_4', NULL, NULL, NULL, 0, 0, 4, NULL, NULL, '2025-11-07 18:22:40'),
(3003, 484, 1, 'text_field_484_4', NULL, NULL, NULL, 0, 0, 4, NULL, NULL, '2025-11-07 18:22:40'),
(3004, 485, 1, 'text_field_485_4', NULL, NULL, NULL, 0, 0, 4, NULL, NULL, '2025-11-07 18:22:40'),
(3005, 486, 1, 'text_field_486_4', NULL, NULL, NULL, 0, 0, 4, NULL, NULL, '2025-11-07 18:22:40'),
(3006, 487, 1, 'text_field_487_4', NULL, NULL, NULL, 0, 0, 4, NULL, NULL, '2025-11-07 18:22:40'),
(3007, 488, 1, 'text_field_488_4', NULL, NULL, NULL, 0, 0, 4, NULL, NULL, '2025-11-07 18:22:40'),
(3008, 489, 1, 'text_field_489_4', NULL, NULL, NULL, 0, 0, 4, NULL, NULL, '2025-11-07 18:22:40'),
(3009, 490, 1, 'text_field_490_4', NULL, NULL, NULL, 0, 0, 4, NULL, NULL, '2025-11-07 18:22:40'),
(3010, 491, 1, 'text_field_491_4', NULL, NULL, NULL, 0, 0, 4, NULL, NULL, '2025-11-07 18:22:40'),
(3011, 492, 1, 'text_field_492_4', NULL, NULL, NULL, 0, 0, 4, NULL, NULL, '2025-11-07 18:22:40'),
(3012, 493, 1, 'text_field_493_4', NULL, NULL, NULL, 0, 0, 4, NULL, NULL, '2025-11-07 18:22:40'),
(3013, 494, 1, 'text_field_494_4', NULL, NULL, NULL, 0, 0, 4, NULL, NULL, '2025-11-07 18:22:40'),
(3014, 495, 1, 'text_field_495_4', NULL, NULL, NULL, 0, 0, 4, NULL, NULL, '2025-11-07 18:22:40'),
(3015, 496, 1, 'text_field_496_4', NULL, NULL, NULL, 0, 0, 4, NULL, NULL, '2025-11-07 18:22:40'),
(3016, 497, 1, 'text_field_497_4', NULL, NULL, NULL, 0, 0, 4, NULL, NULL, '2025-11-07 18:22:40'),
(3017, 498, 1, 'text_field_498_4', NULL, NULL, NULL, 0, 0, 4, NULL, NULL, '2025-11-07 18:22:40'),
(3018, 499, 1, 'text_field_499_4', NULL, NULL, NULL, 0, 0, 4, NULL, NULL, '2025-11-07 18:22:40'),
(3019, 500, 1, 'text_field_500_4', NULL, NULL, NULL, 0, 0, 4, NULL, NULL, '2025-11-07 18:22:40'),
(3020, 501, 1, 'text_field_501_4', NULL, NULL, NULL, 0, 0, 4, NULL, NULL, '2025-11-07 18:22:40'),
(3021, 502, 1, 'text_field_502_4', NULL, NULL, NULL, 0, 0, 4, NULL, NULL, '2025-11-07 18:22:40'),
(3022, 503, 1, 'text_field_503_4', NULL, NULL, NULL, 0, 0, 4, NULL, NULL, '2025-11-07 18:22:40'),
(3023, 504, 1, 'text_field_504_4', NULL, NULL, NULL, 0, 0, 4, NULL, NULL, '2025-11-07 18:22:40'),
(3024, 505, 1, 'text_field_505_4', NULL, NULL, NULL, 0, 0, 4, NULL, NULL, '2025-11-07 18:22:40'),
(3025, 506, 1, 'text_field_506_4', NULL, NULL, NULL, 0, 0, 4, NULL, NULL, '2025-11-07 18:22:40'),
(3026, 507, 1, 'text_field_507_4', NULL, NULL, NULL, 0, 0, 4, NULL, NULL, '2025-11-07 18:22:40'),
(3027, 508, 1, 'text_field_508_4', NULL, NULL, NULL, 0, 0, 4, NULL, NULL, '2025-11-07 18:22:40'),
(3028, 509, 1, 'text_field_509_4', NULL, NULL, NULL, 0, 0, 4, NULL, NULL, '2025-11-07 18:22:40'),
(3029, 510, 1, 'text_field_510_4', NULL, NULL, NULL, 0, 0, 4, NULL, NULL, '2025-11-07 18:22:40'),
(3030, 511, 1, 'text_field_511_4', NULL, NULL, NULL, 0, 0, 4, NULL, NULL, '2025-11-07 18:22:40'),
(3031, 512, 1, 'text_field_512_4', NULL, NULL, NULL, 0, 0, 4, NULL, NULL, '2025-11-07 18:22:40'),
(3032, 513, 1, 'text_field_513_4', NULL, NULL, NULL, 0, 0, 4, NULL, NULL, '2025-11-07 18:22:40'),
(3033, 514, 1, 'text_field_514_4', NULL, NULL, NULL, 0, 0, 4, NULL, NULL, '2025-11-07 18:22:40'),
(3034, 515, 1, 'text_field_515_4', NULL, NULL, NULL, 0, 0, 4, NULL, NULL, '2025-11-07 18:22:40'),
(3035, 516, 1, 'text_field_516_4', NULL, NULL, NULL, 0, 0, 4, NULL, NULL, '2025-11-07 18:22:40'),
(3036, 517, 1, 'text_field_517_4', NULL, NULL, NULL, 0, 0, 4, NULL, NULL, '2025-11-07 18:22:40'),
(3037, 518, 1, 'text_field_518_4', NULL, NULL, NULL, 0, 0, 4, NULL, NULL, '2025-11-07 18:22:40'),
(3038, 519, 1, 'text_field_519_4', NULL, NULL, NULL, 0, 0, 4, NULL, NULL, '2025-11-07 18:22:40'),
(3039, 520, 1, 'text_field_520_4', NULL, NULL, NULL, 0, 0, 4, NULL, NULL, '2025-11-07 18:22:40'),
(3040, 521, 1, 'text_field_521_4', NULL, NULL, NULL, 0, 0, 4, NULL, NULL, '2025-11-07 18:22:40'),
(3041, 522, 1, 'text_field_522_4', NULL, NULL, NULL, 0, 0, 4, NULL, NULL, '2025-11-07 18:22:40'),
(3042, 523, 1, 'text_field_523_4', NULL, NULL, NULL, 0, 0, 4, NULL, NULL, '2025-11-07 18:22:40'),
(3043, 524, 1, 'text_field_524_4', NULL, NULL, NULL, 0, 0, 4, NULL, NULL, '2025-11-07 18:22:40'),
(3044, 525, 1, 'text_field_525_4', NULL, NULL, NULL, 0, 0, 4, NULL, NULL, '2025-11-07 18:22:40'),
(3045, 526, 1, 'text_field_526_4', NULL, NULL, NULL, 0, 0, 4, NULL, NULL, '2025-11-07 18:22:40'),
(3046, 527, 1, 'text_field_527_4', NULL, NULL, NULL, 0, 0, 4, NULL, NULL, '2025-11-07 18:22:40'),
(3047, 528, 1, 'text_field_528_4', NULL, NULL, NULL, 0, 0, 4, NULL, NULL, '2025-11-07 18:22:40'),
(3048, 529, 1, 'text_field_529_4', NULL, NULL, NULL, 0, 0, 4, NULL, NULL, '2025-11-07 18:22:40'),
(3049, 530, 1, 'text_field_530_4', NULL, NULL, NULL, 0, 0, 4, NULL, NULL, '2025-11-07 18:22:40'),
(3050, 531, 1, 'text_field_531_4', NULL, NULL, NULL, 0, 0, 4, NULL, NULL, '2025-11-07 18:22:40'),
(3051, 532, 1, 'text_field_532_4', NULL, NULL, NULL, 0, 0, 4, NULL, NULL, '2025-11-07 18:22:40'),
(3052, 533, 1, 'text_field_533_4', NULL, NULL, NULL, 0, 0, 4, NULL, NULL, '2025-11-07 18:22:40'),
(3053, 534, 1, 'text_field_534_4', NULL, NULL, NULL, 0, 0, 4, NULL, NULL, '2025-11-07 18:22:40'),
(3054, 535, 1, 'text_field_535_4', NULL, NULL, NULL, 0, 0, 4, NULL, NULL, '2025-11-07 18:22:40'),
(3055, 536, 1, 'text_field_536_4', NULL, NULL, NULL, 0, 0, 4, NULL, NULL, '2025-11-07 18:22:40'),
(3056, 537, 1, 'text_field_537_4', NULL, NULL, NULL, 0, 0, 4, NULL, NULL, '2025-11-07 18:22:40'),
(3057, 538, 1, 'text_field_538_4', NULL, NULL, NULL, 0, 0, 4, NULL, NULL, '2025-11-07 18:22:40'),
(3058, 539, 1, 'text_field_539_4', NULL, NULL, NULL, 0, 0, 4, NULL, NULL, '2025-11-07 18:22:40'),
(3059, 540, 1, 'text_field_540_4', NULL, NULL, NULL, 0, 0, 4, NULL, NULL, '2025-11-07 18:22:40'),
(3060, 541, 1, 'text_field_541_4', NULL, NULL, NULL, 0, 0, 4, NULL, NULL, '2025-11-07 18:22:40'),
(3061, 542, 1, 'text_field_542_4', NULL, NULL, NULL, 0, 0, 4, NULL, NULL, '2025-11-07 18:22:40'),
(3062, 543, 1, 'text_field_543_4', NULL, NULL, NULL, 0, 0, 4, NULL, NULL, '2025-11-07 18:22:40'),
(3063, 544, 1, 'text_field_544_4', NULL, NULL, NULL, 0, 0, 4, NULL, NULL, '2025-11-07 18:22:40'),
(3064, 545, 1, 'text_field_545_4', NULL, NULL, NULL, 0, 0, 4, NULL, NULL, '2025-11-07 18:22:40'),
(3065, 546, 1, 'text_field_546_4', NULL, NULL, NULL, 0, 0, 4, NULL, NULL, '2025-11-07 18:22:40'),
(3066, 547, 1, 'text_field_547_4', NULL, NULL, NULL, 0, 0, 4, NULL, NULL, '2025-11-07 18:22:40'),
(3067, 548, 1, 'text_field_548_4', NULL, NULL, NULL, 0, 0, 4, NULL, NULL, '2025-11-07 18:22:40'),
(3068, 549, 1, 'text_field_549_4', NULL, NULL, NULL, 0, 0, 4, NULL, NULL, '2025-11-07 18:22:40'),
(3069, 550, 1, 'text_field_550_4', NULL, NULL, NULL, 0, 0, 4, NULL, NULL, '2025-11-07 18:22:40'),
(3070, 551, 1, 'text_field_551_4', NULL, NULL, NULL, 0, 0, 4, NULL, NULL, '2025-11-07 18:22:40'),
(3071, 552, 1, 'text_field_552_4', NULL, NULL, NULL, 0, 0, 4, NULL, NULL, '2025-11-07 18:22:40'),
(3072, 553, 1, 'text_field_553_4', NULL, NULL, NULL, 0, 0, 4, NULL, NULL, '2025-11-07 18:22:40'),
(3073, 554, 1, 'text_field_554_4', NULL, NULL, NULL, 0, 0, 4, NULL, NULL, '2025-11-07 18:22:40'),
(3074, 555, 1, 'text_field_555_4', NULL, NULL, NULL, 0, 0, 4, NULL, NULL, '2025-11-07 18:22:40'),
(3075, 556, 1, 'text_field_556_4', NULL, NULL, NULL, 0, 0, 4, NULL, NULL, '2025-11-07 18:22:40'),
(3076, 557, 1, 'text_field_557_4', NULL, NULL, NULL, 0, 0, 4, NULL, NULL, '2025-11-07 18:22:40'),
(3077, 558, 1, 'text_field_558_4', NULL, NULL, NULL, 0, 0, 4, NULL, NULL, '2025-11-07 18:22:40'),
(3078, 559, 1, 'text_field_559_4', NULL, NULL, NULL, 0, 0, 4, NULL, NULL, '2025-11-07 18:22:40'),
(3079, 560, 1, 'text_field_560_4', NULL, NULL, NULL, 0, 0, 4, NULL, NULL, '2025-11-07 18:22:40'),
(3080, 561, 1, 'text_field_561_4', NULL, NULL, NULL, 0, 0, 4, NULL, NULL, '2025-11-07 18:22:40'),
(3081, 562, 1, 'text_field_562_4', NULL, NULL, NULL, 0, 0, 4, NULL, NULL, '2025-11-07 18:22:40'),
(3082, 563, 1, 'text_field_563_4', NULL, NULL, NULL, 0, 0, 4, NULL, NULL, '2025-11-07 18:22:40'),
(3083, 564, 1, 'text_field_564_4', NULL, NULL, NULL, 0, 0, 4, NULL, NULL, '2025-11-07 18:22:40'),
(3084, 565, 1, 'text_field_565_4', NULL, NULL, NULL, 0, 0, 4, NULL, NULL, '2025-11-07 18:22:40'),
(3085, 566, 1, 'text_field_566_4', NULL, NULL, NULL, 0, 0, 4, NULL, NULL, '2025-11-07 18:22:40'),
(3086, 567, 1, 'text_field_567_4', NULL, NULL, NULL, 0, 0, 4, NULL, NULL, '2025-11-07 18:22:40'),
(3087, 568, 1, 'text_field_568_4', NULL, NULL, NULL, 0, 0, 4, NULL, NULL, '2025-11-07 18:22:40'),
(3088, 569, 1, 'text_field_569_4', NULL, NULL, NULL, 0, 0, 4, NULL, NULL, '2025-11-07 18:22:40'),
(3089, 570, 1, 'text_field_570_4', NULL, NULL, NULL, 0, 0, 4, NULL, NULL, '2025-11-07 18:22:40'),
(3090, 571, 1, 'text_field_571_4', NULL, NULL, NULL, 0, 0, 4, NULL, NULL, '2025-11-07 18:22:40'),
(3091, 572, 1, 'text_field_572_4', NULL, NULL, NULL, 0, 0, 4, NULL, NULL, '2025-11-07 18:22:40');

-- --------------------------------------------------------

--
-- Table structure for table `app_template_screen_menu_assignments`
--

CREATE TABLE `app_template_screen_menu_assignments` (
  `id` int NOT NULL,
  `template_id` int NOT NULL,
  `screen_id` int NOT NULL,
  `template_menu_id` int NOT NULL,
  `created_at` timestamp NULL DEFAULT CURRENT_TIMESTAMP
) ENGINE=InnoDB DEFAULT CHARSET=utf8mb4 COLLATE=utf8mb4_0900_ai_ci;

--
-- Dumping data for table `app_template_screen_menu_assignments`
--

INSERT INTO `app_template_screen_menu_assignments` (`id`, `template_id`, `screen_id`, `template_menu_id`, `created_at`) VALUES
(1, 9, 114, 57, '2025-11-30 16:45:03'),
(2, 9, 113, 57, '2025-11-30 16:45:03'),
(3, 9, 96, 57, '2025-11-30 16:45:03'),
(4, 9, 112, 57, '2025-11-30 16:45:03'),
(5, 9, 114, 58, '2025-11-30 16:45:03'),
(6, 9, 109, 58, '2025-11-30 16:45:03'),
(7, 9, 108, 58, '2025-11-30 16:45:03'),
(8, 9, 127, 58, '2025-11-30 16:45:03'),
(9, 9, 107, 58, '2025-11-30 16:45:03'),
(10, 9, 116, 58, '2025-11-30 16:45:03'),
(11, 9, 112, 58, '2025-11-30 16:45:03'),
(12, 9, 105, 58, '2025-11-30 16:45:03'),
(13, 9, 110, 58, '2025-11-30 16:45:03'),
(14, 9, 111, 58, '2025-11-30 16:45:03'),
(15, 9, 112, 59, '2025-11-30 16:45:03'),
(16, 9, 129, 59, '2025-11-30 16:45:03'),
(17, 9, 131, 59, '2025-11-30 16:45:03'),
(18, 9, 133, 59, '2025-11-30 16:45:03'),
(19, 9, 110, 59, '2025-11-30 16:45:03'),
(20, 9, 111, 59, '2025-11-30 16:45:03'),
(21, 9, 105, 60, '2025-11-30 16:45:03'),
(25, 11, 109, 67, '2025-12-03 22:36:06'),
(26, 11, 149, 67, '2025-12-03 22:36:06'),
(27, 11, 108, 67, '2025-12-03 22:36:06'),
(28, 11, 107, 67, '2025-12-03 22:36:06'),
(29, 11, 145, 67, '2025-12-03 22:36:06'),
(30, 11, 141, 67, '2025-12-03 22:36:06'),
(31, 11, 143, 67, '2025-12-03 22:36:06'),
(32, 11, 151, 67, '2025-12-03 22:36:06'),
(33, 11, 105, 67, '2025-12-03 22:36:06'),
(40, 11, 108, 68, '2025-12-03 22:36:06'),
(41, 11, 147, 68, '2025-12-03 22:36:06'),
(42, 11, 148, 68, '2025-12-03 22:36:06'),
(43, 11, 150, 68, '2025-12-03 22:36:06'),
(44, 11, 107, 68, '2025-12-03 22:36:06'),
(45, 11, 105, 68, '2025-12-03 22:36:06'),
(46, 9, 105, 57, '2025-12-08 15:02:23'),
(47, 9, 105, 59, '2025-12-08 15:02:23'),
(48, 9, 116, 57, '2025-12-08 15:02:58'),
(49, 5, 112, 69, '2025-12-09 19:41:44'),
(50, 5, 112, 70, '2025-12-09 19:41:44'),
(51, 5, 96, 69, '2025-12-09 19:41:44'),
(52, 5, 96, 70, '2025-12-09 19:41:44'),
(53, 5, 97, 69, '2025-12-09 19:41:44'),
(54, 5, 97, 70, '2025-12-09 19:41:44'),
(55, 5, 135, 69, '2025-12-09 19:41:44'),
(56, 5, 135, 70, '2025-12-09 19:41:44'),
(57, 5, 105, 69, '2025-12-09 19:41:44'),
(58, 5, 105, 70, '2025-12-09 19:41:44'),
(59, 5, 105, 71, '2025-12-09 19:41:44'),
(60, 5, 105, 72, '2025-12-09 19:41:44'),
(61, 5, 107, 70, '2025-12-09 19:41:44'),
(62, 5, 107, 71, '2025-12-09 19:41:44'),
(63, 5, 116, 69, '2025-12-09 19:41:44'),
(64, 5, 116, 70, '2025-12-09 19:41:44'),
(65, 5, 116, 71, '2025-12-09 19:41:44'),
(66, 5, 108, 70, '2025-12-09 19:41:44'),
(67, 5, 108, 71, '2025-12-09 19:41:44'),
(68, 5, 109, 70, '2025-12-09 19:41:44'),
(69, 5, 109, 71, '2025-12-09 19:41:44'),
(70, 5, 110, 70, '2025-12-09 19:41:44'),
(71, 5, 110, 71, '2025-12-09 19:41:44'),
(72, 5, 111, 70, '2025-12-09 19:41:44'),
(73, 5, 111, 71, '2025-12-09 19:41:44'),
(74, 5, 131, 71, '2025-12-09 19:41:44'),
(75, 5, 129, 71, '2025-12-09 19:41:44'),
(76, 5, 127, 71, '2025-12-09 19:41:44'),
(77, 5, 132, 71, '2025-12-09 19:41:44'),
(78, 5, 133, 71, '2025-12-09 19:41:44');

-- --------------------------------------------------------

--
-- Table structure for table `app_template_screen_module_assignments`
--

CREATE TABLE `app_template_screen_module_assignments` (
  `id` int NOT NULL,
  `template_id` int NOT NULL,
  `screen_id` int NOT NULL,
  `module_id` int NOT NULL,
  `config` json DEFAULT NULL,
  `is_active` tinyint(1) DEFAULT '1',
  `created_at` timestamp NULL DEFAULT CURRENT_TIMESTAMP
) ENGINE=InnoDB DEFAULT CHARSET=utf8mb4 COLLATE=utf8mb4_0900_ai_ci;

--
-- Dumping data for table `app_template_screen_module_assignments`
--

INSERT INTO `app_template_screen_module_assignments` (`id`, `template_id`, `screen_id`, `module_id`, `config`, `is_active`, `created_at`) VALUES
(1, 9, 96, 4, '{}', 1, '2025-12-08 15:13:50'),
(2, 9, 97, 3, '{\"showLeftIcon\": true, \"showRightIcon\": false}', 1, '2025-12-08 15:13:50'),
(3, 9, 98, 3, '{}', 1, '2025-12-08 15:13:50'),
(4, 9, 105, 2, '{\"elevation\": 2, \"showTitle\": true, \"textColor\": \"#000000\", \"showLeftIcon\": false, \"showRightIcon\": true, \"backgroundColor\": \"#FFFFFF\"}', 1, '2025-12-08 15:13:50'),
(5, 9, 105, 4, '{}', 1, '2025-12-08 15:13:50'),
(6, 9, 106, 3, '{\"leftIconType\": \"back\", \"showLeftIcon\": true, \"showRightIcon\": true}', 1, '2025-12-08 15:13:50'),
(7, 9, 107, 2, '{\"elevation\": 2, \"showTitle\": true, \"textColor\": \"#000000\", \"showLeftIcon\": true, \"showRightIcon\": false, \"backgroundColor\": \"#FFFFFF\"}', 1, '2025-12-08 15:13:50'),
(8, 9, 107, 4, '{}', 1, '2025-12-08 15:13:50'),
(9, 9, 108, 2, '{\"elevation\": 2, \"showTitle\": true, \"textColor\": \"#000000\", \"showLeftIcon\": true, \"showRightIcon\": false, \"backgroundColor\": \"#FFFFFF\"}', 1, '2025-12-08 15:13:50'),
(10, 9, 109, 2, '{\"elevation\": 2, \"showTitle\": true, \"textColor\": \"#000000\", \"showLeftIcon\": true, \"showRightIcon\": false, \"backgroundColor\": \"#FFFFFF\"}', 1, '2025-12-08 15:13:50'),
(11, 9, 110, 2, '{\"elevation\": 2, \"showTitle\": true, \"textColor\": \"#000000\", \"showLeftIcon\": true, \"showRightIcon\": true, \"backgroundColor\": \"#FFFFFF\"}', 1, '2025-12-08 15:13:50'),
(12, 9, 111, 3, '{\"showLeftIcon\": true, \"showRightIcon\": true}', 1, '2025-12-08 15:13:50'),
(13, 9, 112, 2, '{\"elevation\": 2, \"showTitle\": true, \"textColor\": \"#000000\", \"showLeftIcon\": true, \"showRightIcon\": false, \"backgroundColor\": \"#FFFFFF\"}', 1, '2025-12-08 15:13:50'),
(14, 9, 112, 4, '{}', 1, '2025-12-08 15:13:50'),
(15, 9, 113, 3, '{}', 1, '2025-12-08 15:13:50'),
(16, 9, 113, 4, '{}', 1, '2025-12-08 15:13:50'),
(17, 9, 114, 2, '{\"elevation\": 2, \"showTitle\": true, \"textColor\": \"#000000\", \"showLeftIcon\": true, \"showRightIcon\": false, \"backgroundColor\": \"#FFFFFF\"}', 1, '2025-12-08 15:13:50'),
(18, 9, 114, 4, '{}', 1, '2025-12-08 15:13:50'),
(19, 9, 115, 3, '{}', 1, '2025-12-08 15:13:50'),
(20, 9, 116, 2, '{\"elevation\": 2, \"showTitle\": true, \"textColor\": \"#000000\", \"showLeftIcon\": true, \"showRightIcon\": false, \"backgroundColor\": \"#FFFFFF\"}', 1, '2025-12-08 15:13:50'),
(21, 9, 116, 4, '{}', 1, '2025-12-08 15:13:50'),
(22, 9, 117, 3, '{}', 1, '2025-12-08 15:13:50'),
(24, 9, 129, 2, '{}', 1, '2025-12-08 15:13:50'),
(25, 9, 130, 3, '{}', 1, '2025-12-08 15:13:50'),
(26, 9, 131, 2, '{}', 1, '2025-12-08 15:13:50'),
(27, 9, 132, 3, '{}', 1, '2025-12-08 15:13:50'),
(28, 9, 133, 2, '{\"elevation\": 2, \"showTitle\": true, \"textColor\": \"#000000\", \"showLeftIcon\": true, \"showRightIcon\": false, \"backgroundColor\": \"#FFFFFF\"}', 1, '2025-12-08 15:13:50'),
(29, 9, 134, 3, '{}', 1, '2025-12-08 15:13:50'),
(30, 9, 135, 3, '{}', 1, '2025-12-08 15:13:50'),
(31, 9, 140, 3, '{}', 1, '2025-12-08 15:13:50'),
(32, 9, 131, 4, '{}', 1, '2025-12-11 16:10:36'),
(33, 9, 129, 4, '{}', 1, '2025-12-11 16:10:36'),
(34, 9, 127, 3, '{}', 1, '2025-12-11 16:10:36');

-- --------------------------------------------------------

--
-- Table structure for table `app_template_screen_role_access`
--

CREATE TABLE `app_template_screen_role_access` (
  `id` int NOT NULL,
  `template_id` int NOT NULL,
  `screen_id` int NOT NULL,
  `template_role_id` int NOT NULL,
  `can_access` tinyint(1) DEFAULT '1',
  `created_at` timestamp NULL DEFAULT CURRENT_TIMESTAMP
) ENGINE=InnoDB DEFAULT CHARSET=utf8mb4 COLLATE=utf8mb4_0900_ai_ci;

--
-- Dumping data for table `app_template_screen_role_access`
--

INSERT INTO `app_template_screen_role_access` (`id`, `template_id`, `screen_id`, `template_role_id`, `can_access`, `created_at`) VALUES
(128, 9, 49, 21, 1, '2025-11-30 15:27:34'),
(129, 9, 50, 21, 1, '2025-11-30 15:27:34'),
(130, 9, 48, 21, 1, '2025-11-30 15:27:34'),
(131, 9, 46, 21, 1, '2025-11-30 15:27:34'),
(132, 9, 80, 21, 1, '2025-11-30 15:27:34'),
(133, 9, 78, 21, 1, '2025-11-30 15:27:34'),
(134, 9, 76, 21, 1, '2025-11-30 15:27:34'),
(135, 9, 75, 21, 1, '2025-11-30 15:27:34'),
(136, 9, 79, 21, 1, '2025-11-30 15:27:34'),
(137, 9, 65, 21, 1, '2025-11-30 15:27:34'),
(138, 9, 95, 21, 1, '2025-11-30 15:27:34'),
(139, 9, 62, 21, 1, '2025-11-30 15:27:34'),
(140, 9, 89, 21, 1, '2025-11-30 15:27:34'),
(141, 9, 101, 21, 1, '2025-11-30 15:27:34'),
(142, 9, 112, 21, 1, '2025-11-30 15:27:34'),
(143, 9, 93, 21, 1, '2025-11-30 15:27:34'),
(144, 9, 49, 22, 1, '2025-11-30 15:27:34'),
(145, 9, 46, 22, 1, '2025-11-30 15:27:34'),
(146, 9, 80, 22, 1, '2025-11-30 15:27:34'),
(147, 9, 78, 22, 1, '2025-11-30 15:27:34'),
(148, 9, 76, 22, 1, '2025-11-30 15:27:34'),
(149, 9, 75, 22, 1, '2025-11-30 15:27:34'),
(150, 9, 79, 22, 1, '2025-11-30 15:27:34'),
(151, 9, 65, 22, 1, '2025-11-30 15:27:34'),
(152, 9, 95, 22, 1, '2025-11-30 15:27:34'),
(153, 9, 62, 22, 1, '2025-11-30 15:27:34'),
(154, 9, 89, 22, 1, '2025-11-30 15:27:34'),
(155, 9, 59, 22, 1, '2025-11-30 15:27:34'),
(156, 9, 88, 22, 1, '2025-11-30 15:27:34'),
(157, 9, 94, 22, 1, '2025-11-30 15:27:34'),
(158, 9, 58, 22, 1, '2025-11-30 15:27:34'),
(159, 9, 127, 22, 1, '2025-11-30 15:27:34'),
(160, 9, 128, 22, 1, '2025-11-30 15:27:34'),
(161, 9, 129, 22, 1, '2025-11-30 15:27:34'),
(162, 9, 130, 22, 1, '2025-11-30 15:27:34'),
(163, 9, 131, 22, 1, '2025-11-30 15:27:34'),
(164, 9, 132, 22, 1, '2025-11-30 15:27:34'),
(165, 9, 133, 22, 1, '2025-11-30 15:27:34'),
(166, 9, 134, 22, 1, '2025-11-30 15:27:34'),
(167, 9, 117, 22, 1, '2025-11-30 15:27:34'),
(168, 9, 112, 22, 1, '2025-11-30 15:27:34'),
(169, 9, 93, 22, 1, '2025-11-30 15:27:34'),
(170, 9, 136, 22, 1, '2025-11-30 15:27:34'),
(171, 9, 49, 23, 1, '2025-11-30 15:27:34'),
(172, 9, 50, 23, 1, '2025-11-30 15:27:34'),
(173, 9, 48, 23, 1, '2025-11-30 15:27:34'),
(174, 9, 46, 23, 1, '2025-11-30 15:27:34'),
(175, 9, 80, 23, 1, '2025-11-30 15:27:34'),
(176, 9, 78, 23, 1, '2025-11-30 15:27:34'),
(177, 9, 76, 23, 1, '2025-11-30 15:27:34'),
(178, 9, 75, 23, 1, '2025-11-30 15:27:34'),
(179, 9, 79, 23, 1, '2025-11-30 15:27:34'),
(180, 9, 65, 23, 1, '2025-11-30 15:27:34'),
(181, 9, 95, 23, 1, '2025-11-30 15:27:34'),
(182, 9, 62, 23, 1, '2025-11-30 15:27:34'),
(183, 9, 89, 23, 1, '2025-11-30 15:27:34'),
(184, 9, 59, 23, 1, '2025-11-30 15:27:34'),
(185, 9, 88, 23, 1, '2025-11-30 15:27:34'),
(186, 9, 94, 23, 1, '2025-11-30 15:27:34'),
(187, 9, 58, 23, 1, '2025-11-30 15:27:34'),
(188, 9, 128, 23, 1, '2025-11-30 15:27:34'),
(189, 9, 135, 23, 1, '2025-11-30 15:27:34'),
(190, 9, 113, 23, 1, '2025-11-30 15:27:34'),
(191, 9, 114, 23, 1, '2025-11-30 15:27:34'),
(192, 9, 115, 23, 1, '2025-11-30 15:27:34'),
(193, 9, 117, 23, 1, '2025-11-30 15:27:34'),
(194, 9, 112, 23, 1, '2025-11-30 15:27:34'),
(195, 9, 93, 23, 1, '2025-11-30 15:27:34'),
(258, 11, 109, 30, 1, '2025-12-03 22:36:06'),
(259, 11, 149, 30, 1, '2025-12-03 22:36:06'),
(260, 11, 108, 30, 1, '2025-12-03 22:36:06'),
(261, 11, 146, 30, 1, '2025-12-03 22:36:06'),
(262, 11, 106, 30, 1, '2025-12-03 22:36:06'),
(263, 11, 104, 30, 1, '2025-12-03 22:36:06'),
(264, 11, 103, 30, 1, '2025-12-03 22:36:06'),
(265, 11, 18, 30, 1, '2025-12-03 22:36:06'),
(266, 11, 128, 30, 1, '2025-12-03 22:36:06'),
(267, 11, 107, 30, 1, '2025-12-03 22:36:06'),
(268, 11, 145, 30, 1, '2025-12-03 22:36:06'),
(269, 11, 110, 30, 1, '2025-12-03 22:36:06'),
(270, 11, 152, 30, 1, '2025-12-03 22:36:06'),
(271, 11, 141, 30, 1, '2025-12-03 22:36:06'),
(272, 11, 144, 30, 1, '2025-12-03 22:36:06'),
(273, 11, 143, 30, 1, '2025-12-03 22:36:06'),
(274, 11, 142, 30, 1, '2025-12-03 22:36:06'),
(275, 11, 151, 30, 1, '2025-12-03 22:36:06'),
(276, 11, 102, 30, 1, '2025-12-03 22:36:06'),
(277, 11, 101, 30, 1, '2025-12-03 22:36:06'),
(278, 11, 111, 30, 1, '2025-12-03 22:36:06'),
(279, 11, 105, 30, 1, '2025-12-03 22:36:06'),
(289, 11, 109, 31, 1, '2025-12-03 22:36:06'),
(290, 11, 108, 31, 1, '2025-12-03 22:36:06'),
(291, 11, 147, 31, 1, '2025-12-03 22:36:06'),
(292, 11, 148, 31, 1, '2025-12-03 22:36:06'),
(293, 11, 150, 31, 1, '2025-12-03 22:36:06'),
(294, 11, 106, 31, 1, '2025-12-03 22:36:06'),
(295, 11, 104, 31, 1, '2025-12-03 22:36:06'),
(296, 11, 103, 31, 1, '2025-12-03 22:36:06'),
(297, 11, 18, 31, 1, '2025-12-03 22:36:06'),
(298, 11, 128, 31, 1, '2025-12-03 22:36:06'),
(299, 11, 107, 31, 1, '2025-12-03 22:36:06'),
(300, 11, 110, 31, 1, '2025-12-03 22:36:06'),
(301, 11, 144, 31, 1, '2025-12-03 22:36:06'),
(302, 11, 142, 31, 1, '2025-12-03 22:36:06'),
(303, 11, 102, 31, 1, '2025-12-03 22:36:06'),
(304, 11, 101, 31, 1, '2025-12-03 22:36:06'),
(305, 11, 111, 31, 1, '2025-12-03 22:36:06'),
(306, 11, 105, 31, 1, '2025-12-03 22:36:06'),
(307, 5, 101, 32, 1, '2025-12-09 19:41:44'),
(308, 5, 112, 32, 1, '2025-12-09 19:41:44'),
(309, 5, 112, 33, 1, '2025-12-09 19:41:44'),
(310, 5, 112, 34, 1, '2025-12-09 19:41:44'),
(311, 5, 96, 32, 1, '2025-12-09 19:41:44'),
(312, 5, 96, 33, 1, '2025-12-09 19:41:44'),
(313, 5, 96, 34, 1, '2025-12-09 19:41:44'),
(314, 5, 97, 32, 1, '2025-12-09 19:41:44'),
(315, 5, 97, 33, 1, '2025-12-09 19:41:44'),
(316, 5, 97, 34, 1, '2025-12-09 19:41:44'),
(317, 5, 135, 32, 1, '2025-12-09 19:41:44'),
(318, 5, 135, 33, 1, '2025-12-09 19:41:44'),
(319, 5, 135, 34, 1, '2025-12-09 19:41:44'),
(320, 5, 116, 32, 1, '2025-12-09 19:41:44'),
(321, 5, 116, 33, 1, '2025-12-09 19:41:44'),
(322, 5, 116, 34, 1, '2025-12-09 19:41:44'),
(323, 5, 117, 32, 1, '2025-12-09 19:41:44'),
(324, 5, 117, 33, 1, '2025-12-09 19:41:44'),
(325, 5, 117, 34, 1, '2025-12-09 19:41:44'),
(326, 5, 113, 32, 1, '2025-12-09 19:41:44'),
(327, 5, 114, 32, 1, '2025-12-09 19:41:44'),
(328, 5, 115, 32, 1, '2025-12-09 19:41:44'),
(329, 5, 131, 33, 1, '2025-12-09 19:41:44'),
(330, 5, 131, 34, 1, '2025-12-09 19:41:44'),
(331, 5, 129, 33, 1, '2025-12-09 19:41:44'),
(332, 5, 129, 34, 1, '2025-12-09 19:41:44'),
(333, 5, 127, 33, 1, '2025-12-09 19:41:44'),
(334, 5, 127, 34, 1, '2025-12-09 19:41:44'),
(335, 5, 130, 33, 1, '2025-12-09 19:41:44'),
(336, 5, 130, 34, 1, '2025-12-09 19:41:44'),
(337, 5, 132, 33, 1, '2025-12-09 19:41:44'),
(338, 5, 132, 34, 1, '2025-12-09 19:41:44'),
(339, 5, 133, 34, 1, '2025-12-09 19:41:44'),
(340, 5, 128, 32, 1, '2025-12-09 19:41:44'),
(341, 5, 128, 33, 1, '2025-12-09 19:41:44'),
(342, 5, 128, 34, 1, '2025-12-09 19:41:44');

-- --------------------------------------------------------

--
-- Table structure for table `app_template_users`
--

CREATE TABLE `app_template_users` (
  `id` int NOT NULL,
  `template_id` int NOT NULL,
  `email` varchar(255) NOT NULL,
  `password_hash` varchar(255) NOT NULL,
  `first_name` varchar(100) DEFAULT NULL,
  `last_name` varchar(100) DEFAULT NULL,
  `phone` varchar(20) DEFAULT NULL,
  `bio` text,
  `avatar_url` varchar(500) DEFAULT NULL,
  `date_of_birth` date DEFAULT NULL,
  `gender` enum('male','female','other','prefer_not_to_say') DEFAULT NULL,
  `status` enum('active','inactive','suspended','pending_verification') DEFAULT 'active',
  `email_verified` tinyint(1) DEFAULT '0',
  `created_at` timestamp NULL DEFAULT CURRENT_TIMESTAMP
) ENGINE=InnoDB DEFAULT CHARSET=utf8mb4 COLLATE=utf8mb4_0900_ai_ci;

--
-- Dumping data for table `app_template_users`
--

INSERT INTO `app_template_users` (`id`, `template_id`, `email`, `password_hash`, `first_name`, `last_name`, `phone`, `bio`, `avatar_url`, `date_of_birth`, `gender`, `status`, `email_verified`, `created_at`) VALUES
(4, 9, 'user1@knoxweb.com', '$2a$10$/imeU.Ee1FaU415pai3IiuKus88pt.UBkSZsMiWhfpaKDO.rzTHBe', 'Ralph', 'Furley', '8655468873', 'This is my bio', NULL, NULL, NULL, 'active', 1, '2025-11-30 15:28:40'),
(5, 9, 'user2@knoxweb.com', '$2a$10$KlcqUOYSoMYzgt/6yWSz5.BDXyFQotrVuxMCcsjUjs.6e/7KGEYtK', 'Jack', 'Tripper', '8568769723', NULL, NULL, NULL, NULL, 'active', 1, '2025-11-30 15:28:40'),
(7, 9, 'user3@knoxweb.com', '$2a$10$N9qo8uLOickgx2ZMRZoMy.MqrqO6Lc.Jb/qZzFH1HqaFqXQGqKJHi', 'Janet', 'Wood', NULL, NULL, NULL, NULL, NULL, 'active', 1, '2025-11-30 19:52:29'),
(8, 9, 'user4@knoxweb.com', '$2a$10$N9qo8uLOickgx2ZMRZoMy.MqrqO6Lc.Jb/qZzFH1HqaFqXQGqKJHi', 'Chrissy', 'Snow', NULL, NULL, NULL, NULL, NULL, 'active', 1, '2025-11-30 19:52:29'),
(9, 9, 'user5@knoxweb.com', '$2a$10$N9qo8uLOickgx2ZMRZoMy.MqrqO6Lc.Jb/qZzFH1HqaFqXQGqKJHi', 'Terri', 'Alden', NULL, NULL, NULL, NULL, NULL, 'active', 1, '2025-11-30 19:52:29'),
(10, 9, 'user6@knoxweb.com', '$2a$10$N9qo8uLOickgx2ZMRZoMy.MqrqO6Lc.Jb/qZzFH1HqaFqXQGqKJHi', 'Stanley', 'Roper', NULL, NULL, NULL, NULL, NULL, 'active', 1, '2025-11-30 19:52:29'),
(15, 11, 'rider@example.com', '$2b$10$rQZ8K.5YxQZ8K.5YxQZ8KeQZ8K.5YxQZ8K.5YxQZ8K.5YxQZ8K.5Y', 'John', 'Rider', '+1234567890', NULL, NULL, NULL, NULL, 'active', 1, '2025-12-03 22:36:06'),
(16, 11, 'rider2@example.com', '$2b$10$rQZ8K.5YxQZ8K.5YxQZ8KeQZ8K.5YxQZ8K.5YxQZ8K.5YxQZ8K.5Y', 'Jane', 'Passenger', '+1234567891', NULL, NULL, NULL, NULL, 'active', 1, '2025-12-03 22:36:06'),
(17, 11, 'driver@example.com', '$2b$10$rQZ8K.5YxQZ8K.5YxQZ8KeQZ8K.5YxQZ8K.5YxQZ8K.5YxQZ8K.5Y', 'Mike', 'Driver', '+1234567892', NULL, NULL, NULL, NULL, 'active', 1, '2025-12-03 22:36:06'),
(18, 11, 'driver2@example.com', '$2b$10$rQZ8K.5YxQZ8K.5YxQZ8KeQZ8K.5YxQZ8K.5YxQZ8K.5YxQZ8K.5Y', 'Sarah', 'Wheels', '+1234567893', NULL, NULL, NULL, NULL, 'active', 1, '2025-12-03 22:36:06'),
(19, 5, 'buyer1@realestate.com', '$2b$10$example_hash_buyer1', 'John', 'Smith', '555-0101', 'Looking for my dream home in the suburbs', NULL, NULL, NULL, 'active', 1, '2025-12-09 19:41:44'),
(20, 5, 'buyer2@realestate.com', '$2b$10$example_hash_buyer2', 'Sarah', 'Johnson', '555-0102', 'First-time homebuyer interested in condos', NULL, NULL, NULL, 'active', 1, '2025-12-09 19:41:44'),
(21, 5, 'seller1@realestate.com', '$2b$10$example_hash_seller1', 'Michael', 'Williams', '555-0201', 'Property owner with multiple listings', NULL, NULL, NULL, 'active', 1, '2025-12-09 19:41:44'),
(22, 5, 'seller2@realestate.com', '$2b$10$example_hash_seller2', 'Emily', 'Brown', '555-0202', 'Selling family home after relocation', NULL, NULL, NULL, 'active', 1, '2025-12-09 19:41:44'),
(23, 5, 'agent1@realestate.com', '$2b$10$example_hash_agent1', 'David', 'Miller', '555-0301', 'Licensed real estate agent with 10 years experience', NULL, NULL, NULL, 'active', 1, '2025-12-09 19:41:44'),
(24, 5, 'agent2@realestate.com', '$2b$10$example_hash_agent2', 'Jennifer', 'Davis', '555-0302', 'Specializing in luxury properties and commercial real estate', NULL, NULL, NULL, 'active', 1, '2025-12-09 19:41:44');

-- --------------------------------------------------------

--
-- Table structure for table `app_template_user_role_assignments`
--

CREATE TABLE `app_template_user_role_assignments` (
  `id` int NOT NULL,
  `template_user_id` int NOT NULL,
  `template_role_id` int NOT NULL,
  `created_at` timestamp NULL DEFAULT CURRENT_TIMESTAMP
) ENGINE=InnoDB DEFAULT CHARSET=utf8mb4 COLLATE=utf8mb4_0900_ai_ci;

--
-- Dumping data for table `app_template_user_role_assignments`
--

INSERT INTO `app_template_user_role_assignments` (`id`, `template_user_id`, `template_role_id`, `created_at`) VALUES
(4, 4, 22, '2025-11-30 15:29:12'),
(5, 5, 23, '2025-11-30 15:29:12'),
(7, 7, 23, '2025-11-30 19:52:40'),
(8, 8, 23, '2025-11-30 19:52:40'),
(9, 9, 23, '2025-11-30 19:52:40'),
(10, 10, 22, '2025-11-30 19:52:40'),
(15, 15, 30, '2025-12-03 22:36:06'),
(16, 16, 30, '2025-12-03 22:36:06'),
(17, 17, 31, '2025-12-03 22:36:06'),
(18, 18, 31, '2025-12-03 22:36:06'),
(19, 19, 32, '2025-12-09 19:41:44'),
(20, 20, 32, '2025-12-09 19:41:44'),
(21, 21, 33, '2025-12-09 19:41:44'),
(22, 22, 33, '2025-12-09 19:41:44'),
(23, 23, 34, '2025-12-09 19:41:44'),
(24, 24, 34, '2025-12-09 19:41:44');

-- --------------------------------------------------------

--
-- Table structure for table `app_users`
--

CREATE TABLE `app_users` (
  `id` int NOT NULL,
  `app_id` int NOT NULL,
  `email` varchar(255) NOT NULL,
  `password_hash` varchar(255) NOT NULL,
  `first_name` varchar(100) DEFAULT NULL,
  `last_name` varchar(100) DEFAULT NULL,
  `phone` varchar(20) DEFAULT NULL,
  `bio` text,
  `avatar_url` varchar(500) DEFAULT NULL,
  `date_of_birth` date DEFAULT NULL,
  `gender` enum('male','female','non_binary','prefer_not_to_say') DEFAULT NULL,
  `email_verified` tinyint(1) DEFAULT '0',
  `email_verification_token` varchar(255) DEFAULT NULL,
  `email_verification_expires` datetime DEFAULT NULL,
  `password_reset_token` varchar(255) DEFAULT NULL,
  `password_reset_expires` datetime DEFAULT NULL,
  `status` enum('active','inactive','suspended','deleted') DEFAULT 'active',
  `last_login_at` datetime DEFAULT NULL,
  `created_at` timestamp NULL DEFAULT CURRENT_TIMESTAMP,
  `updated_at` timestamp NULL DEFAULT CURRENT_TIMESTAMP ON UPDATE CURRENT_TIMESTAMP,
  `address_line1` varchar(255) DEFAULT NULL,
  `address_line2` varchar(255) DEFAULT NULL,
  `city` varchar(100) DEFAULT NULL,
  `state` varchar(100) DEFAULT NULL,
  `country` varchar(100) DEFAULT NULL,
  `zip_code` varchar(20) DEFAULT NULL
) ENGINE=InnoDB DEFAULT CHARSET=utf8mb4 COLLATE=utf8mb4_0900_ai_ci;

--
-- Dumping data for table `app_users`
--

INSERT INTO `app_users` (`id`, `app_id`, `email`, `password_hash`, `first_name`, `last_name`, `phone`, `bio`, `avatar_url`, `date_of_birth`, `gender`, `email_verified`, `email_verification_token`, `email_verification_expires`, `password_reset_token`, `password_reset_expires`, `status`, `last_login_at`, `created_at`, `updated_at`, `address_line1`, `address_line2`, `city`, `state`, `country`, `zip_code`) VALUES
(22, 28, 'user1@knoxweb.com', '$2a$10$/imeU.Ee1FaU415pai3IiuKus88pt.UBkSZsMiWhfpaKDO.rzTHBe', 'Ralph', 'Furley', '8655468873', 'This is my bio', NULL, NULL, NULL, 1, NULL, NULL, NULL, NULL, 'active', '2025-11-29 22:20:05', '2025-11-20 16:09:27', '2025-11-29 22:20:05', NULL, NULL, NULL, NULL, NULL, NULL),
(24, 28, 'user2@knoxweb.com', '$2a$10$KlcqUOYSoMYzgt/6yWSz5.BDXyFQotrVuxMCcsjUjs.6e/7KGEYtK', 'Jack', 'Tripper', '8568769723', NULL, NULL, NULL, NULL, 1, NULL, NULL, NULL, NULL, 'active', '2025-12-03 19:35:11', '2025-11-29 23:47:46', '2025-12-03 19:35:11', NULL, NULL, NULL, NULL, NULL, NULL),
(47, 28, 'user3@knoxweb.com', '$2a$10$N9qo8uLOickgx2ZMRZoMy.MqrqO6Lc.Jb/qZzFH1HqaFqXQGqKJHi', 'Janet', 'Wood', NULL, NULL, NULL, NULL, NULL, 1, NULL, NULL, NULL, NULL, 'active', NULL, '2025-11-30 19:33:43', '2025-11-30 19:45:52', NULL, NULL, NULL, NULL, NULL, NULL),
(48, 28, 'user4@knoxweb.com', '$2a$10$N9qo8uLOickgx2ZMRZoMy.MqrqO6Lc.Jb/qZzFH1HqaFqXQGqKJHi', 'Chrissy', 'Snow', NULL, NULL, NULL, NULL, NULL, 1, NULL, NULL, NULL, NULL, 'active', NULL, '2025-11-30 19:33:43', '2025-11-30 19:45:52', NULL, NULL, NULL, NULL, NULL, NULL),
(49, 28, 'user5@knoxweb.com', '$2a$10$N9qo8uLOickgx2ZMRZoMy.MqrqO6Lc.Jb/qZzFH1HqaFqXQGqKJHi', 'Terri', 'Alden', NULL, NULL, NULL, NULL, NULL, 1, NULL, NULL, NULL, NULL, 'active', NULL, '2025-11-30 19:33:43', '2025-11-30 19:45:53', NULL, NULL, NULL, NULL, NULL, NULL),
(50, 28, 'user6@knoxweb.com', '$2a$10$N9qo8uLOickgx2ZMRZoMy.MqrqO6Lc.Jb/qZzFH1HqaFqXQGqKJHi', 'Stanley', 'Roper', NULL, NULL, NULL, NULL, NULL, 1, NULL, NULL, NULL, NULL, 'active', NULL, '2025-11-30 19:33:43', '2025-11-30 19:45:53', NULL, NULL, NULL, NULL, NULL, NULL),
(93, 56, 'user1@knoxweb.com', '$2a$10$/imeU.Ee1FaU415pai3IiuKus88pt.UBkSZsMiWhfpaKDO.rzTHBe', 'Ralph', 'Furley', '8655468873', 'This is my bio', '/uploads/general/AD561EE0-0A13-486A-AB6E-C35CA30E2ABF-1764972479872-7279601.jpg', NULL, NULL, 1, NULL, NULL, NULL, NULL, 'active', '2025-12-10 21:44:42', '2025-12-01 01:51:09', '2025-12-10 21:44:42', NULL, NULL, NULL, NULL, NULL, NULL),
(94, 56, 'user2@knoxweb.com', '$2a$10$KlcqUOYSoMYzgt/6yWSz5.BDXyFQotrVuxMCcsjUjs.6e/7KGEYtK', 'Jack', 'Tripper', '8568769723', '', NULL, NULL, NULL, 1, NULL, NULL, NULL, NULL, 'active', '2025-12-10 18:18:24', '2025-12-01 01:51:09', '2025-12-10 18:18:24', NULL, NULL, NULL, NULL, NULL, NULL),
(95, 56, 'user3@knoxweb.com', '$2a$10$N9qo8uLOickgx2ZMRZoMy.MqrqO6Lc.Jb/qZzFH1HqaFqXQGqKJHi', 'Janet', 'Wood', NULL, NULL, NULL, NULL, NULL, 1, NULL, NULL, NULL, NULL, 'active', NULL, '2025-12-01 01:51:09', '2025-12-01 01:51:09', NULL, NULL, NULL, NULL, NULL, NULL),
(96, 56, 'user4@knoxweb.com', '$2a$10$N9qo8uLOickgx2ZMRZoMy.MqrqO6Lc.Jb/qZzFH1HqaFqXQGqKJHi', 'Chrissy', 'Snow', NULL, NULL, NULL, NULL, NULL, 1, NULL, NULL, NULL, NULL, 'active', NULL, '2025-12-01 01:51:09', '2025-12-01 01:51:09', NULL, NULL, NULL, NULL, NULL, NULL),
(97, 56, 'user5@knoxweb.com', '$2a$10$N9qo8uLOickgx2ZMRZoMy.MqrqO6Lc.Jb/qZzFH1HqaFqXQGqKJHi', 'Terri', 'Alden', NULL, NULL, NULL, NULL, NULL, 1, NULL, NULL, NULL, NULL, 'active', NULL, '2025-12-01 01:51:09', '2025-12-01 01:51:09', NULL, NULL, NULL, NULL, NULL, NULL),
(98, 56, 'user6@knoxweb.com', '$2a$10$fxl4rYgDmjmfmb/L4vuqgeUV6k0urVSULIjNLed862fENjFd4AYJ2', 'Stanley', 'Roper', '', '', NULL, NULL, NULL, 1, NULL, NULL, NULL, NULL, 'active', '2025-12-04 21:51:49', '2025-12-01 01:51:09', '2025-12-05 21:38:47', NULL, NULL, NULL, NULL, NULL, NULL),
(99, 57, 'user1@knoxweb.com', '$2a$10$/imeU.Ee1FaU415pai3IiuKus88pt.UBkSZsMiWhfpaKDO.rzTHBe', 'Ralph', 'Furley', '8655468873', 'This is my bio', NULL, NULL, NULL, 1, NULL, NULL, NULL, NULL, 'active', '2025-12-03 20:38:59', '2025-12-03 20:19:29', '2025-12-03 20:38:59', NULL, NULL, NULL, NULL, NULL, NULL),
(100, 57, 'user2@knoxweb.com', '$2a$10$KlcqUOYSoMYzgt/6yWSz5.BDXyFQotrVuxMCcsjUjs.6e/7KGEYtK', 'Jack', 'Tripper', '8568769723', NULL, NULL, NULL, NULL, 1, NULL, NULL, NULL, NULL, 'active', NULL, '2025-12-03 20:19:29', '2025-12-03 20:19:29', NULL, NULL, NULL, NULL, NULL, NULL),
(101, 57, 'user3@knoxweb.com', '$2a$10$N9qo8uLOickgx2ZMRZoMy.MqrqO6Lc.Jb/qZzFH1HqaFqXQGqKJHi', 'Janet', 'Wood', NULL, NULL, NULL, NULL, NULL, 1, NULL, NULL, NULL, NULL, 'active', NULL, '2025-12-03 20:19:29', '2025-12-03 20:19:29', NULL, NULL, NULL, NULL, NULL, NULL),
(102, 57, 'user4@knoxweb.com', '$2a$10$N9qo8uLOickgx2ZMRZoMy.MqrqO6Lc.Jb/qZzFH1HqaFqXQGqKJHi', 'Chrissy', 'Snow', NULL, NULL, NULL, NULL, NULL, 1, NULL, NULL, NULL, NULL, 'active', NULL, '2025-12-03 20:19:29', '2025-12-03 20:19:29', NULL, NULL, NULL, NULL, NULL, NULL),
(103, 57, 'user5@knoxweb.com', '$2a$10$N9qo8uLOickgx2ZMRZoMy.MqrqO6Lc.Jb/qZzFH1HqaFqXQGqKJHi', 'Terri', 'Alden', NULL, NULL, NULL, NULL, NULL, 1, NULL, NULL, NULL, NULL, 'active', NULL, '2025-12-03 20:19:29', '2025-12-03 20:19:29', NULL, NULL, NULL, NULL, NULL, NULL),
(104, 57, 'user6@knoxweb.com', '$2a$10$N9qo8uLOickgx2ZMRZoMy.MqrqO6Lc.Jb/qZzFH1HqaFqXQGqKJHi', 'Stanley', 'Roper', NULL, NULL, NULL, NULL, NULL, 1, NULL, NULL, NULL, NULL, 'active', NULL, '2025-12-03 20:19:29', '2025-12-03 20:19:29', NULL, NULL, NULL, NULL, NULL, NULL),
(105, 58, 'driver@example.com', '$2a$10$s2K1Py4NmF1BgQZp8mA38uFsPE/38pPlueLC.W5UgfJAOr7d6yo76', 'Mike', 'Driver', '+1234567892', NULL, NULL, NULL, NULL, 1, NULL, NULL, NULL, NULL, 'active', '2025-12-04 13:28:19', '2025-12-03 22:54:45', '2025-12-04 13:28:19', NULL, NULL, NULL, NULL, NULL, NULL),
(106, 58, 'driver2@example.com', '$2a$10$8IWkPykIJJlxy.u3Ir1nWu9eJT0c1or/LcPPzU4IffldQeLXmxyei', 'Sarah', 'Wheels', '+1234567893', NULL, NULL, NULL, NULL, 1, NULL, NULL, NULL, NULL, 'active', NULL, '2025-12-03 22:54:45', '2025-12-04 00:42:59', NULL, NULL, NULL, NULL, NULL, NULL),
(107, 58, 'rider@example.com', '$2a$10$Ikt7EbKg751enmwmQ.V5y.Uw/YI/yEfn.cOb97qz2Cd9y.xU1GhOu', 'John', 'Rider', '+1234567890', NULL, NULL, NULL, NULL, 1, NULL, NULL, NULL, NULL, 'active', NULL, '2025-12-03 22:54:45', '2025-12-04 00:43:17', NULL, NULL, NULL, NULL, NULL, NULL),
(108, 58, 'rider2@example.com', '$2a$10$Nvk48eJdIfTac70Zj2NbE.yiydHWq9jFCJrAYOEIITWW3mgkYxJrC', 'Jane', 'Passenger', '+1234567891', NULL, NULL, NULL, NULL, 1, NULL, NULL, NULL, NULL, 'active', NULL, '2025-12-03 22:54:45', '2025-12-04 00:43:35', NULL, NULL, NULL, NULL, NULL, NULL),
(109, 60, 'agent1@realestate.com', '$2b$10$example_hash_agent1', 'David', 'Miller', '555-0301', 'Licensed real estate agent with 10 years experience', NULL, NULL, NULL, 1, NULL, NULL, NULL, NULL, 'active', NULL, '2025-12-09 20:19:05', '2025-12-09 20:19:05', NULL, NULL, NULL, NULL, NULL, NULL),
(110, 60, 'agent2@realestate.com', '$2b$10$example_hash_agent2', 'Jennifer', 'Davis', '555-0302', 'Specializing in luxury properties and commercial real estate', NULL, NULL, NULL, 1, NULL, NULL, NULL, NULL, 'active', NULL, '2025-12-09 20:19:05', '2025-12-09 20:19:05', NULL, NULL, NULL, NULL, NULL, NULL),
(111, 60, 'buyer1@realestate.com', '$2b$10$example_hash_buyer1', 'John', 'Smith', '555-0101', 'Looking for my dream home in the suburbs', NULL, NULL, NULL, 1, NULL, NULL, NULL, NULL, 'active', NULL, '2025-12-09 20:19:05', '2025-12-09 20:19:05', NULL, NULL, NULL, NULL, NULL, NULL),
(112, 60, 'buyer2@realestate.com', '$2b$10$example_hash_buyer2', 'Sarah', 'Johnson', '555-0102', 'First-time homebuyer interested in condos', NULL, NULL, NULL, 1, NULL, NULL, NULL, NULL, 'active', NULL, '2025-12-09 20:19:05', '2025-12-09 20:19:05', NULL, NULL, NULL, NULL, NULL, NULL),
(113, 60, 'seller1@realestate.com', '$2b$10$example_hash_seller1', 'Michael', 'Williams', '555-0201', 'Property owner with multiple listings', NULL, NULL, NULL, 1, NULL, NULL, NULL, NULL, 'active', NULL, '2025-12-09 20:19:05', '2025-12-09 20:19:05', NULL, NULL, NULL, NULL, NULL, NULL),
(114, 60, 'seller2@realestate.com', '$2b$10$example_hash_seller2', 'Emily', 'Brown', '555-0202', 'Selling family home after relocation', NULL, NULL, NULL, 1, NULL, NULL, NULL, NULL, 'active', NULL, '2025-12-09 20:19:05', '2025-12-09 20:19:05', NULL, NULL, NULL, NULL, NULL, NULL),
(133, 65, 'user1@knoxweb.com', '$2a$10$/imeU.Ee1FaU415pai3IiuKus88pt.UBkSZsMiWhfpaKDO.rzTHBe', 'Ralph', 'Furley', '8655468873', 'This is my bio', NULL, NULL, NULL, 1, NULL, NULL, NULL, NULL, 'active', NULL, '2025-12-11 21:49:12', '2025-12-11 21:49:12', NULL, NULL, NULL, NULL, NULL, NULL),
(134, 65, 'user2@knoxweb.com', '$2a$10$KlcqUOYSoMYzgt/6yWSz5.BDXyFQotrVuxMCcsjUjs.6e/7KGEYtK', 'Jack', 'Tripper', '8568769723', NULL, NULL, NULL, NULL, 1, NULL, NULL, NULL, NULL, 'active', NULL, '2025-12-11 21:49:12', '2025-12-11 21:49:12', NULL, NULL, NULL, NULL, NULL, NULL),
(135, 65, 'user3@knoxweb.com', '$2a$10$N9qo8uLOickgx2ZMRZoMy.MqrqO6Lc.Jb/qZzFH1HqaFqXQGqKJHi', 'Janet', 'Wood', NULL, NULL, NULL, NULL, NULL, 1, NULL, NULL, NULL, NULL, 'active', NULL, '2025-12-11 21:49:12', '2025-12-11 21:49:12', NULL, NULL, NULL, NULL, NULL, NULL),
(136, 65, 'user4@knoxweb.com', '$2a$10$N9qo8uLOickgx2ZMRZoMy.MqrqO6Lc.Jb/qZzFH1HqaFqXQGqKJHi', 'Chrissy', 'Snow', NULL, NULL, NULL, NULL, NULL, 1, NULL, NULL, NULL, NULL, 'active', NULL, '2025-12-11 21:49:12', '2025-12-11 21:49:12', NULL, NULL, NULL, NULL, NULL, NULL),
(137, 65, 'user5@knoxweb.com', '$2a$10$N9qo8uLOickgx2ZMRZoMy.MqrqO6Lc.Jb/qZzFH1HqaFqXQGqKJHi', 'Terri', 'Alden', NULL, NULL, NULL, NULL, NULL, 1, NULL, NULL, NULL, NULL, 'active', NULL, '2025-12-11 21:49:12', '2025-12-11 21:49:12', NULL, NULL, NULL, NULL, NULL, NULL),
(138, 65, 'user6@knoxweb.com', '$2a$10$N9qo8uLOickgx2ZMRZoMy.MqrqO6Lc.Jb/qZzFH1HqaFqXQGqKJHi', 'Stanley', 'Roper', NULL, NULL, NULL, NULL, NULL, 1, NULL, NULL, NULL, NULL, 'active', NULL, '2025-12-11 21:49:12', '2025-12-11 21:49:12', NULL, NULL, NULL, NULL, NULL, NULL);

-- --------------------------------------------------------

--
-- Table structure for table `app_user_role_assignments`
--

CREATE TABLE `app_user_role_assignments` (
  `id` int NOT NULL,
  `user_id` int NOT NULL,
  `role_id` int DEFAULT NULL,
  `app_role_id` int DEFAULT NULL,
  `assigned_by` int DEFAULT NULL,
  `assigned_at` timestamp NULL DEFAULT CURRENT_TIMESTAMP
) ENGINE=InnoDB DEFAULT CHARSET=utf8mb4 COLLATE=utf8mb4_unicode_ci;

--
-- Dumping data for table `app_user_role_assignments`
--

INSERT INTO `app_user_role_assignments` (`id`, `user_id`, `role_id`, `app_role_id`, `assigned_by`, `assigned_at`) VALUES
(18, 22, NULL, 26, NULL, '2025-11-20 16:40:33'),
(21, 22, 6, NULL, 1, '2025-11-20 22:57:33'),
(22, 22, 5, NULL, 1, '2025-11-20 22:57:33'),
(25, 24, NULL, 25, 1, '2025-11-29 23:47:54'),
(50, 47, NULL, 25, NULL, '2025-11-30 19:35:39'),
(51, 48, NULL, 25, NULL, '2025-11-30 19:35:39'),
(52, 49, NULL, 25, NULL, '2025-11-30 19:35:39'),
(53, 50, NULL, 26, NULL, '2025-11-30 19:35:39'),
(96, 93, NULL, 105, 1, '2025-12-01 01:51:09'),
(97, 94, NULL, 106, 1, '2025-12-01 01:51:09'),
(98, 95, NULL, 106, 1, '2025-12-01 01:51:09'),
(99, 96, NULL, 106, 1, '2025-12-01 01:51:09'),
(100, 97, NULL, 106, 1, '2025-12-01 01:51:09'),
(101, 98, NULL, 105, 1, '2025-12-01 01:51:09'),
(102, 99, NULL, 108, 1, '2025-12-03 20:19:29'),
(103, 100, NULL, 109, 1, '2025-12-03 20:19:29'),
(104, 101, NULL, 109, 1, '2025-12-03 20:19:29'),
(105, 102, NULL, 109, 1, '2025-12-03 20:19:29'),
(106, 103, NULL, 109, 1, '2025-12-03 20:19:29'),
(107, 104, NULL, 108, 1, '2025-12-03 20:19:29'),
(108, 107, NULL, 111, 1, '2025-12-03 22:54:45'),
(109, 108, NULL, 111, 1, '2025-12-03 22:54:45'),
(110, 105, NULL, 110, 1, '2025-12-03 22:54:45'),
(111, 106, NULL, 110, 1, '2025-12-03 22:54:45'),
(112, 111, NULL, 113, 1, '2025-12-09 20:19:05'),
(113, 112, NULL, 113, 1, '2025-12-09 20:19:05'),
(114, 113, NULL, 114, 1, '2025-12-09 20:19:05'),
(115, 114, NULL, 114, 1, '2025-12-09 20:19:05'),
(116, 109, NULL, 112, 1, '2025-12-09 20:19:05'),
(117, 110, NULL, 112, 1, '2025-12-09 20:19:05'),
(136, 133, NULL, 125, 1, '2025-12-11 21:49:12'),
(137, 134, NULL, 126, 1, '2025-12-11 21:49:12'),
(138, 135, NULL, 126, 1, '2025-12-11 21:49:12'),
(139, 136, NULL, 126, 1, '2025-12-11 21:49:12'),
(140, 137, NULL, 126, 1, '2025-12-11 21:49:12'),
(141, 138, NULL, 125, 1, '2025-12-11 21:49:12');

-- --------------------------------------------------------

--
-- Table structure for table `booking_status_history`
--

CREATE TABLE `booking_status_history` (
  `id` int NOT NULL,
  `booking_id` int NOT NULL,
  `old_status` varchar(50) CHARACTER SET utf8mb4 COLLATE utf8mb4_unicode_ci DEFAULT NULL,
  `new_status` varchar(50) CHARACTER SET utf8mb4 COLLATE utf8mb4_unicode_ci NOT NULL,
  `changed_by` int DEFAULT NULL,
  `notes` text CHARACTER SET utf8mb4 COLLATE utf8mb4_unicode_ci,
  `created_at` timestamp NULL DEFAULT CURRENT_TIMESTAMP
) ENGINE=InnoDB DEFAULT CHARSET=utf8mb4 COLLATE=utf8mb4_unicode_ci;

--
-- Dumping data for table `booking_status_history`
--

INSERT INTO `booking_status_history` (`id`, `booking_id`, `old_status`, `new_status`, `changed_by`, `notes`, `created_at`) VALUES
(1, 50, NULL, 'pending', 94, NULL, '2025-12-04 21:23:32'),
(2, 51, NULL, 'pending', 94, NULL, '2025-12-04 21:34:27'),
(3, 34, 'pending', 'confirmed', 98, NULL, '2025-12-05 14:15:22'),
(4, 51, 'pending', 'confirmed', 98, NULL, '2025-12-05 14:15:35');

-- --------------------------------------------------------

--
-- Table structure for table `content_reports`
--

CREATE TABLE `content_reports` (
  `id` int NOT NULL,
  `app_id` int NOT NULL,
  `reporter_id` int NOT NULL,
  `content_type` enum('listing','review','user','message') NOT NULL,
  `content_id` int NOT NULL,
  `reason` enum('spam','inappropriate','misleading','harassment','fraud','other') NOT NULL,
  `description` text,
  `status` enum('pending','reviewed','resolved','dismissed') DEFAULT 'pending',
  `reviewed_by` int DEFAULT NULL,
  `reviewed_at` timestamp NULL DEFAULT NULL,
  `resolution_notes` text,
  `created_at` timestamp NULL DEFAULT CURRENT_TIMESTAMP
) ENGINE=InnoDB DEFAULT CHARSET=utf8mb4 COLLATE=utf8mb4_0900_ai_ci;

-- --------------------------------------------------------

--
-- Table structure for table `conversations`
--

CREATE TABLE `conversations` (
  `id` int NOT NULL,
  `app_id` int NOT NULL,
  `listing_id` int DEFAULT NULL,
  `user1_id` int NOT NULL,
  `user2_id` int NOT NULL,
  `last_message_at` timestamp NULL DEFAULT NULL,
  `last_message_preview` text CHARACTER SET utf8mb4 COLLATE utf8mb4_unicode_ci,
  `is_archived_user1` tinyint(1) DEFAULT '0',
  `is_archived_user2` tinyint(1) DEFAULT '0',
  `created_at` timestamp NULL DEFAULT CURRENT_TIMESTAMP,
  `updated_at` timestamp NULL DEFAULT CURRENT_TIMESTAMP ON UPDATE CURRENT_TIMESTAMP
) ENGINE=InnoDB DEFAULT CHARSET=utf8mb4 COLLATE=utf8mb4_unicode_ci;

--
-- Dumping data for table `conversations`
--

INSERT INTO `conversations` (`id`, `app_id`, `listing_id`, `user1_id`, `user2_id`, `last_message_at`, `last_message_preview`, `is_archived_user1`, `is_archived_user2`, `created_at`, `updated_at`) VALUES
(1, 56, 214, 94, 98, '2025-12-05 17:03:45', 'This is a reply from the host to the renter', 0, 0, '2025-12-05 16:49:40', '2025-12-05 17:03:45');

-- --------------------------------------------------------

--
-- Table structure for table `driver_earnings`
--

CREATE TABLE `driver_earnings` (
  `id` int NOT NULL,
  `app_id` int NOT NULL,
  `driver_id` int NOT NULL,
  `ride_id` int NOT NULL,
  `gross_amount` decimal(10,2) NOT NULL,
  `platform_fee` decimal(10,2) DEFAULT '0.00',
  `net_amount` decimal(10,2) NOT NULL,
  `tip_amount` decimal(10,2) DEFAULT '0.00',
  `bonus_amount` decimal(10,2) DEFAULT '0.00',
  `status` enum('pending','available','paid','held') DEFAULT 'pending',
  `payout_id` int DEFAULT NULL,
  `created_at` timestamp NULL DEFAULT CURRENT_TIMESTAMP,
  `available_at` timestamp NULL DEFAULT NULL,
  `paid_at` timestamp NULL DEFAULT NULL
) ENGINE=InnoDB DEFAULT CHARSET=utf8mb4 COLLATE=utf8mb4_0900_ai_ci;

-- --------------------------------------------------------

--
-- Table structure for table `driver_payouts`
--

CREATE TABLE `driver_payouts` (
  `id` int NOT NULL,
  `app_id` int NOT NULL,
  `driver_id` int NOT NULL,
  `amount` decimal(10,2) NOT NULL,
  `currency` varchar(3) DEFAULT 'USD',
  `payout_method` enum('bank_transfer','paypal','check') DEFAULT 'bank_transfer',
  `status` enum('pending','processing','completed','failed') DEFAULT 'pending',
  `transaction_id` varchar(100) DEFAULT NULL,
  `failure_reason` text,
  `created_at` timestamp NULL DEFAULT CURRENT_TIMESTAMP,
  `processed_at` timestamp NULL DEFAULT NULL
) ENGINE=InnoDB DEFAULT CHARSET=utf8mb4 COLLATE=utf8mb4_0900_ai_ci;

-- --------------------------------------------------------

--
-- Table structure for table `driver_profiles`
--

CREATE TABLE `driver_profiles` (
  `id` int NOT NULL,
  `app_id` int NOT NULL,
  `user_id` int NOT NULL,
  `vehicle_make` varchar(100) DEFAULT NULL,
  `vehicle_model` varchar(100) DEFAULT NULL,
  `vehicle_year` int DEFAULT NULL,
  `vehicle_color` varchar(50) DEFAULT NULL,
  `license_plate` varchar(20) DEFAULT NULL,
  `vehicle_type` enum('sedan','suv','van','luxury') DEFAULT 'sedan',
  `total_rides` int DEFAULT '0',
  `rating` decimal(3,2) DEFAULT '5.00',
  `total_ratings` int DEFAULT '0',
  `acceptance_rate` decimal(5,2) DEFAULT '100.00',
  `cancellation_rate` decimal(5,2) DEFAULT '0.00',
  `is_verified` tinyint(1) DEFAULT '0',
  `is_online` tinyint(1) DEFAULT '0',
  `current_latitude` decimal(10,8) DEFAULT NULL,
  `current_longitude` decimal(11,8) DEFAULT NULL,
  `last_location_update` timestamp NULL DEFAULT NULL,
  `drivers_license_url` varchar(500) DEFAULT NULL,
  `vehicle_registration_url` varchar(500) DEFAULT NULL,
  `insurance_url` varchar(500) DEFAULT NULL,
  `profile_photo_url` varchar(500) DEFAULT NULL,
  `vehicle_photo_url` varchar(500) DEFAULT NULL,
  `license_verified` tinyint(1) DEFAULT '0',
  `registration_verified` tinyint(1) DEFAULT '0',
  `insurance_verified` tinyint(1) DEFAULT '0',
  `background_check_passed` tinyint(1) DEFAULT '0',
  `created_at` timestamp NULL DEFAULT CURRENT_TIMESTAMP,
  `updated_at` timestamp NULL DEFAULT CURRENT_TIMESTAMP ON UPDATE CURRENT_TIMESTAMP
) ENGINE=InnoDB DEFAULT CHARSET=utf8mb4 COLLATE=utf8mb4_0900_ai_ci;

--
-- Dumping data for table `driver_profiles`
--

INSERT INTO `driver_profiles` (`id`, `app_id`, `user_id`, `vehicle_make`, `vehicle_model`, `vehicle_year`, `vehicle_color`, `license_plate`, `vehicle_type`, `total_rides`, `rating`, `total_ratings`, `acceptance_rate`, `cancellation_rate`, `is_verified`, `is_online`, `current_latitude`, `current_longitude`, `last_location_update`, `drivers_license_url`, `vehicle_registration_url`, `insurance_url`, `profile_photo_url`, `vehicle_photo_url`, `license_verified`, `registration_verified`, `insurance_verified`, `background_check_passed`, `created_at`, `updated_at`) VALUES
(1, 58, 105, 'Toyota', 'Camry', 2023, 'Silver', 'ABC 123', 'sedan', 156, 4.85, 0, 100.00, 0.00, 1, 0, NULL, NULL, NULL, NULL, NULL, NULL, NULL, NULL, 0, 0, 0, 0, '2025-12-03 22:54:45', '2025-12-03 22:54:45'),
(2, 58, 106, 'Honda', 'Accord', 2022, 'Black', 'XYZ 789', 'sedan', 243, 4.92, 0, 100.00, 0.00, 1, 0, NULL, NULL, NULL, NULL, NULL, NULL, NULL, NULL, 0, 0, 0, 0, '2025-12-03 22:54:45', '2025-12-03 22:54:45');

-- --------------------------------------------------------

--
-- Table structure for table `element_templates`
--

CREATE TABLE `element_templates` (
  `id` int NOT NULL,
  `element_type` varchar(50) NOT NULL,
  `name` varchar(100) NOT NULL,
  `description` text,
  `category` varchar(50) DEFAULT NULL,
  `template` json NOT NULL,
  `default_config` json DEFAULT NULL,
  `data_bindings` json DEFAULT NULL,
  `is_active` tinyint(1) DEFAULT '1',
  `created_at` timestamp NULL DEFAULT CURRENT_TIMESTAMP,
  `updated_at` timestamp NULL DEFAULT CURRENT_TIMESTAMP ON UPDATE CURRENT_TIMESTAMP
) ENGINE=InnoDB DEFAULT CHARSET=utf8mb4 COLLATE=utf8mb4_0900_ai_ci;

--
-- Dumping data for table `element_templates`
--

INSERT INTO `element_templates` (`id`, `element_type`, `name`, `description`, `category`, `template`, `default_config`, `data_bindings`, `is_active`, `created_at`, `updated_at`) VALUES
(1, 'Container', 'Container', NULL, 'layout', '{\"type\": \"Container\"}', '{\"padding\": 16}', NULL, 1, '2025-11-28 16:08:01', '2025-11-28 16:08:01'),
(2, 'Row', 'Row', NULL, 'layout', '{\"type\": \"Row\"}', '{\"gap\": 8, \"alignItems\": \"center\"}', NULL, 1, '2025-11-28 16:08:01', '2025-11-28 16:08:01'),
(3, 'Column', 'Column', NULL, 'layout', '{\"type\": \"Column\"}', '{\"gap\": 8}', NULL, 1, '2025-11-28 16:08:01', '2025-11-28 16:08:01'),
(4, 'Card', 'Card', NULL, 'layout', '{\"type\": \"Card\"}', '{\"shadow\": true, \"padding\": 16}', NULL, 1, '2025-11-28 16:08:01', '2025-11-28 16:08:01'),
(5, 'Spacer', 'Spacer', NULL, 'layout', '{\"type\": \"Spacer\"}', '{\"height\": 16}', NULL, 1, '2025-11-28 16:08:01', '2025-11-28 16:08:01'),
(6, 'Text', 'Text', NULL, 'content', '{\"type\": \"Text\"}', '{\"color\": \"#1C1C1E\", \"fontSize\": 16}', NULL, 1, '2025-11-28 16:08:01', '2025-11-28 16:08:01'),
(7, 'Heading', 'Heading', NULL, 'content', '{\"type\": \"Heading\"}', '{\"color\": \"#1C1C1E\", \"level\": \"h2\"}', NULL, 1, '2025-11-28 16:08:01', '2025-11-28 16:08:01'),
(8, 'Image', 'Image', NULL, 'content', '{\"type\": \"Image\"}', '{\"resizeMode\": \"cover\"}', NULL, 1, '2025-11-28 16:08:01', '2025-11-28 16:08:01'),
(9, 'Icon', 'Icon', NULL, 'content', '{\"type\": \"Icon\"}', '{\"size\": 24, \"color\": \"#1C1C1E\"}', NULL, 1, '2025-11-28 16:08:01', '2025-11-28 16:08:01'),
(10, 'Avatar', 'Avatar', NULL, 'content', '{\"type\": \"Avatar\"}', '{\"size\": 48}', NULL, 1, '2025-11-28 16:08:01', '2025-11-28 16:08:01'),
(11, 'Divider', 'Divider', NULL, 'content', '{\"type\": \"Divider\"}', '{\"color\": \"#E5E5EA\"}', NULL, 1, '2025-11-28 16:08:01', '2025-11-28 16:08:01'),
(12, 'Button', 'Button', NULL, 'interactive', '{\"type\": \"Button\"}', '{\"size\": \"medium\", \"variant\": \"primary\"}', NULL, 1, '2025-11-28 16:08:01', '2025-11-28 16:08:01'),
(13, 'Link', 'Link', NULL, 'interactive', '{\"type\": \"Link\"}', '{\"color\": \"#007AFF\"}', NULL, 1, '2025-11-28 16:08:01', '2025-11-28 16:08:01'),
(14, 'TextInput', 'Text Input', NULL, 'input', '{\"type\": \"TextInput\"}', '{}', NULL, 1, '2025-11-28 16:08:01', '2025-11-28 16:08:01'),
(15, 'Dropdown', 'Dropdown', NULL, 'input', '{\"type\": \"Dropdown\"}', '{}', NULL, 1, '2025-11-28 16:08:01', '2025-11-28 16:08:01'),
(16, 'Switch', 'Switch', NULL, 'input', '{\"type\": \"Switch\"}', '{}', NULL, 1, '2025-11-28 16:08:01', '2025-11-28 16:08:01'),
(17, 'ImageGallery', 'Image Gallery', NULL, 'composite', '{\"type\": \"ImageGallery\"}', '{\"height\": 300, \"showPagination\": true}', NULL, 1, '2025-11-28 16:08:01', '2025-11-28 16:08:01'),
(18, 'RatingDisplay', 'Rating Display', NULL, 'composite', '{\"type\": \"RatingDisplay\"}', '{\"size\": 16, \"maxRating\": 5}', NULL, 1, '2025-11-28 16:08:01', '2025-11-28 16:08:01'),
(19, 'PriceDisplay', 'Price Display', NULL, 'composite', '{\"type\": \"PriceDisplay\"}', '{\"currency\": \"USD\"}', NULL, 1, '2025-11-28 16:08:01', '2025-11-28 16:08:01'),
(20, 'DataField', 'Data Field', NULL, 'composite', '{\"type\": \"DataField\"}', '{}', NULL, 1, '2025-11-28 16:08:01', '2025-11-28 16:08:01'),
(21, 'ActionBar', 'Action Bar', NULL, 'composite', '{\"type\": \"ActionBar\"}', '{\"position\": \"bottom\"}', NULL, 1, '2025-11-28 16:08:01', '2025-11-28 16:08:01'),
(22, 'List', 'List', NULL, 'composite', '{\"type\": \"List\"}', '{\"separator\": true}', NULL, 1, '2025-11-28 16:08:01', '2025-11-28 16:08:01'),
(23, 'property_detail_v2', 'Property Detail (Primitives)', 'Property detail view built from primitives - fully configurable', 'property', '{\"type\": \"Column\", \"children\": [{\"type\": \"ImageGallery\", \"config\": {\"height\": 300, \"showPagination\": true, \"showFavoriteButton\": true}, \"data_binding\": {\"dataSource\": \"$.images\"}}, {\"type\": \"Container\", \"config\": {\"padding\": 16}, \"children\": [{\"type\": \"Heading\", \"config\": {\"level\": \"h1\"}, \"data_binding\": {\"text\": \"$.title\"}}, {\"type\": \"Row\", \"config\": {\"gap\": 4}, \"children\": [{\"type\": \"Icon\", \"config\": {\"name\": \"map-marker\", \"size\": 16, \"color\": \"#8E8E93\"}}, {\"type\": \"Text\", \"data_binding\": {\"text\": \"$.city, $.state\"}}]}, {\"type\": \"RatingDisplay\", \"data_binding\": {\"rating\": \"$.average_rating\", \"reviewCount\": \"$.total_reviews\"}}, {\"type\": \"Card\", \"config\": {\"marginVertical\": 16}, \"children\": [{\"type\": \"Text\", \"config\": {\"color\": \"#007AFF\", \"fontWeight\": \"600\"}, \"data_binding\": {\"text\": \"$.property_type\"}}, {\"type\": \"Row\", \"config\": {\"marginTop\": 12, \"justifyContent\": \"space-around\"}, \"children\": [{\"type\": \"Column\", \"config\": {\"alignItems\": \"center\"}, \"children\": [{\"type\": \"Icon\", \"config\": {\"name\": \"bed\", \"color\": \"#007AFF\"}}, {\"type\": \"Text\", \"config\": {\"fontWeight\": \"700\"}, \"data_binding\": {\"text\": \"$.bedrooms\"}}, {\"type\": \"Text\", \"config\": {\"color\": \"#8E8E93\", \"fontSize\": 12}, \"data_binding\": {\"text\": \"Bedrooms\"}}]}, {\"type\": \"Column\", \"config\": {\"alignItems\": \"center\"}, \"children\": [{\"type\": \"Icon\", \"config\": {\"name\": \"shower\", \"color\": \"#007AFF\"}}, {\"type\": \"Text\", \"config\": {\"fontWeight\": \"700\"}, \"data_binding\": {\"text\": \"$.bathrooms\"}}, {\"type\": \"Text\", \"config\": {\"color\": \"#8E8E93\", \"fontSize\": 12}, \"data_binding\": {\"text\": \"Bathrooms\"}}]}, {\"type\": \"Column\", \"config\": {\"alignItems\": \"center\"}, \"children\": [{\"type\": \"Icon\", \"config\": {\"name\": \"account-group\", \"color\": \"#007AFF\"}}, {\"type\": \"Text\", \"config\": {\"fontWeight\": \"700\"}, \"data_binding\": {\"text\": \"$.guests_max\"}}, {\"type\": \"Text\", \"config\": {\"color\": \"#8E8E93\", \"fontSize\": 12}, \"data_binding\": {\"text\": \"Guests\"}}]}]}]}, {\"type\": \"Heading\", \"config\": {\"text\": \"About this place\", \"level\": \"h3\"}}, {\"type\": \"Text\", \"config\": {\"lineHeight\": 24}, \"data_binding\": {\"text\": \"$.description\"}}]}]}', NULL, '{}', 1, '2025-11-28 16:08:01', '2025-11-28 16:08:01'),
(27, 'paragraph', 'Text', NULL, 'content', '{\"type\": \"Text\"}', '{\"color\": \"#1C1C1E\", \"fontSize\": 16}', NULL, 1, '2025-11-28 17:00:22', '2025-11-28 17:00:22');

-- --------------------------------------------------------

--
-- Table structure for table `media_uploads`
--

CREATE TABLE `media_uploads` (
  `id` int NOT NULL,
  `app_id` int NOT NULL,
  `entity_type` varchar(50) CHARACTER SET utf8mb4 COLLATE utf8mb4_unicode_ci NOT NULL COMMENT 'e.g., property_listing, product, post, user_profile',
  `entity_id` int NOT NULL,
  `media_type` enum('image','video') CHARACTER SET utf8mb4 COLLATE utf8mb4_unicode_ci NOT NULL DEFAULT 'image',
  `url` varchar(500) CHARACTER SET utf8mb4 COLLATE utf8mb4_unicode_ci NOT NULL,
  `storage_key` varchar(255) CHARACTER SET utf8mb4 COLLATE utf8mb4_unicode_ci DEFAULT NULL COMMENT 'S3 key or storage identifier',
  `thumbnail_url` varchar(500) CHARACTER SET utf8mb4 COLLATE utf8mb4_unicode_ci DEFAULT NULL COMMENT 'For videos or large images',
  `caption` varchar(255) CHARACTER SET utf8mb4 COLLATE utf8mb4_unicode_ci DEFAULT NULL,
  `alt_text` varchar(255) CHARACTER SET utf8mb4 COLLATE utf8mb4_unicode_ci DEFAULT NULL COMMENT 'Accessibility text',
  `display_order` int DEFAULT '0',
  `is_primary` tinyint(1) DEFAULT '0' COMMENT 'Featured/main media',
  `original_filename` varchar(255) CHARACTER SET utf8mb4 COLLATE utf8mb4_unicode_ci DEFAULT NULL,
  `file_size` int DEFAULT NULL COMMENT 'Size in bytes',
  `mime_type` varchar(100) CHARACTER SET utf8mb4 COLLATE utf8mb4_unicode_ci DEFAULT NULL,
  `width` int DEFAULT NULL COMMENT 'Image/video width in pixels',
  `height` int DEFAULT NULL COMMENT 'Image/video height in pixels',
  `duration` int DEFAULT NULL COMMENT 'Video duration in seconds',
  `created_at` timestamp NULL DEFAULT CURRENT_TIMESTAMP,
  `updated_at` timestamp NULL DEFAULT CURRENT_TIMESTAMP ON UPDATE CURRENT_TIMESTAMP
) ENGINE=InnoDB DEFAULT CHARSET=utf8mb4 COLLATE=utf8mb4_unicode_ci;

-- --------------------------------------------------------

--
-- Table structure for table `menu_items`
--

CREATE TABLE `menu_items` (
  `id` int NOT NULL,
  `menu_id` int NOT NULL,
  `screen_id` int DEFAULT NULL,
  `item_type` enum('screen','sidebar') DEFAULT 'screen',
  `sidebar_menu_id` int DEFAULT NULL,
  `sidebar_position` enum('left','right') DEFAULT NULL,
  `display_order` int DEFAULT '0',
  `label` varchar(100) DEFAULT NULL,
  `icon` varchar(50) DEFAULT NULL,
  `is_active` tinyint(1) DEFAULT '1',
  `created_at` timestamp NULL DEFAULT CURRENT_TIMESTAMP,
  `updated_at` timestamp NULL DEFAULT CURRENT_TIMESTAMP ON UPDATE CURRENT_TIMESTAMP
) ENGINE=InnoDB DEFAULT CHARSET=utf8mb4 COLLATE=utf8mb4_0900_ai_ci;

--
-- Dumping data for table `menu_items`
--

INSERT INTO `menu_items` (`id`, `menu_id`, `screen_id`, `item_type`, `sidebar_menu_id`, `sidebar_position`, `display_order`, `label`, `icon`, `is_active`, `created_at`, `updated_at`) VALUES
(1265, 189, 112, 'screen', NULL, NULL, 1, 'Search Properties', NULL, 1, '2025-12-01 01:51:09', '2025-12-11 16:05:48'),
(1266, 189, 114, 'screen', NULL, NULL, 2, 'My Bookings', 'calendar', 1, '2025-12-01 01:51:09', '2025-12-11 16:05:48'),
(1267, 189, 116, 'screen', NULL, NULL, 2, 'Messages', 'email-outline', 1, '2025-12-01 01:51:09', '2025-12-11 16:05:48'),
(1268, 189, 105, 'screen', NULL, NULL, 3, 'User Profile', 'account-outline', 1, '2025-12-01 01:51:09', '2025-12-11 16:05:48'),
(1270, 190, 112, 'screen', NULL, NULL, 0, 'Home', 'home-outline', 1, '2025-12-01 01:51:09', '2025-12-10 18:34:51'),
(1271, 190, 105, 'screen', NULL, NULL, 2, NULL, 'account-outline', 1, '2025-12-01 01:51:09', '2025-12-01 01:51:09'),
(1272, 190, 107, 'screen', NULL, NULL, 3, NULL, 'bell-outline', 1, '2025-12-01 01:51:09', '2025-12-01 01:51:09'),
(1273, 190, 109, 'screen', NULL, NULL, 4, NULL, 'account-group-outline', 1, '2025-12-01 01:51:09', '2025-12-01 01:51:09'),
(1274, 190, 108, 'screen', NULL, NULL, 5, NULL, 'email-outline', 1, '2025-12-01 01:51:09', '2025-12-01 01:51:09'),
(1275, 190, 110, 'screen', NULL, NULL, 6, NULL, 'tune', 1, '2025-12-01 01:51:09', '2025-12-01 01:51:09'),
(1276, 190, 111, 'screen', NULL, NULL, 7, NULL, 'tune-vertical', 1, '2025-12-01 01:51:09', '2025-12-01 01:51:09'),
(1277, 190, 114, 'screen', NULL, NULL, 8, NULL, 'warehouse', 1, '2025-12-01 01:51:09', '2025-12-01 01:51:09'),
(1278, 190, 116, 'screen', NULL, NULL, 9, NULL, 'inbox', 1, '2025-12-01 01:51:09', '2025-12-01 01:51:09'),
(1280, 190, 137, 'screen', NULL, NULL, 11, NULL, NULL, 1, '2025-12-01 01:51:09', '2025-12-01 01:51:09'),
(1281, 190, 128, 'screen', NULL, NULL, 12, NULL, 'logout', 1, '2025-12-01 01:51:09', '2025-12-01 01:51:09'),
(1282, 191, 131, 'screen', NULL, NULL, 0, NULL, 'view-dashboard', 1, '2025-12-01 01:51:09', '2025-12-01 01:51:09'),
(1283, 191, 129, 'screen', NULL, NULL, 1, NULL, 'home-group', 1, '2025-12-01 01:51:09', '2025-12-01 01:51:09'),
(1284, 191, 127, 'screen', NULL, NULL, 2, NULL, 'calendar-plus', 1, '2025-12-01 01:51:09', '2025-12-01 01:51:09'),
(1285, 191, 105, 'screen', NULL, NULL, 3, NULL, 'account-outline', 1, '2025-12-01 01:51:09', '2025-12-01 01:51:09'),
(1286, 191, 133, 'screen', NULL, NULL, 4, NULL, 'cash-multiple', 1, '2025-12-01 01:51:09', '2025-12-01 01:51:09'),
(1287, 191, 112, 'screen', NULL, NULL, 5, NULL, 'magnify', 1, '2025-12-01 01:51:09', '2025-12-01 01:51:09'),
(1288, 191, 107, 'screen', NULL, NULL, 6, NULL, 'bell-outline', 1, '2025-12-01 01:51:09', '2025-12-01 01:51:09'),
(1289, 191, 116, 'screen', NULL, NULL, 7, NULL, 'inbox', 1, '2025-12-01 01:51:09', '2025-12-01 01:51:09'),
(1291, 191, 96, 'screen', NULL, NULL, 8, NULL, 'home-city-outline', 1, '2025-12-01 01:51:09', '2025-12-10 20:25:40'),
(1292, 191, 132, 'screen', NULL, NULL, 9, NULL, 'calendar-check', 1, '2025-12-01 01:51:09', '2025-12-10 20:25:40'),
(1293, 191, 108, 'screen', NULL, NULL, 10, NULL, 'email-outline', 1, '2025-12-01 01:51:09', '2025-12-10 20:25:40'),
(1294, 191, 109, 'screen', NULL, NULL, 11, NULL, 'account-group-outline', 1, '2025-12-01 01:51:09', '2025-12-10 20:25:40'),
(1295, 191, 128, 'screen', NULL, NULL, 13, NULL, 'logout', 1, '2025-12-01 01:51:09', '2025-12-01 01:51:09'),
(1298, 190, 17, 'screen', NULL, NULL, 12, NULL, 'book-open-page-variant', 1, '2025-12-01 18:39:25', '2025-12-01 18:39:25'),
(1307, 190, 139, 'screen', NULL, NULL, 13, NULL, 'email', 1, '2025-12-02 20:05:10', '2025-12-02 20:05:10'),
(1308, 191, 139, 'screen', NULL, NULL, 12, NULL, 'email', 1, '2025-12-02 20:05:20', '2025-12-10 20:25:40'),
(1309, 190, 140, 'screen', NULL, NULL, 14, NULL, 'email', 1, '2025-12-03 16:23:19', '2025-12-03 16:23:19'),
(1310, 197, 112, 'screen', NULL, NULL, 1, '__NO_LABEL__', 'home-outline', 1, '2025-12-03 20:19:29', '2025-12-03 20:19:29'),
(1311, 197, 114, 'screen', NULL, NULL, 2, '__NO_LABEL__', 'calendar', 1, '2025-12-03 20:19:29', '2025-12-03 20:19:29'),
(1312, 197, 116, 'screen', NULL, NULL, 2, '__NO_LABEL__', 'email-outline', 1, '2025-12-03 20:19:29', '2025-12-03 20:19:29'),
(1313, 197, 105, 'screen', NULL, NULL, 3, '__NO_LABEL__', 'account-outline', 1, '2025-12-03 20:19:29', '2025-12-03 20:19:29'),
(1314, 197, NULL, 'sidebar', NULL, NULL, 4, '__NO_LABEL__', 'menu', 1, '2025-12-03 20:19:29', '2025-12-03 20:19:29'),
(1315, 198, 112, 'screen', NULL, NULL, 0, 'Home', 'map-search-outline', 1, '2025-12-03 20:19:29', '2025-12-03 20:19:29'),
(1316, 198, 105, 'screen', NULL, NULL, 2, NULL, 'account-outline', 1, '2025-12-03 20:19:29', '2025-12-03 20:19:29'),
(1317, 198, 107, 'screen', NULL, NULL, 3, NULL, 'bell-outline', 1, '2025-12-03 20:19:29', '2025-12-03 20:19:29'),
(1318, 198, 109, 'screen', NULL, NULL, 4, NULL, 'account-group-outline', 1, '2025-12-03 20:19:29', '2025-12-03 20:19:29'),
(1319, 198, 108, 'screen', NULL, NULL, 5, NULL, 'email-outline', 1, '2025-12-03 20:19:29', '2025-12-03 20:19:29'),
(1320, 198, 110, 'screen', NULL, NULL, 6, NULL, 'tune', 1, '2025-12-03 20:19:29', '2025-12-03 20:19:29'),
(1321, 198, 111, 'screen', NULL, NULL, 7, NULL, 'tune-vertical', 1, '2025-12-03 20:19:29', '2025-12-03 20:19:29'),
(1322, 198, 114, 'screen', NULL, NULL, 8, NULL, 'warehouse', 1, '2025-12-03 20:19:29', '2025-12-03 20:19:29'),
(1323, 198, 116, 'screen', NULL, NULL, 9, NULL, 'inbox', 1, '2025-12-03 20:19:29', '2025-12-03 20:19:29'),
(1324, 198, 117, 'screen', NULL, NULL, 10, NULL, 'chat-outline', 1, '2025-12-03 20:19:29', '2025-12-03 20:19:29'),
(1325, 198, 137, 'screen', NULL, NULL, 11, NULL, NULL, 1, '2025-12-03 20:19:29', '2025-12-03 20:19:29'),
(1326, 198, 128, 'screen', NULL, NULL, 12, NULL, 'logout', 1, '2025-12-03 20:19:29', '2025-12-03 20:19:29'),
(1327, 199, 131, 'screen', NULL, NULL, 0, NULL, 'view-dashboard', 1, '2025-12-03 20:19:29', '2025-12-03 20:19:29'),
(1328, 199, 129, 'screen', NULL, NULL, 1, NULL, 'home-group', 1, '2025-12-03 20:19:29', '2025-12-03 20:19:29'),
(1329, 199, 127, 'screen', NULL, NULL, 2, NULL, 'calendar-plus', 1, '2025-12-03 20:19:29', '2025-12-03 20:19:29'),
(1330, 199, 105, 'screen', NULL, NULL, 3, NULL, 'account-outline', 1, '2025-12-03 20:19:29', '2025-12-03 20:19:29'),
(1331, 199, 133, 'screen', NULL, NULL, 4, NULL, 'cash-multiple', 1, '2025-12-03 20:19:29', '2025-12-03 20:19:29'),
(1332, 199, 112, 'screen', NULL, NULL, 5, NULL, 'magnify', 1, '2025-12-03 20:19:29', '2025-12-03 20:19:29'),
(1333, 199, 107, 'screen', NULL, NULL, 6, NULL, 'bell-outline', 1, '2025-12-03 20:19:29', '2025-12-03 20:19:29'),
(1334, 199, 116, 'screen', NULL, NULL, 7, NULL, 'inbox', 1, '2025-12-03 20:19:29', '2025-12-03 20:19:29'),
(1335, 199, 117, 'screen', NULL, NULL, 8, NULL, 'chat-outline', 1, '2025-12-03 20:19:29', '2025-12-03 20:19:29'),
(1336, 199, 96, 'screen', NULL, NULL, 9, NULL, 'home-city-outline', 1, '2025-12-03 20:19:29', '2025-12-03 20:19:29'),
(1337, 199, 132, 'screen', NULL, NULL, 10, NULL, 'calendar-check', 1, '2025-12-03 20:19:29', '2025-12-03 20:19:29'),
(1338, 199, 108, 'screen', NULL, NULL, 11, NULL, 'email-outline', 1, '2025-12-03 20:19:29', '2025-12-03 20:19:29'),
(1339, 199, 109, 'screen', NULL, NULL, 12, NULL, 'account-group-outline', 1, '2025-12-03 20:19:29', '2025-12-03 20:19:29'),
(1340, 199, 128, 'screen', NULL, NULL, 13, NULL, 'logout', 1, '2025-12-03 20:19:29', '2025-12-03 20:19:29'),
(1341, 200, 110, 'screen', NULL, NULL, 0, NULL, 'shield-check', 1, '2025-12-03 20:19:29', '2025-12-03 20:19:29'),
(1342, 200, 111, 'screen', NULL, NULL, 1, NULL, 'file-document', 1, '2025-12-03 20:19:29', '2025-12-03 20:19:29'),
(1343, 201, 141, 'screen', NULL, NULL, 1, 'Home', 'home', 1, '2025-12-03 22:54:45', '2025-12-04 13:18:19'),
(1344, 201, 143, 'screen', NULL, NULL, 2, 'Rides', 'history', 1, '2025-12-03 22:54:45', '2025-12-04 13:18:19'),
(1345, 201, 145, 'screen', NULL, NULL, 3, 'Payment', 'credit-card', 1, '2025-12-03 22:54:45', '2025-12-04 13:18:19'),
(1346, 201, 105, 'screen', NULL, NULL, 4, 'Profile', 'account', 1, '2025-12-03 22:54:45', '2025-12-04 13:18:19'),
(1347, 202, 147, 'screen', NULL, NULL, 1, 'Home', 'home', 1, '2025-12-03 22:54:45', '2025-12-04 13:18:19'),
(1349, 202, 148, 'screen', NULL, NULL, 3, 'Earnings', 'currency-usd', 1, '2025-12-03 22:54:45', '2025-12-04 13:18:19'),
(1350, 202, 105, 'screen', NULL, NULL, 4, 'Profile', 'account', 1, '2025-12-03 22:54:45', '2025-12-04 13:18:19'),
(1351, 203, 141, 'screen', NULL, NULL, 1, 'Request Ride', 'map-marker', 1, '2025-12-03 22:54:45', '2025-12-04 13:18:19'),
(1352, 203, 143, 'screen', NULL, NULL, 2, 'Ride History', 'history', 1, '2025-12-03 22:54:45', '2025-12-04 13:18:19'),
(1353, 203, 145, 'screen', NULL, NULL, 3, 'Payment Methods', 'credit-card', 1, '2025-12-03 22:54:45', '2025-12-04 13:18:19'),
(1354, 203, 151, 'screen', NULL, NULL, 4, 'Saved Addresses', 'map-marker', 1, '2025-12-03 22:54:45', '2025-12-04 13:18:19'),
(1355, 203, 149, 'screen', NULL, NULL, 5, 'Become a Driver', 'car', 1, '2025-12-03 22:54:45', '2025-12-04 13:18:19'),
(1356, 203, 107, 'screen', NULL, NULL, 6, 'Notifications', 'bell', 1, '2025-12-03 22:54:45', '2025-12-04 13:18:19'),
(1357, 203, 105, 'screen', NULL, NULL, 7, 'Profile', 'account', 1, '2025-12-03 22:54:45', '2025-12-04 13:18:19'),
(1358, 203, 108, 'screen', NULL, NULL, 8, 'Help & Support', 'help-circle', 1, '2025-12-03 22:54:45', '2025-12-04 13:18:19'),
(1359, 203, 109, 'screen', NULL, NULL, 9, 'About', 'information', 1, '2025-12-03 22:54:45', '2025-12-04 13:18:19'),
(1360, 203, 128, 'screen', NULL, NULL, 10, 'Logout', 'logout', 1, '2025-12-03 22:54:45', '2025-12-04 13:18:19'),
(1361, 204, 147, 'screen', NULL, NULL, 1, 'Dashboard', 'view-dashboard', 1, '2025-12-03 22:54:45', '2025-12-04 13:18:19'),
(1363, 204, 148, 'screen', NULL, NULL, 3, 'Earnings', 'currency-usd', 1, '2025-12-03 22:54:45', '2025-12-04 13:18:19'),
(1364, 204, 107, 'screen', NULL, NULL, 4, 'Notifications', 'bell', 1, '2025-12-03 22:54:45', '2025-12-04 13:18:19'),
(1365, 204, 105, 'screen', NULL, NULL, 5, 'Profile', 'account', 1, '2025-12-03 22:54:45', '2025-12-04 13:18:19'),
(1366, 204, 108, 'screen', NULL, NULL, 6, 'Help & Support', 'help-circle', 1, '2025-12-03 22:54:45', '2025-12-04 13:18:19'),
(1367, 204, 128, 'screen', NULL, NULL, 7, 'Logout', 'logout', 1, '2025-12-03 22:54:45', '2025-12-04 13:18:19'),
(1384, 208, 150, 'screen', NULL, NULL, 2, 'My Rides', 'format-list-bulleted', 1, '2025-12-04 18:14:23', '2025-12-04 18:14:23'),
(1385, 208, 148, 'screen', NULL, NULL, 3, 'Earnings', 'currency-usd', 1, '2025-12-04 18:14:23', '2025-12-04 18:14:23'),
(1386, 208, 107, 'screen', NULL, NULL, 4, 'Notifications', 'bell', 1, '2025-12-04 18:14:23', '2025-12-04 18:14:23'),
(1387, 208, 105, 'screen', NULL, NULL, 5, 'Profile', 'account', 1, '2025-12-04 18:14:23', '2025-12-04 18:14:23'),
(1388, 208, 108, 'screen', NULL, NULL, 6, 'Help & Support', 'help-circle', 1, '2025-12-04 18:14:23', '2025-12-04 18:14:23'),
(1389, 208, 128, 'screen', NULL, NULL, 7, 'Logout', 'logout', 1, '2025-12-04 18:14:23', '2025-12-04 18:14:23'),
(1391, 209, 150, 'screen', NULL, NULL, 2, 'Rides', 'format-list-bulleted', 1, '2025-12-04 18:17:16', '2025-12-04 18:17:16'),
(1392, 209, 148, 'screen', NULL, NULL, 3, 'Earnings', 'currency-usd', 1, '2025-12-04 18:17:16', '2025-12-04 18:17:16'),
(1393, 209, 105, 'screen', NULL, NULL, 4, 'Profile', 'account', 1, '2025-12-04 18:17:16', '2025-12-04 18:17:16'),
(1400, 213, 110, 'screen', NULL, NULL, 0, NULL, 'shield-check', 1, '2025-12-04 19:13:55', '2025-12-04 19:13:55'),
(1401, 213, 111, 'screen', NULL, NULL, 1, NULL, 'file-document', 1, '2025-12-04 19:13:55', '2025-12-04 19:13:55'),
(1403, 189, NULL, 'sidebar', 190, 'right', 4, 'Menu', 'menu', 1, '2025-12-08 14:31:38', '2025-12-11 16:05:48'),
(1404, 7, 112, 'screen', NULL, NULL, 1, '__NO_LABEL__', 'home-outline', 1, '2025-12-08 14:50:54', '2025-12-08 14:50:54'),
(1405, 7, 114, 'screen', NULL, NULL, 2, '__NO_LABEL__', 'calendar', 1, '2025-12-08 14:50:54', '2025-12-08 14:50:54'),
(1406, 7, 116, 'screen', NULL, NULL, 3, '__NO_LABEL__', 'email-outline', 1, '2025-12-08 14:50:54', '2025-12-08 14:50:54'),
(1407, 7, 105, 'screen', NULL, NULL, 4, '__NO_LABEL__', 'account-outline', 1, '2025-12-08 14:50:54', '2025-12-08 14:50:54'),
(1408, 7, NULL, 'sidebar', 8, 'left', 5, '__NO_LABEL__', 'menu', 1, '2025-12-08 14:50:54', '2025-12-08 14:50:54'),
(1409, 8, 112, 'screen', NULL, NULL, 0, 'Home', 'map-search-outline', 1, '2025-12-08 14:50:54', '2025-12-08 14:50:54'),
(1410, 8, 105, 'screen', NULL, NULL, 2, NULL, 'account-outline', 1, '2025-12-08 14:50:54', '2025-12-08 14:50:54'),
(1411, 8, 107, 'screen', NULL, NULL, 3, NULL, 'bell-outline', 1, '2025-12-08 14:50:54', '2025-12-08 14:50:54'),
(1412, 8, 109, 'screen', NULL, NULL, 4, NULL, 'account-group-outline', 1, '2025-12-08 14:50:54', '2025-12-08 14:50:54'),
(1413, 8, 108, 'screen', NULL, NULL, 5, NULL, 'email-outline', 1, '2025-12-08 14:50:54', '2025-12-08 14:50:54'),
(1414, 8, 110, 'screen', NULL, NULL, 6, NULL, 'tune', 1, '2025-12-08 14:50:54', '2025-12-08 14:50:54'),
(1415, 8, 111, 'screen', NULL, NULL, 7, NULL, 'tune-vertical', 1, '2025-12-08 14:50:54', '2025-12-08 14:50:54'),
(1416, 8, 114, 'screen', NULL, NULL, 8, NULL, 'warehouse', 1, '2025-12-08 14:50:54', '2025-12-08 14:50:54'),
(1417, 8, 116, 'screen', NULL, NULL, 9, NULL, 'inbox', 1, '2025-12-08 14:50:54', '2025-12-08 14:50:54'),
(1418, 8, 128, 'screen', NULL, NULL, 12, NULL, 'logout', 1, '2025-12-08 14:50:54', '2025-12-08 14:50:54'),
(1419, 14, 131, 'screen', NULL, NULL, 0, NULL, 'view-dashboard', 1, '2025-12-08 14:50:54', '2025-12-08 14:50:54'),
(1420, 14, 129, 'screen', NULL, NULL, 1, NULL, 'home-group', 1, '2025-12-08 14:50:54', '2025-12-08 14:50:54'),
(1421, 14, 127, 'screen', NULL, NULL, 2, NULL, 'calendar-plus', 1, '2025-12-08 14:50:54', '2025-12-08 14:50:54'),
(1422, 14, 105, 'screen', NULL, NULL, 3, NULL, 'account-outline', 1, '2025-12-08 14:50:54', '2025-12-08 14:50:54'),
(1423, 14, 133, 'screen', NULL, NULL, 4, NULL, 'cash-multiple', 1, '2025-12-08 14:50:54', '2025-12-08 14:50:54'),
(1424, 14, 112, 'screen', NULL, NULL, 5, NULL, 'magnify', 1, '2025-12-08 14:50:54', '2025-12-08 14:50:54'),
(1425, 14, 107, 'screen', NULL, NULL, 6, NULL, 'bell-outline', 1, '2025-12-08 14:50:54', '2025-12-08 14:50:54'),
(1426, 14, 116, 'screen', NULL, NULL, 7, NULL, 'inbox', 1, '2025-12-08 14:50:54', '2025-12-08 14:50:54'),
(1427, 14, 96, 'screen', NULL, NULL, 9, NULL, 'home-city-outline', 1, '2025-12-08 14:50:54', '2025-12-08 14:50:54'),
(1428, 14, 132, 'screen', NULL, NULL, 10, NULL, 'calendar-check', 1, '2025-12-08 14:50:54', '2025-12-08 14:50:54'),
(1429, 14, 108, 'screen', NULL, NULL, 11, NULL, 'email-outline', 1, '2025-12-08 14:50:54', '2025-12-08 14:50:54'),
(1430, 14, 109, 'screen', NULL, NULL, 12, NULL, 'account-group-outline', 1, '2025-12-08 14:50:54', '2025-12-08 14:50:54'),
(1431, 14, 128, 'screen', NULL, NULL, 13, NULL, 'logout', 1, '2025-12-08 14:50:54', '2025-12-08 14:50:54'),
(1432, 16, 110, 'screen', NULL, NULL, 0, NULL, 'shield-check', 1, '2025-12-08 14:50:54', '2025-12-08 14:50:54'),
(1433, 16, 111, 'screen', NULL, NULL, 1, NULL, 'file-document', 1, '2025-12-08 14:50:54', '2025-12-08 14:50:54'),
(1434, 214, 112, 'screen', NULL, NULL, 1, '__NO_LABEL__', 'home-outline', 1, '2025-12-09 20:19:05', '2025-12-09 20:19:05'),
(1435, 214, 135, 'screen', NULL, NULL, 2, '__NO_LABEL__', 'heart-outline', 1, '2025-12-09 20:19:05', '2025-12-09 20:19:05'),
(1436, 214, 116, 'screen', NULL, NULL, 3, '__NO_LABEL__', 'email-outline', 1, '2025-12-09 20:19:05', '2025-12-09 20:19:05'),
(1437, 214, 105, 'screen', NULL, NULL, 4, '__NO_LABEL__', 'account-outline', 1, '2025-12-09 20:19:05', '2025-12-09 20:19:05'),
(1438, 214, NULL, 'sidebar', NULL, NULL, 5, '__NO_LABEL__', 'menu', 1, '2025-12-09 20:19:05', '2025-12-09 20:19:05'),
(1439, 215, 112, 'screen', NULL, NULL, 1, 'Search', 'magnify', 1, '2025-12-09 20:19:05', '2025-12-09 20:19:05'),
(1440, 215, 96, 'screen', NULL, NULL, 2, 'Browse Listings', 'home-city-outline', 1, '2025-12-09 20:19:05', '2025-12-09 20:19:05'),
(1441, 215, 135, 'screen', NULL, NULL, 3, 'Favorites', 'heart-outline', 1, '2025-12-09 20:19:05', '2025-12-09 20:19:05'),
(1442, 215, 105, 'screen', NULL, NULL, 4, 'Profile', 'account-outline', 1, '2025-12-09 20:19:05', '2025-12-09 20:19:05'),
(1443, 215, 107, 'screen', NULL, NULL, 5, 'Notifications', 'bell-outline', 1, '2025-12-09 20:19:05', '2025-12-09 20:19:05'),
(1444, 215, 116, 'screen', NULL, NULL, 6, 'Messages', 'email-outline', 1, '2025-12-09 20:19:05', '2025-12-09 20:19:05'),
(1445, 215, 109, 'screen', NULL, NULL, 7, 'About Us', 'information-outline', 1, '2025-12-09 20:19:05', '2025-12-09 20:19:05'),
(1446, 215, 108, 'screen', NULL, NULL, 8, 'Contact Us', 'phone-outline', 1, '2025-12-09 20:19:05', '2025-12-09 20:19:05'),
(1447, 215, 139, 'screen', NULL, NULL, 9, 'Customer Service', 'headphones', 1, '2025-12-09 20:19:05', '2025-12-09 20:19:05'),
(1448, 215, 110, 'screen', NULL, NULL, 10, 'Privacy Policy', 'shield-check-outline', 1, '2025-12-09 20:19:05', '2025-12-09 20:19:05'),
(1449, 215, 111, 'screen', NULL, NULL, 11, 'Terms of Service', 'file-document-outline', 1, '2025-12-09 20:19:05', '2025-12-09 20:19:05'),
(1450, 215, 128, 'screen', NULL, NULL, 12, 'Logout', 'logout', 1, '2025-12-09 20:19:05', '2025-12-09 20:19:05'),
(1451, 216, 131, 'screen', NULL, NULL, 1, 'Dashboard', 'view-dashboard', 1, '2025-12-09 20:19:05', '2025-12-09 20:19:05'),
(1452, 216, 129, 'screen', NULL, NULL, 2, 'My Listings', 'home-group', 1, '2025-12-09 20:19:05', '2025-12-09 20:19:05'),
(1453, 216, 127, 'screen', NULL, NULL, 3, 'Create Listing', 'plus-circle-outline', 1, '2025-12-09 20:19:05', '2025-12-09 20:19:05'),
(1454, 216, 132, 'screen', NULL, NULL, 4, 'Inquiries', 'clipboard-list-outline', 1, '2025-12-09 20:19:05', '2025-12-09 20:19:05'),
(1455, 216, 133, 'screen', NULL, NULL, 5, 'Earnings', 'cash-multiple', 1, '2025-12-09 20:19:05', '2025-12-09 20:19:05'),
(1456, 216, 112, 'screen', NULL, NULL, 6, 'Search', 'magnify', 1, '2025-12-09 20:19:05', '2025-12-09 20:19:05'),
(1457, 216, 105, 'screen', NULL, NULL, 7, 'Profile', 'account-outline', 1, '2025-12-09 20:19:05', '2025-12-09 20:19:05'),
(1458, 216, 107, 'screen', NULL, NULL, 8, 'Notifications', 'bell-outline', 1, '2025-12-09 20:19:05', '2025-12-09 20:19:05'),
(1459, 216, 116, 'screen', NULL, NULL, 9, 'Messages', 'email-outline', 1, '2025-12-09 20:19:05', '2025-12-09 20:19:05'),
(1460, 216, 108, 'screen', NULL, NULL, 10, 'Contact Us', 'phone-outline', 1, '2025-12-09 20:19:05', '2025-12-09 20:19:05'),
(1461, 216, 109, 'screen', NULL, NULL, 11, 'About Us', 'information-outline', 1, '2025-12-09 20:19:05', '2025-12-09 20:19:05'),
(1462, 216, 128, 'screen', NULL, NULL, 12, 'Logout', 'logout', 1, '2025-12-09 20:19:05', '2025-12-09 20:19:05'),
(1463, 217, 110, 'screen', NULL, NULL, 1, 'Privacy Policy', 'shield-check', 1, '2025-12-09 20:19:05', '2025-12-09 20:19:05'),
(1464, 217, 111, 'screen', NULL, NULL, 2, 'Terms of Service', 'file-document', 1, '2025-12-09 20:19:05', '2025-12-09 20:19:05'),
(1467, 218, 116, 'screen', NULL, NULL, 3, '__NO_LABEL__', 'email-outline', 1, '2025-12-10 22:26:51', '2025-12-11 16:06:38'),
(1468, 218, 105, 'screen', NULL, NULL, 2, '__NO_LABEL__', 'account-outline', 1, '2025-12-10 22:26:51', '2025-12-11 16:06:38'),
(1470, 218, 131, 'screen', NULL, NULL, 0, '__NO_LABEL__', 'view-dashboard', 1, '2025-12-10 22:29:18', '2025-12-11 16:06:38'),
(1471, 218, 129, 'screen', NULL, NULL, 1, '__NO_LABEL__', 'home-group', 1, '2025-12-10 22:29:18', '2025-12-11 16:06:38'),
(1472, 218, NULL, 'sidebar', 191, 'left', 4, '__NO_LABEL__', 'menu', 1, '2025-12-10 22:29:43', '2025-12-11 16:06:51'),
(1575, 231, 112, 'screen', NULL, NULL, 1, '__NO_LABEL__', 'home-outline', 1, '2025-12-11 21:49:12', '2025-12-11 21:49:12'),
(1576, 231, 114, 'screen', NULL, NULL, 2, '__NO_LABEL__', 'calendar', 1, '2025-12-11 21:49:12', '2025-12-11 21:49:12'),
(1577, 231, 116, 'screen', NULL, NULL, 2, '__NO_LABEL__', 'email-outline', 1, '2025-12-11 21:49:12', '2025-12-11 21:49:12'),
(1578, 231, 105, 'screen', NULL, NULL, 3, '__NO_LABEL__', 'account-outline', 1, '2025-12-11 21:49:12', '2025-12-11 21:49:12'),
(1579, 231, NULL, 'sidebar', 232, 'right', 4, '__NO_LABEL__', 'menu', 1, '2025-12-11 21:49:12', '2025-12-11 21:49:12'),
(1580, 232, 112, 'screen', NULL, NULL, 0, 'Home', 'map-search-outline', 1, '2025-12-11 21:49:12', '2025-12-11 21:49:12'),
(1581, 232, 105, 'screen', NULL, NULL, 2, 'User Profile', 'account-outline', 1, '2025-12-11 21:49:12', '2025-12-11 21:49:12'),
(1582, 232, 107, 'screen', NULL, NULL, 3, 'Notifications', 'bell-outline', 1, '2025-12-11 21:49:12', '2025-12-11 21:49:12'),
(1583, 232, 109, 'screen', NULL, NULL, 4, 'About Us', 'account-group-outline', 1, '2025-12-11 21:49:12', '2025-12-11 21:49:12'),
(1584, 232, 108, 'screen', NULL, NULL, 5, 'Contact Us', 'email-outline', 1, '2025-12-11 21:49:12', '2025-12-11 21:49:12'),
(1585, 232, 110, 'screen', NULL, NULL, 6, 'Privacy Policy', 'tune', 1, '2025-12-11 21:49:12', '2025-12-11 21:49:12'),
(1586, 232, 111, 'screen', NULL, NULL, 7, 'Terms of Service', 'tune-vertical', 1, '2025-12-11 21:49:12', '2025-12-11 21:49:12'),
(1587, 232, 114, 'screen', NULL, NULL, 8, 'My Bookings', 'warehouse', 1, '2025-12-11 21:49:12', '2025-12-11 21:49:12'),
(1588, 232, 116, 'screen', NULL, NULL, 9, 'Messages', 'inbox', 1, '2025-12-11 21:49:12', '2025-12-11 21:49:12'),
(1589, 232, 137, 'screen', NULL, NULL, 11, 'About (Primitives)', NULL, 1, '2025-12-11 21:49:12', '2025-12-11 21:49:12'),
(1590, 232, 128, 'screen', NULL, NULL, 12, 'Logout', 'logout', 1, '2025-12-11 21:49:12', '2025-12-11 21:49:12'),
(1591, 232, 139, 'screen', NULL, NULL, 13, 'Customer Service', 'email', 1, '2025-12-11 21:49:12', '2025-12-11 21:49:12'),
(1592, 232, 140, 'screen', NULL, NULL, 14, 'Poll', 'email', 1, '2025-12-11 21:49:12', '2025-12-11 21:49:12'),
(1593, 233, 131, 'screen', NULL, NULL, 0, 'Host Dashboard', 'view-dashboard', 1, '2025-12-11 21:49:12', '2025-12-11 21:49:12'),
(1594, 233, 129, 'screen', NULL, NULL, 1, 'My Listings', 'home-group', 1, '2025-12-11 21:49:12', '2025-12-11 21:49:12'),
(1595, 233, 127, 'screen', NULL, NULL, 2, 'Create Listing', 'calendar-plus', 1, '2025-12-11 21:49:12', '2025-12-11 21:49:12'),
(1596, 233, 105, 'screen', NULL, NULL, 3, 'User Profile', 'account-outline', 1, '2025-12-11 21:49:12', '2025-12-11 21:49:12'),
(1597, 233, 133, 'screen', NULL, NULL, 4, 'Earnings', 'cash-multiple', 1, '2025-12-11 21:49:12', '2025-12-11 21:49:12'),
(1598, 233, 112, 'screen', NULL, NULL, 5, 'Search Properties', 'magnify', 1, '2025-12-11 21:49:12', '2025-12-11 21:49:12'),
(1599, 233, 107, 'screen', NULL, NULL, 6, 'Notifications', 'bell-outline', 1, '2025-12-11 21:49:12', '2025-12-11 21:49:12'),
(1600, 233, 116, 'screen', NULL, NULL, 7, 'Messages', 'inbox', 1, '2025-12-11 21:49:12', '2025-12-11 21:49:12'),
(1601, 233, 96, 'screen', NULL, NULL, 9, 'Property Listings', 'home-city-outline', 1, '2025-12-11 21:49:12', '2025-12-11 21:49:12'),
(1602, 233, 132, 'screen', NULL, NULL, 10, 'Host Bookings', 'calendar-check', 1, '2025-12-11 21:49:12', '2025-12-11 21:49:12'),
(1603, 233, 108, 'screen', NULL, NULL, 11, 'Contact Us', 'email-outline', 1, '2025-12-11 21:49:12', '2025-12-11 21:49:12'),
(1604, 233, 109, 'screen', NULL, NULL, 12, 'About Us', 'account-group-outline', 1, '2025-12-11 21:49:12', '2025-12-11 21:49:12'),
(1605, 233, 128, 'screen', NULL, NULL, 13, 'Logout', 'logout', 1, '2025-12-11 21:49:12', '2025-12-11 21:49:12'),
(1606, 233, 139, 'screen', NULL, NULL, 14, 'Customer Service', 'email', 1, '2025-12-11 21:49:12', '2025-12-11 21:49:12'),
(1607, 234, 110, 'screen', NULL, NULL, 0, 'Privacy Policy', 'shield-check', 1, '2025-12-11 21:49:12', '2025-12-11 21:49:12'),
(1608, 234, 111, 'screen', NULL, NULL, 1, 'Terms of Service', 'file-document', 1, '2025-12-11 21:49:12', '2025-12-11 21:49:12');

-- --------------------------------------------------------

--
-- Table structure for table `menu_role_access`
--

CREATE TABLE `menu_role_access` (
  `id` int NOT NULL,
  `menu_id` int NOT NULL,
  `role_id` int NOT NULL,
  `app_id` int NOT NULL,
  `created_at` timestamp NULL DEFAULT CURRENT_TIMESTAMP
) ENGINE=InnoDB DEFAULT CHARSET=utf8mb4 COLLATE=utf8mb4_0900_ai_ci;

--
-- Dumping data for table `menu_role_access`
--

INSERT INTO `menu_role_access` (`id`, `menu_id`, `role_id`, `app_id`, `created_at`) VALUES
(3, 14, 26, 28, '2025-11-26 22:03:25'),
(4, 8, 25, 28, '2025-11-26 22:06:43'),
(5, 7, 25, 28, '2025-11-26 22:07:18'),
(90, 191, 105, 56, '2025-12-01 01:51:09'),
(91, 190, 106, 56, '2025-12-01 01:51:09'),
(99, 199, 108, 57, '2025-12-03 20:19:29'),
(100, 198, 109, 57, '2025-12-03 20:19:29'),
(101, 197, 109, 57, '2025-12-03 20:19:29'),
(102, 201, 111, 58, '2025-12-03 22:54:45'),
(103, 202, 110, 58, '2025-12-03 22:54:45'),
(104, 203, 111, 58, '2025-12-03 22:54:45'),
(105, 204, 110, 58, '2025-12-03 22:54:45'),
(108, 208, 110, 58, '2025-12-04 18:14:23'),
(109, 209, 110, 58, '2025-12-04 18:17:16'),
(113, 213, 105, 56, '2025-12-04 19:14:21'),
(114, 213, 106, 56, '2025-12-04 19:14:21'),
(115, 214, 113, 60, '2025-12-09 20:19:05'),
(116, 215, 113, 60, '2025-12-09 20:19:05'),
(117, 216, 114, 60, '2025-12-09 20:19:05'),
(118, 216, 112, 60, '2025-12-09 20:19:05'),
(119, 217, 113, 60, '2025-12-09 20:19:05'),
(120, 217, 114, 60, '2025-12-09 20:19:05'),
(121, 217, 112, 60, '2025-12-09 20:19:05'),
(124, 189, 106, 56, '2025-12-10 18:36:51'),
(126, 218, 105, 56, '2025-12-10 22:27:18'),
(136, 231, 126, 65, '2025-12-11 21:49:12'),
(137, 232, 126, 65, '2025-12-11 21:49:12'),
(138, 233, 125, 65, '2025-12-11 21:49:12');

-- --------------------------------------------------------

--
-- Table structure for table `messages`
--

CREATE TABLE `messages` (
  `id` int NOT NULL,
  `conversation_id` int NOT NULL,
  `sender_id` int NOT NULL,
  `message_text` text CHARACTER SET utf8mb4 COLLATE utf8mb4_unicode_ci NOT NULL,
  `attachment_url` varchar(500) CHARACTER SET utf8mb4 COLLATE utf8mb4_unicode_ci DEFAULT NULL,
  `attachment_type` varchar(50) CHARACTER SET utf8mb4 COLLATE utf8mb4_unicode_ci DEFAULT NULL,
  `is_read` tinyint(1) DEFAULT '0',
  `read_at` timestamp NULL DEFAULT NULL,
  `created_at` timestamp NULL DEFAULT CURRENT_TIMESTAMP
) ENGINE=InnoDB DEFAULT CHARSET=utf8mb4 COLLATE=utf8mb4_unicode_ci;

--
-- Dumping data for table `messages`
--

INSERT INTO `messages` (`id`, `conversation_id`, `sender_id`, `message_text`, `attachment_url`, `attachment_type`, `is_read`, `read_at`, `created_at`) VALUES
(1, 1, 94, 'This is a test from the renter to the host', NULL, NULL, 1, '2025-12-05 17:03:29', '2025-12-05 17:03:14'),
(2, 1, 98, 'This is a reply from the host to the renter', NULL, NULL, 1, '2025-12-05 17:03:48', '2025-12-05 17:03:45');

--
-- Triggers `messages`
--
DELIMITER $$
CREATE TRIGGER `after_message_insert` AFTER INSERT ON `messages` FOR EACH ROW BEGIN
  UPDATE conversations 
  SET 
    last_message_at = NEW.created_at,
    last_message_preview = LEFT(NEW.message_text, 100),
    updated_at = NEW.created_at
  WHERE id = NEW.conversation_id;
END
$$
DELIMITER ;

-- --------------------------------------------------------

--
-- Table structure for table `message_read_receipts`
--

CREATE TABLE `message_read_receipts` (
  `id` int NOT NULL,
  `message_id` int NOT NULL,
  `user_id` int NOT NULL,
  `read_at` timestamp NULL DEFAULT CURRENT_TIMESTAMP
) ENGINE=InnoDB DEFAULT CHARSET=utf8mb4 COLLATE=utf8mb4_unicode_ci;

-- --------------------------------------------------------

--
-- Table structure for table `notifications`
--

CREATE TABLE `notifications` (
  `id` int NOT NULL,
  `app_id` int NOT NULL,
  `user_id` int NOT NULL,
  `type` varchar(50) NOT NULL COMMENT 'booking_request, booking_confirmed, booking_cancelled, new_message, review_received, etc.',
  `title` varchar(255) NOT NULL,
  `message` text NOT NULL,
  `data` json DEFAULT NULL COMMENT 'Additional data like booking_id, conversation_id, listing_id, etc.',
  `is_read` tinyint(1) DEFAULT '0',
  `read_at` timestamp NULL DEFAULT NULL,
  `created_at` timestamp NULL DEFAULT CURRENT_TIMESTAMP
) ENGINE=InnoDB DEFAULT CHARSET=utf8mb4 COLLATE=utf8mb4_0900_ai_ci;

-- --------------------------------------------------------

--
-- Table structure for table `property_amenities`
--

CREATE TABLE `property_amenities` (
  `id` int NOT NULL,
  `name` varchar(100) CHARACTER SET utf8mb4 COLLATE utf8mb4_unicode_ci NOT NULL,
  `category` enum('basic','features','safety','accessibility','outdoor','entertainment') CHARACTER SET utf8mb4 COLLATE utf8mb4_unicode_ci DEFAULT 'basic',
  `icon` varchar(50) CHARACTER SET utf8mb4 COLLATE utf8mb4_unicode_ci DEFAULT NULL COMMENT 'Icon name for UI',
  `description` text CHARACTER SET utf8mb4 COLLATE utf8mb4_unicode_ci,
  `is_active` tinyint(1) DEFAULT '1',
  `created_at` timestamp NULL DEFAULT CURRENT_TIMESTAMP
) ENGINE=InnoDB DEFAULT CHARSET=utf8mb4 COLLATE=utf8mb4_unicode_ci;

--
-- Dumping data for table `property_amenities`
--

INSERT INTO `property_amenities` (`id`, `name`, `category`, `icon`, `description`, `is_active`, `created_at`) VALUES
(1, 'WiFi', 'basic', 'Wifi', NULL, 1, '2025-11-12 20:09:13'),
(2, 'Kitchen', 'basic', 'ChefHat', NULL, 1, '2025-11-12 20:09:13'),
(3, 'Washer', 'basic', 'WashingMachine', NULL, 1, '2025-11-12 20:09:13'),
(4, 'Dryer', 'basic', 'Wind', NULL, 1, '2025-11-12 20:09:13'),
(5, 'Air Conditioning', 'basic', 'AirVent', NULL, 1, '2025-11-12 20:09:13'),
(6, 'Heating', 'basic', 'Flame', NULL, 1, '2025-11-12 20:09:13'),
(7, 'TV', 'basic', 'Tv', NULL, 1, '2025-11-12 20:09:13'),
(8, 'Hair Dryer', 'basic', 'Wind', NULL, 1, '2025-11-12 20:09:13'),
(9, 'Iron', 'basic', 'Shirt', NULL, 1, '2025-11-12 20:09:13'),
(10, 'Pool', 'features', 'Waves', NULL, 1, '2025-11-12 20:09:13'),
(11, 'Hot Tub', 'features', 'Bath', NULL, 1, '2025-11-12 20:09:13'),
(12, 'Gym', 'features', 'Dumbbell', NULL, 1, '2025-11-12 20:09:13'),
(13, 'EV Charger', 'features', 'BatteryCharging', NULL, 1, '2025-11-12 20:09:13'),
(14, 'BBQ Grill', 'features', 'Flame', NULL, 1, '2025-11-12 20:09:13'),
(15, 'Fireplace', 'features', 'Flame', NULL, 1, '2025-11-12 20:09:13'),
(16, 'Piano', 'features', 'Music', NULL, 1, '2025-11-12 20:09:13'),
(17, 'Workspace', 'features', 'Monitor', NULL, 1, '2025-11-12 20:09:13'),
(18, 'Smoke Alarm', 'safety', 'AlertTriangle', NULL, 1, '2025-11-12 20:09:13'),
(19, 'Carbon Monoxide Alarm', 'safety', 'AlertTriangle', NULL, 1, '2025-11-12 20:09:13'),
(20, 'Fire Extinguisher', 'safety', 'Shield', NULL, 1, '2025-11-12 20:09:13'),
(21, 'First Aid Kit', 'safety', 'Heart', NULL, 1, '2025-11-12 20:09:13'),
(22, 'Security Cameras', 'safety', 'Camera', NULL, 1, '2025-11-12 20:09:13'),
(23, 'Step-free Entry', 'accessibility', 'Home', NULL, 1, '2025-11-12 20:09:13'),
(24, 'Elevator', 'accessibility', 'ArrowUpDown', NULL, 1, '2025-11-12 20:09:13'),
(25, 'Wide Doorways', 'accessibility', 'DoorOpen', NULL, 1, '2025-11-12 20:09:13'),
(26, 'Accessible Parking', 'accessibility', 'ParkingCircle', NULL, 1, '2025-11-12 20:09:13'),
(27, 'Patio', 'outdoor', 'Trees', NULL, 1, '2025-11-12 20:09:13'),
(28, 'Balcony', 'outdoor', 'Home', NULL, 1, '2025-11-12 20:09:13'),
(29, 'Garden', 'outdoor', 'Flower', NULL, 1, '2025-11-12 20:09:13'),
(30, 'Beach Access', 'outdoor', 'Waves', NULL, 1, '2025-11-12 20:09:13'),
(31, 'Lake Access', 'outdoor', 'Waves', NULL, 1, '2025-11-12 20:09:13'),
(32, 'Netflix', 'entertainment', 'Tv', NULL, 1, '2025-11-12 20:09:13'),
(33, 'Board Games', 'entertainment', 'Gamepad2', NULL, 1, '2025-11-12 20:09:13'),
(34, 'Books', 'entertainment', 'Book', NULL, 1, '2025-11-12 20:09:13'),
(35, 'Sound System', 'entertainment', 'Music', NULL, 1, '2025-11-12 20:09:13');

-- --------------------------------------------------------

--
-- Table structure for table `property_availability`
--

CREATE TABLE `property_availability` (
  `id` int NOT NULL,
  `listing_id` int NOT NULL,
  `date` date NOT NULL,
  `is_available` tinyint(1) DEFAULT '1',
  `price_override` decimal(10,2) DEFAULT NULL COMMENT 'Special pricing for this date',
  `notes` varchar(255) CHARACTER SET utf8mb4 COLLATE utf8mb4_unicode_ci DEFAULT NULL,
  `created_at` timestamp NULL DEFAULT CURRENT_TIMESTAMP,
  `updated_at` timestamp NULL DEFAULT CURRENT_TIMESTAMP ON UPDATE CURRENT_TIMESTAMP
) ENGINE=InnoDB DEFAULT CHARSET=utf8mb4 COLLATE=utf8mb4_unicode_ci;

--
-- Dumping data for table `property_availability`
--

INSERT INTO `property_availability` (`id`, `listing_id`, `date`, `is_available`, `price_override`, `notes`, `created_at`, `updated_at`) VALUES
(1, 216, '2025-02-10', 0, NULL, 'Blocked by booking', '2025-12-05 14:15:22', '2025-12-05 14:15:22'),
(2, 216, '2025-02-11', 0, NULL, 'Blocked by booking', '2025-12-05 14:15:22', '2025-12-05 14:15:22'),
(3, 216, '2025-02-12', 0, NULL, 'Blocked by booking', '2025-12-05 14:15:22', '2025-12-05 14:15:22'),
(4, 216, '2025-02-13', 0, NULL, 'Blocked by booking', '2025-12-05 14:15:22', '2025-12-05 14:15:22'),
(5, 216, '2025-12-04', 0, NULL, 'Blocked by booking', '2025-12-05 14:15:35', '2025-12-05 14:15:35'),
(6, 216, '2025-12-05', 0, NULL, 'Blocked by booking', '2025-12-05 14:15:35', '2025-12-05 14:15:35'),
(7, 216, '2025-12-06', 0, NULL, 'Blocked by booking', '2025-12-05 14:15:35', '2025-12-05 14:15:35'),
(8, 216, '2025-12-07', 0, NULL, 'Blocked by booking', '2025-12-05 14:15:35', '2025-12-05 14:15:35'),
(9, 216, '2025-12-08', 0, NULL, 'Blocked by booking', '2025-12-05 14:15:35', '2025-12-05 14:15:35'),
(10, 216, '2025-12-17', 1, NULL, NULL, '2025-12-05 14:51:18', '2025-12-05 14:51:18'),
(11, 216, '2025-12-14', 1, NULL, NULL, '2025-12-05 14:51:18', '2025-12-05 14:51:18'),
(12, 216, '2025-12-15', 1, NULL, NULL, '2025-12-05 14:51:18', '2025-12-05 14:51:18'),
(13, 216, '2025-12-16', 1, NULL, NULL, '2025-12-05 14:51:18', '2025-12-05 14:51:18'),
(14, 216, '2025-12-18', 1, NULL, NULL, '2025-12-05 14:51:18', '2025-12-05 14:51:18'),
(15, 216, '2025-12-19', 1, NULL, NULL, '2025-12-05 14:51:18', '2025-12-05 14:51:18');

-- --------------------------------------------------------

--
-- Table structure for table `property_bookings`
--

CREATE TABLE `property_bookings` (
  `id` int NOT NULL,
  `app_id` int NOT NULL,
  `listing_id` int NOT NULL,
  `guest_user_id` int NOT NULL,
  `host_user_id` int NOT NULL,
  `check_in_date` date NOT NULL,
  `check_out_date` date NOT NULL,
  `guests_count` int NOT NULL DEFAULT '1',
  `nights` int NOT NULL,
  `price_per_night` decimal(10,2) NOT NULL,
  `cleaning_fee` decimal(10,2) DEFAULT '0.00',
  `service_fee` decimal(10,2) DEFAULT '0.00',
  `total_price` decimal(10,2) NOT NULL,
  `status` enum('pending','confirmed','cancelled','completed','rejected') CHARACTER SET utf8mb4 COLLATE utf8mb4_unicode_ci DEFAULT 'pending',
  `guest_first_name` varchar(100) CHARACTER SET utf8mb4 COLLATE utf8mb4_unicode_ci DEFAULT NULL,
  `guest_last_name` varchar(100) CHARACTER SET utf8mb4 COLLATE utf8mb4_unicode_ci DEFAULT NULL,
  `guest_email` varchar(255) CHARACTER SET utf8mb4 COLLATE utf8mb4_unicode_ci DEFAULT NULL,
  `guest_phone` varchar(20) CHARACTER SET utf8mb4 COLLATE utf8mb4_unicode_ci DEFAULT NULL,
  `special_requests` text CHARACTER SET utf8mb4 COLLATE utf8mb4_unicode_ci,
  `cancelled_at` timestamp NULL DEFAULT NULL,
  `cancelled_by` int DEFAULT NULL,
  `cancellation_reason` text CHARACTER SET utf8mb4 COLLATE utf8mb4_unicode_ci,
  `created_at` timestamp NULL DEFAULT CURRENT_TIMESTAMP,
  `updated_at` timestamp NULL DEFAULT CURRENT_TIMESTAMP ON UPDATE CURRENT_TIMESTAMP,
  `confirmed_at` timestamp NULL DEFAULT NULL,
  `completed_at` timestamp NULL DEFAULT NULL
) ENGINE=InnoDB DEFAULT CHARSET=utf8mb4 COLLATE=utf8mb4_unicode_ci;

--
-- Dumping data for table `property_bookings`
--

INSERT INTO `property_bookings` (`id`, `app_id`, `listing_id`, `guest_user_id`, `host_user_id`, `check_in_date`, `check_out_date`, `guests_count`, `nights`, `price_per_night`, `cleaning_fee`, `service_fee`, `total_price`, `status`, `guest_first_name`, `guest_last_name`, `guest_email`, `guest_phone`, `special_requests`, `cancelled_at`, `cancelled_by`, `cancellation_reason`, `created_at`, `updated_at`, `confirmed_at`, `completed_at`) VALUES
(1, 28, 1, 24, 22, '2024-06-15', '2024-06-20', 2, 5, 125.00, 0.00, 0.00, 625.00, 'completed', NULL, NULL, NULL, NULL, 'Looking forward to staying at your loft!', NULL, NULL, NULL, '2024-06-01 10:00:00', '2025-11-30 19:56:14', '2024-06-02 09:00:00', '2024-06-20 12:00:00'),
(2, 28, 3, 47, 22, '2024-07-01', '2024-07-05', 1, 4, 85.00, 0.00, 0.00, 340.00, 'completed', NULL, NULL, NULL, NULL, 'Perfect location for my visit.', NULL, NULL, NULL, '2024-06-20 14:30:00', '2025-11-30 19:56:14', '2024-06-21 10:00:00', '2024-07-05 11:00:00'),
(3, 28, 2, 48, 50, '2024-07-10', '2024-07-15', 4, 5, 200.00, 0.00, 0.00, 1000.00, 'completed', NULL, NULL, NULL, NULL, 'Family reunion - cant wait!', NULL, NULL, NULL, '2024-06-25 09:15:00', '2025-11-30 19:56:14', '2024-06-26 08:00:00', '2024-07-15 10:00:00'),
(4, 28, 5, 49, 22, '2024-08-01', '2024-08-07', 2, 6, 150.00, 0.00, 0.00, 900.00, 'completed', NULL, NULL, NULL, NULL, 'Anniversary getaway.', NULL, NULL, NULL, '2024-07-15 16:45:00', '2025-11-30 19:56:14', '2024-07-16 11:00:00', '2024-08-07 12:00:00'),
(5, 28, 4, 24, 50, '2024-08-20', '2024-08-25', 2, 5, 175.00, 0.00, 0.00, 875.00, 'completed', NULL, NULL, NULL, NULL, 'Love waterfront properties!', NULL, NULL, NULL, '2024-08-05 11:20:00', '2025-11-30 19:56:14', '2024-08-06 09:00:00', '2024-08-25 11:00:00'),
(6, 28, 6, 47, 50, '2024-09-05', '2024-09-08', 1, 3, 110.00, 0.00, 0.00, 330.00, 'completed', NULL, NULL, NULL, NULL, 'Bringing my dog - thanks for being pet friendly!', NULL, NULL, NULL, '2024-08-20 13:00:00', '2025-11-30 19:56:14', '2024-08-21 10:00:00', '2024-09-08 10:00:00'),
(7, 28, 7, 48, 22, '2024-09-15', '2024-09-20', 3, 5, 180.00, 0.00, 0.00, 900.00, 'completed', NULL, NULL, NULL, NULL, 'Love Victorian homes!', NULL, NULL, NULL, '2024-09-01 10:30:00', '2025-11-30 19:56:14', '2024-09-02 08:00:00', '2024-09-20 11:00:00'),
(8, 28, 8, 49, 50, '2024-10-01', '2024-10-05', 2, 4, 165.00, 0.00, 0.00, 660.00, 'completed', NULL, NULL, NULL, NULL, 'Business trip to Knoxville.', NULL, NULL, NULL, '2024-09-15 08:45:00', '2025-11-30 19:56:14', '2024-09-16 09:00:00', '2024-10-05 10:00:00'),
(9, 28, 9, 24, 22, '2024-10-20', '2024-10-23', 1, 3, 75.00, 0.00, 0.00, 225.00, 'completed', NULL, NULL, NULL, NULL, 'Quick weekend trip for the game!', NULL, NULL, NULL, '2024-10-10 17:00:00', '2025-11-30 19:56:14', '2024-10-11 08:00:00', '2024-10-23 12:00:00'),
(10, 28, 10, 47, 50, '2024-11-01', '2024-11-07', 4, 6, 350.00, 0.00, 0.00, 2100.00, 'completed', NULL, NULL, NULL, NULL, 'Thanksgiving with family.', NULL, NULL, NULL, '2024-10-15 12:00:00', '2025-11-30 19:56:14', '2024-10-16 10:00:00', '2024-11-07 11:00:00'),
(11, 28, 1, 48, 22, '2024-12-20', '2024-12-27', 2, 7, 125.00, 0.00, 0.00, 875.00, 'completed', NULL, NULL, NULL, NULL, 'Christmas vacation!', NULL, NULL, NULL, '2024-11-15 09:00:00', '2025-12-06 00:00:00', '2024-11-16 10:00:00', NULL),
(12, 28, 14, 49, 50, '2024-12-28', '2025-01-02', 3, 5, 250.00, 0.00, 0.00, 1250.00, 'completed', NULL, NULL, NULL, NULL, 'New Years celebration.', NULL, NULL, NULL, '2024-11-20 14:00:00', '2025-12-06 00:00:00', '2024-11-21 09:00:00', NULL),
(13, 28, 2, 24, 50, '2025-01-10', '2025-01-15', 2, 5, 200.00, 0.00, 0.00, 1000.00, 'completed', NULL, NULL, NULL, NULL, 'Winter getaway.', NULL, NULL, NULL, '2024-12-01 11:30:00', '2025-12-06 00:00:00', '2024-12-02 08:00:00', NULL),
(14, 28, 5, 47, 22, '2025-01-20', '2025-01-25', 2, 5, 150.00, 0.00, 0.00, 750.00, 'completed', NULL, NULL, NULL, NULL, 'Quiet retreat needed.', NULL, NULL, NULL, '2024-12-10 16:00:00', '2025-12-06 00:00:00', '2024-12-11 10:00:00', NULL),
(15, 28, 3, 49, 22, '2025-02-01', '2025-02-05', 1, 4, 85.00, 0.00, 0.00, 340.00, 'pending', NULL, NULL, NULL, NULL, 'First time visiting Knoxville!', NULL, NULL, NULL, '2025-11-30 19:56:37', '2025-11-30 19:56:37', NULL, NULL),
(16, 28, 4, 48, 50, '2025-02-10', '2025-02-14', 2, 4, 175.00, 0.00, 0.00, 700.00, 'pending', NULL, NULL, NULL, NULL, 'Valentines Day trip.', NULL, NULL, NULL, '2025-11-30 19:56:37', '2025-11-30 19:56:37', NULL, NULL),
(17, 28, 6, 24, 50, '2024-11-15', '2024-11-20', 1, 5, 110.00, 0.00, 0.00, 550.00, 'cancelled', NULL, NULL, NULL, NULL, 'Work trip.', '2024-11-01 14:00:00', NULL, 'Work schedule changed - had to cancel unfortunately.', '2024-10-20 10:00:00', '2025-11-30 19:56:37', NULL, NULL),
(18, 28, 7, 49, 22, '2024-11-25', '2024-11-30', 2, 5, 180.00, 0.00, 0.00, 900.00, 'cancelled', NULL, NULL, NULL, NULL, 'Thanksgiving plans.', '2024-11-10 09:00:00', NULL, 'Family plans changed.', '2024-11-01 15:00:00', '2025-11-30 19:56:37', NULL, NULL),
(19, 56, 213, 94, 93, '2024-06-15', '2024-06-20', 2, 5, 125.00, 0.00, 0.00, 625.00, 'completed', NULL, NULL, NULL, NULL, 'Looking forward to staying at your loft!', NULL, NULL, NULL, '2024-06-01 10:00:00', '2025-11-30 19:56:14', NULL, NULL),
(20, 56, 215, 95, 93, '2024-07-01', '2024-07-05', 1, 4, 85.00, 0.00, 0.00, 340.00, 'completed', NULL, NULL, NULL, NULL, 'Perfect location for my visit.', NULL, NULL, NULL, '2024-06-20 14:30:00', '2025-11-30 19:56:14', NULL, NULL),
(21, 56, 214, 96, 98, '2024-07-10', '2024-07-15', 4, 5, 200.00, 0.00, 0.00, 1000.00, 'completed', NULL, NULL, NULL, NULL, 'Family reunion - cant wait!', NULL, NULL, NULL, '2024-06-25 09:15:00', '2025-11-30 19:56:14', NULL, NULL),
(22, 56, 217, 97, 93, '2024-08-01', '2024-08-07', 2, 6, 150.00, 0.00, 0.00, 900.00, 'completed', NULL, NULL, NULL, NULL, 'Anniversary getaway.', NULL, NULL, NULL, '2024-07-15 16:45:00', '2025-11-30 19:56:14', NULL, NULL),
(23, 56, 216, 94, 98, '2024-08-20', '2024-08-25', 2, 5, 175.00, 0.00, 0.00, 875.00, 'completed', NULL, NULL, NULL, NULL, 'Love waterfront properties!', NULL, NULL, NULL, '2024-08-05 11:20:00', '2025-11-30 19:56:14', NULL, NULL),
(24, 56, 218, 95, 98, '2024-09-05', '2024-09-08', 1, 3, 110.00, 0.00, 0.00, 330.00, 'completed', NULL, NULL, NULL, NULL, 'Bringing my dog - thanks for being pet friendly!', NULL, NULL, NULL, '2024-08-20 13:00:00', '2025-11-30 19:56:14', NULL, NULL),
(25, 56, 219, 96, 93, '2024-09-15', '2024-09-20', 3, 5, 180.00, 0.00, 0.00, 900.00, 'completed', NULL, NULL, NULL, NULL, 'Love Victorian homes!', NULL, NULL, NULL, '2024-09-01 10:30:00', '2025-11-30 19:56:14', NULL, NULL),
(26, 56, 220, 97, 98, '2024-10-01', '2024-10-05', 2, 4, 165.00, 0.00, 0.00, 660.00, 'completed', NULL, NULL, NULL, NULL, 'Business trip to Knoxville.', NULL, NULL, NULL, '2024-09-15 08:45:00', '2025-11-30 19:56:14', NULL, NULL),
(27, 56, 221, 94, 93, '2024-10-20', '2024-10-23', 1, 3, 75.00, 0.00, 0.00, 225.00, 'completed', NULL, NULL, NULL, NULL, 'Quick weekend trip for the game!', NULL, NULL, NULL, '2024-10-10 17:00:00', '2025-11-30 19:56:14', NULL, NULL),
(28, 56, 222, 95, 98, '2024-11-01', '2024-11-07', 4, 6, 350.00, 0.00, 0.00, 2100.00, 'completed', NULL, NULL, NULL, NULL, 'Thanksgiving with family.', NULL, NULL, NULL, '2024-10-15 12:00:00', '2025-11-30 19:56:14', NULL, NULL),
(29, 56, 213, 96, 93, '2024-12-20', '2024-12-27', 2, 7, 125.00, 0.00, 0.00, 875.00, 'completed', NULL, NULL, NULL, NULL, 'Christmas vacation!', NULL, NULL, NULL, '2024-11-15 09:00:00', '2025-12-06 00:00:00', NULL, NULL),
(30, 56, 223, 97, 98, '2024-12-28', '2025-01-02', 3, 5, 250.00, 0.00, 0.00, 1250.00, 'completed', NULL, NULL, NULL, NULL, 'New Years celebration.', NULL, NULL, NULL, '2024-11-20 14:00:00', '2025-12-06 00:00:00', NULL, NULL),
(31, 56, 214, 94, 98, '2025-01-10', '2025-01-15', 2, 5, 200.00, 0.00, 0.00, 1000.00, 'completed', NULL, NULL, NULL, NULL, 'Winter getaway.', NULL, NULL, NULL, '2024-12-01 11:30:00', '2025-12-06 00:00:00', NULL, NULL),
(32, 56, 217, 95, 93, '2025-01-20', '2025-01-25', 2, 5, 150.00, 0.00, 0.00, 750.00, 'completed', NULL, NULL, NULL, NULL, 'Quiet retreat needed.', NULL, NULL, NULL, '2024-12-10 16:00:00', '2025-12-06 00:00:00', NULL, NULL),
(33, 56, 215, 97, 93, '2025-02-01', '2025-02-05', 1, 4, 85.00, 0.00, 0.00, 340.00, 'pending', NULL, NULL, NULL, NULL, 'First time visiting Knoxville!', NULL, NULL, NULL, '2025-11-30 19:56:37', '2025-11-30 19:56:37', NULL, NULL),
(34, 56, 216, 96, 98, '2025-02-10', '2025-02-14', 2, 4, 175.00, 0.00, 0.00, 700.00, 'completed', NULL, NULL, NULL, NULL, 'Valentines Day trip.', NULL, NULL, NULL, '2025-11-30 19:56:37', '2025-12-06 00:00:00', '2025-12-05 14:15:22', NULL),
(35, 56, 218, 94, 98, '2024-11-15', '2024-11-20', 1, 5, 110.00, 0.00, 0.00, 550.00, 'cancelled', NULL, NULL, NULL, NULL, 'Work trip.', NULL, NULL, NULL, '2024-10-20 10:00:00', '2025-11-30 19:56:37', NULL, NULL),
(36, 56, 219, 97, 93, '2024-11-25', '2024-11-30', 2, 5, 180.00, 0.00, 0.00, 900.00, 'cancelled', NULL, NULL, NULL, NULL, 'Thanksgiving plans.', NULL, NULL, NULL, '2024-11-01 15:00:00', '2025-11-30 19:56:37', NULL, NULL),
(50, 56, 213, 94, 93, '2025-12-05', '2025-12-07', 2, 2, 125.00, 50.00, 25.00, 325.00, 'pending', 'Jack', 'Tripper', 'user2@knoxweb.com', '', '', NULL, NULL, NULL, '2025-12-04 21:23:32', '2025-12-04 21:23:32', NULL, NULL),
(51, 56, 216, 94, 98, '2025-12-04', '2025-12-09', 1, 5, 175.00, 60.00, 87.50, 1022.50, 'completed', 'Jack', 'Tripper', 'user2@knoxweb.com', '', '', NULL, NULL, NULL, '2025-12-04 21:34:27', '2025-12-10 00:00:00', '2025-12-05 14:15:35', NULL);

-- --------------------------------------------------------

--
-- Table structure for table `property_images`
--

CREATE TABLE `property_images` (
  `id` int NOT NULL,
  `listing_id` int NOT NULL,
  `image_url` varchar(500) CHARACTER SET utf8mb4 COLLATE utf8mb4_unicode_ci NOT NULL,
  `image_key` varchar(255) CHARACTER SET utf8mb4 COLLATE utf8mb4_unicode_ci DEFAULT NULL COMMENT 'S3 key or storage identifier',
  `caption` varchar(255) CHARACTER SET utf8mb4 COLLATE utf8mb4_unicode_ci DEFAULT NULL,
  `display_order` int DEFAULT '0',
  `is_primary` tinyint(1) DEFAULT '0' COMMENT 'Main listing photo',
  `created_at` timestamp NULL DEFAULT CURRENT_TIMESTAMP
) ENGINE=InnoDB DEFAULT CHARSET=utf8mb4 COLLATE=utf8mb4_unicode_ci;

--
-- Dumping data for table `property_images`
--

INSERT INTO `property_images` (`id`, `listing_id`, `image_url`, `image_key`, `caption`, `display_order`, `is_primary`, `created_at`) VALUES
(1, 1, '/uploads/app_28/house1.jpeg', NULL, NULL, 0, 1, '2025-11-21 19:07:16'),
(2, 2, '/uploads/app_28/house2.jpg', NULL, NULL, 0, 1, '2025-11-21 19:07:16'),
(3, 3, '/uploads/app_28/house3.jpg', NULL, NULL, 0, 1, '2025-11-21 19:07:16'),
(4, 4, '/uploads/app_28/house4.jpg', NULL, NULL, 0, 1, '2025-11-21 19:07:16'),
(5, 5, '/uploads/app_28/house5.jpg', NULL, NULL, 0, 1, '2025-11-21 19:07:16'),
(6, 6, '/uploads/app_28/house6.jpg', NULL, NULL, 0, 1, '2025-11-21 19:07:16'),
(7, 7, '/uploads/app_28/house7.jpg', NULL, NULL, 0, 1, '2025-11-21 19:07:16'),
(8, 8, '/uploads/app_28/house8.jpg', NULL, NULL, 0, 1, '2025-11-21 19:07:16'),
(9, 9, '/uploads/app_28/house9.jpeg', NULL, NULL, 0, 1, '2025-11-21 19:07:16'),
(10, 10, '/uploads/app_28/house10.jpg', NULL, NULL, 0, 1, '2025-11-21 19:07:16'),
(11, 14, 'http://localhost:3000/uploads/general/292A5B6E-3739-4ABC-9AC8-814E5B67C4D7-1764332395290-822812011.jpg', NULL, NULL, 1, 1, '2025-11-28 12:35:08'),
(210, 213, '/uploads/app_56/house1.jpeg', NULL, NULL, 0, 1, '2025-12-01 01:51:09'),
(211, 214, '/uploads/app_28/house2.jpg', NULL, NULL, 0, 1, '2025-12-01 01:51:09'),
(212, 215, '/uploads/app_28/house3.jpg', NULL, NULL, 0, 1, '2025-12-01 01:51:09'),
(213, 216, '/uploads/app_28/house4.jpg', NULL, NULL, 0, 1, '2025-12-01 01:51:09'),
(214, 217, '/uploads/app_28/house5.jpg', NULL, NULL, 0, 1, '2025-12-01 01:51:09'),
(215, 218, '/uploads/app_28/house6.jpg', NULL, NULL, 0, 1, '2025-12-01 01:51:09'),
(216, 219, '/uploads/app_28/house7.jpg', NULL, NULL, 0, 1, '2025-12-01 01:51:09'),
(217, 220, '/uploads/app_28/house8.jpg', NULL, NULL, 0, 1, '2025-12-01 01:51:09'),
(218, 221, '/uploads/app_28/house9.jpeg', NULL, NULL, 0, 1, '2025-12-01 01:51:09'),
(219, 222, '/uploads/app_28/house10.jpg', NULL, NULL, 0, 1, '2025-12-01 01:51:09'),
(220, 223, 'http://localhost:3000/uploads/general/292A5B6E-3739-4ABC-9AC8-814E5B67C4D7-1764332395290-822812011.jpg', NULL, NULL, 1, 1, '2025-12-01 01:51:09'),
(221, 224, '/uploads/app_28/house1.jpeg', NULL, NULL, 0, 1, '2025-12-03 20:19:29'),
(222, 225, '/uploads/app_28/house2.jpg', NULL, NULL, 0, 1, '2025-12-03 20:19:29'),
(223, 226, '/uploads/app_28/house3.jpg', NULL, NULL, 0, 1, '2025-12-03 20:19:29'),
(224, 227, '/uploads/app_28/house4.jpg', NULL, NULL, 0, 1, '2025-12-03 20:19:29'),
(225, 228, '/uploads/app_28/house5.jpg', NULL, NULL, 0, 1, '2025-12-03 20:19:29'),
(226, 229, '/uploads/app_28/house6.jpg', NULL, NULL, 0, 1, '2025-12-03 20:19:29'),
(227, 230, '/uploads/app_28/house7.jpg', NULL, NULL, 0, 1, '2025-12-03 20:19:29'),
(228, 231, '/uploads/app_28/house8.jpg', NULL, NULL, 0, 1, '2025-12-03 20:19:29'),
(229, 232, '/uploads/app_28/house9.jpeg', NULL, NULL, 0, 1, '2025-12-03 20:19:29'),
(230, 233, '/uploads/app_28/house10.jpg', NULL, NULL, 0, 1, '2025-12-03 20:19:29'),
(231, 234, 'http://localhost:3000/uploads/general/292A5B6E-3739-4ABC-9AC8-814E5B67C4D7-1764332395290-822812011.jpg', NULL, NULL, 1, 1, '2025-12-03 20:19:29'),
(232, 213, '/uploads/app_56/house1a.jpeg', NULL, 'Living Room', 1, 0, '2025-12-08 20:09:10'),
(233, 213, '/uploads/app_56/house1b.jpeg', NULL, 'Kitchen', 2, 0, '2025-12-08 20:09:10'),
(234, 213, '/uploads/app_56/house1c.jpeg', NULL, 'Bedroom', 3, 0, '2025-12-08 20:09:10'),
(235, 213, '/uploads/app_56/house1d.jpeg', NULL, 'Bathroom', 4, 0, '2025-12-08 20:09:10'),
(236, 235, 'https://images.unsplash.com/photo-1502672260266-1c1ef2d93688?w=800', NULL, 'Living Room', 1, 1, '2025-12-09 20:19:05'),
(237, 235, 'https://images.unsplash.com/photo-1560448204-e02f11c3d0e2?w=800', NULL, 'Kitchen', 2, 0, '2025-12-09 20:19:05'),
(238, 235, 'https://images.unsplash.com/photo-1522708323590-d24dbb6b0267?w=800', NULL, 'Bedroom', 3, 0, '2025-12-09 20:19:05'),
(239, 236, 'https://images.unsplash.com/photo-1564013799919-ab600027ffc6?w=800', NULL, 'Front Exterior', 1, 1, '2025-12-09 20:19:05'),
(240, 236, 'https://images.unsplash.com/photo-1556909114-f6e7ad7d3136?w=800', NULL, 'Kitchen', 2, 0, '2025-12-09 20:19:05'),
(241, 236, 'https://images.unsplash.com/photo-1560185007-cde436f6a4d0?w=800', NULL, 'Backyard', 3, 0, '2025-12-09 20:19:05'),
(242, 237, 'https://images.unsplash.com/photo-1613490493576-7fde63acd811?w=800', NULL, 'Waterfront View', 1, 1, '2025-12-09 20:19:05'),
(243, 237, 'https://images.unsplash.com/photo-1600596542815-ffad4c1539a9?w=800', NULL, 'Pool Area', 2, 0, '2025-12-09 20:19:05'),
(244, 237, 'https://images.unsplash.com/photo-1600607687939-ce8a6c25118c?w=800', NULL, 'Interior', 3, 0, '2025-12-09 20:19:05'),
(278, 276, '/uploads/app_28/house1.jpeg', NULL, NULL, 0, 1, '2025-12-11 21:49:12'),
(279, 277, '/uploads/app_28/house2.jpg', NULL, NULL, 0, 1, '2025-12-11 21:49:12'),
(280, 278, '/uploads/app_28/house3.jpg', NULL, NULL, 0, 1, '2025-12-11 21:49:12'),
(281, 279, '/uploads/app_28/house4.jpg', NULL, NULL, 0, 1, '2025-12-11 21:49:12'),
(282, 280, '/uploads/app_28/house5.jpg', NULL, NULL, 0, 1, '2025-12-11 21:49:12'),
(283, 281, '/uploads/app_28/house6.jpg', NULL, NULL, 0, 1, '2025-12-11 21:49:12'),
(284, 282, '/uploads/app_28/house7.jpg', NULL, NULL, 0, 1, '2025-12-11 21:49:12'),
(285, 283, '/uploads/app_28/house8.jpg', NULL, NULL, 0, 1, '2025-12-11 21:49:12'),
(286, 284, '/uploads/app_28/house9.jpeg', NULL, NULL, 0, 1, '2025-12-11 21:49:12'),
(287, 285, '/uploads/app_28/house10.jpg', NULL, NULL, 0, 1, '2025-12-11 21:49:12'),
(288, 286, 'http://localhost:3000/uploads/general/292A5B6E-3739-4ABC-9AC8-814E5B67C4D7-1764332395290-822812011.jpg', NULL, NULL, 1, 1, '2025-12-11 21:49:12');

-- --------------------------------------------------------

--
-- Table structure for table `property_inquiries`
--

CREATE TABLE `property_inquiries` (
  `id` int NOT NULL,
  `app_id` int NOT NULL,
  `listing_id` int NOT NULL,
  `buyer_id` int NOT NULL,
  `agent_id` int DEFAULT NULL,
  `inquiry_type` enum('general','pricing','features','neighborhood','financing','other') DEFAULT 'general',
  `subject` varchar(255) DEFAULT NULL,
  `message` text NOT NULL,
  `preferred_contact` enum('email','phone','text','any') DEFAULT 'email',
  `phone_number` varchar(20) DEFAULT NULL,
  `best_time_to_call` varchar(100) DEFAULT NULL,
  `status` enum('new','read','responded','closed') DEFAULT 'new',
  `response_message` text,
  `responded_at` timestamp NULL DEFAULT NULL,
  `responded_by` int DEFAULT NULL,
  `created_at` timestamp NULL DEFAULT CURRENT_TIMESTAMP,
  `updated_at` timestamp NULL DEFAULT CURRENT_TIMESTAMP ON UPDATE CURRENT_TIMESTAMP
) ENGINE=InnoDB DEFAULT CHARSET=utf8mb4 COLLATE=utf8mb4_0900_ai_ci;

--
-- Dumping data for table `property_inquiries`
--

INSERT INTO `property_inquiries` (`id`, `app_id`, `listing_id`, `buyer_id`, `agent_id`, `inquiry_type`, `subject`, `message`, `preferred_contact`, `phone_number`, `best_time_to_call`, `status`, `response_message`, `responded_at`, `responded_by`, `created_at`, `updated_at`) VALUES
(1, 60, 235, 111, 109, 'general', 'Interested in this property', 'Hi, I saw this listing and I am very interested. Is it still available? I would love to schedule a showing.', 'email', NULL, NULL, 'new', NULL, NULL, NULL, '2025-12-09 21:25:34', '2025-12-09 21:25:34'),
(2, 60, 235, 112, 109, 'pricing', 'Price negotiable?', 'Is the asking price negotiable? I am pre-approved for a mortgage and ready to make an offer.', 'phone', NULL, NULL, 'responded', 'Yes, the price has some flexibility. Let me know if you would like to schedule a showing to discuss further.', '2025-12-08 21:25:34', 109, '2025-12-07 21:25:34', '2025-12-09 21:25:34'),
(3, 60, 236, 111, 110, 'neighborhood', 'School district question', 'What school district is this property in? We have two kids and schools are important to us.', 'email', NULL, NULL, 'new', NULL, NULL, NULL, '2025-12-08 21:25:34', '2025-12-09 21:25:34'),
(4, 60, 237, 112, 109, 'features', 'Garage size', 'The listing mentions a 2-car garage. Is it attached or detached? Also, is there additional storage space?', 'any', NULL, NULL, 'read', NULL, NULL, NULL, '2025-12-06 21:25:34', '2025-12-09 21:25:34');

-- --------------------------------------------------------

--
-- Table structure for table `property_listings`
--

CREATE TABLE `property_listings` (
  `id` int NOT NULL,
  `app_id` int NOT NULL,
  `user_id` int NOT NULL COMMENT 'Host/owner of the property',
  `title` varchar(255) NOT NULL,
  `description` text,
  `property_type` enum('house','apartment','condo','villa','cabin','cottage','townhouse','loft','other') DEFAULT 'apartment',
  `listing_type` enum('sale','rent','sale_or_rent') DEFAULT 'sale',
  `address_line1` varchar(255) DEFAULT NULL,
  `address_line2` varchar(255) DEFAULT NULL,
  `city` varchar(100) NOT NULL,
  `state` varchar(100) DEFAULT NULL,
  `country` varchar(100) NOT NULL,
  `postal_code` varchar(20) DEFAULT NULL,
  `latitude` decimal(10,8) DEFAULT NULL COMMENT 'For map display and proximity search',
  `longitude` decimal(11,8) DEFAULT NULL,
  `bedrooms` int DEFAULT '0',
  `bathrooms` decimal(3,1) DEFAULT '0.0' COMMENT 'Supports half baths (e.g., 2.5)',
  `beds` int DEFAULT '0',
  `guests_max` int DEFAULT '1',
  `square_feet` int DEFAULT NULL,
  `price_per_night` decimal(10,2) NOT NULL,
  `currency` varchar(3) DEFAULT 'USD',
  `cleaning_fee` decimal(10,2) DEFAULT '0.00',
  `service_fee_percentage` decimal(5,2) DEFAULT '0.00' COMMENT 'Platform fee percentage',
  `min_nights` int DEFAULT '1',
  `max_nights` int DEFAULT '365',
  `check_in_time` time DEFAULT '15:00:00',
  `check_out_time` time DEFAULT '11:00:00',
  `cancellation_policy` enum('flexible','moderate','strict','super_strict') DEFAULT 'moderate',
  `status` enum('draft','pending_review','active','inactive','suspended') DEFAULT 'draft',
  `is_published` tinyint(1) DEFAULT '0',
  `is_instant_book` tinyint(1) DEFAULT '0' COMMENT 'Auto-approve bookings',
  `house_rules` text COMMENT 'JSON or text of house rules',
  `additional_info` text,
  `created_at` timestamp NULL DEFAULT CURRENT_TIMESTAMP,
  `updated_at` timestamp NULL DEFAULT CURRENT_TIMESTAMP ON UPDATE CURRENT_TIMESTAMP,
  `published_at` timestamp NULL DEFAULT NULL,
  `asking_price` decimal(12,2) DEFAULT NULL,
  `year_built` int DEFAULT NULL,
  `lot_size` decimal(10,2) DEFAULT NULL,
  `lot_size_unit` enum('sqft','acres') DEFAULT 'sqft',
  `hoa_fee` decimal(10,2) DEFAULT NULL,
  `hoa_frequency` enum('monthly','quarterly','annually') DEFAULT 'monthly',
  `property_tax` decimal(10,2) DEFAULT NULL,
  `mls_number` varchar(50) DEFAULT NULL,
  `days_on_market` int DEFAULT '0',
  `listing_agent_id` int DEFAULT NULL,
  `seller_id` int DEFAULT NULL,
  `sold_price` decimal(12,2) DEFAULT NULL,
  `sold_date` date DEFAULT NULL
) ENGINE=InnoDB DEFAULT CHARSET=utf8mb4 COLLATE=utf8mb4_0900_ai_ci;

--
-- Dumping data for table `property_listings`
--

INSERT INTO `property_listings` (`id`, `app_id`, `user_id`, `title`, `description`, `property_type`, `listing_type`, `address_line1`, `address_line2`, `city`, `state`, `country`, `postal_code`, `latitude`, `longitude`, `bedrooms`, `bathrooms`, `beds`, `guests_max`, `square_feet`, `price_per_night`, `currency`, `cleaning_fee`, `service_fee_percentage`, `min_nights`, `max_nights`, `check_in_time`, `check_out_time`, `cancellation_policy`, `status`, `is_published`, `is_instant_book`, `house_rules`, `additional_info`, `created_at`, `updated_at`, `published_at`, `asking_price`, `year_built`, `lot_size`, `lot_size_unit`, `hoa_fee`, `hoa_frequency`, `property_tax`, `mls_number`, `days_on_market`, `listing_agent_id`, `seller_id`, `sold_price`, `sold_date`) VALUES
(1, 28, 22, 'Modern Downtown Loft with City Views', 'Stunning loft in the heart of downtown Knoxville with floor-to-ceiling windows, exposed brick, and walking distance to Market Square.', 'loft', 'sale', '531 S Gay St', NULL, 'Knoxville', 'TN', 'United States', '37902', NULL, NULL, 1, 1.0, 0, 2, NULL, 125.00, 'USD', 50.00, 10.00, 2, 30, '15:00:00', '11:00:00', 'moderate', 'active', 1, 0, NULL, NULL, '2025-11-21 15:03:10', '2025-11-21 15:46:22', '2025-11-21 15:46:22', NULL, NULL, NULL, 'sqft', NULL, 'monthly', NULL, NULL, 0, NULL, NULL, NULL, NULL),
(2, 28, 50, 'Spacious Family Home Near University of Tennessee', 'Beautiful 4-bedroom home in a quiet neighborhood, just minutes from UT campus. Perfect for families.', 'house', 'sale', '1823 Laurel Ave', NULL, 'Knoxville', 'TN', 'United States', '37916', NULL, NULL, 4, 3.0, 0, 8, NULL, 200.00, 'USD', 75.00, 10.00, 2, 14, '15:00:00', '11:00:00', 'moderate', 'active', 0, 0, NULL, NULL, '2025-11-21 15:03:10', '2025-11-30 19:48:47', NULL, NULL, NULL, NULL, 'sqft', NULL, 'monthly', NULL, NULL, 0, NULL, NULL, NULL, NULL),
(3, 28, 22, 'Cozy Studio in Historic Old City', 'Charming studio apartment in the vibrant Old City district. Walk to breweries, art galleries, and live music venues.', 'loft', 'sale', '112 W Jackson Ave', NULL, 'Knoxville', 'TN', 'United States', '37902', NULL, NULL, 0, 1.0, 0, 2, NULL, 85.00, 'USD', 35.00, 10.00, 1, 30, '15:00:00', '11:00:00', 'moderate', 'active', 0, 0, NULL, NULL, '2025-11-21 15:03:10', '2025-11-21 15:03:10', NULL, NULL, NULL, NULL, 'sqft', NULL, 'monthly', NULL, NULL, 0, NULL, NULL, NULL, NULL),
(4, 28, 50, 'Luxury Waterfront Condo on Tennessee River', 'Upscale 2-bedroom condo with breathtaking river views. High-end finishes and building amenities.', 'condo', 'sale', '900 S Gay St Unit 1502', NULL, 'Knoxville', 'TN', 'United States', '37902', NULL, NULL, 2, 2.0, 0, 4, NULL, 175.00, 'USD', 60.00, 10.00, 3, 30, '15:00:00', '11:00:00', 'moderate', 'active', 0, 0, NULL, NULL, '2025-11-21 15:03:10', '2025-11-30 19:48:47', NULL, NULL, NULL, NULL, 'sqft', NULL, 'monthly', NULL, NULL, 0, NULL, NULL, NULL, NULL),
(5, 28, 22, 'Charming Cottage in Upscale Sequoyah Hills', 'Adorable 2-bedroom cottage in one of Knoxville most desirable neighborhoods. Hardwood floors and private patio.', 'cottage', 'sale', '3847 Taliluna Ave', NULL, 'Knoxville', 'TN', 'United States', '37919', NULL, NULL, 2, 1.0, 0, 4, NULL, 150.00, 'USD', 55.00, 10.00, 2, 30, '15:00:00', '11:00:00', 'moderate', 'active', 0, 0, NULL, NULL, '2025-11-21 15:03:10', '2025-11-21 15:03:10', NULL, NULL, NULL, NULL, 'sqft', NULL, 'monthly', NULL, NULL, 0, NULL, NULL, NULL, NULL),
(6, 28, 50, 'Pet-Friendly Apartment Near Knoxville Zoo', 'Welcome your furry friends! Spacious 2-bedroom apartment near Zoo Knoxville. Fenced yard and walking trails.', 'apartment', 'sale', '3428 Magnolia Ave', NULL, 'Knoxville', 'TN', 'United States', '37914', NULL, NULL, 2, 1.0, 0, 4, NULL, 110.00, 'USD', 45.00, 10.00, 2, 30, '15:00:00', '11:00:00', 'moderate', 'active', 0, 0, NULL, NULL, '2025-11-21 15:03:10', '2025-11-30 19:48:47', NULL, NULL, NULL, NULL, 'sqft', NULL, 'monthly', NULL, NULL, 0, NULL, NULL, NULL, NULL),
(7, 28, 22, 'Restored Victorian Home in Fourth & Gill', 'Step back in time in this beautifully restored 1890s Victorian home. Original hardwood floors and period details.', 'house', 'sale', '711 Eleanor St', NULL, 'Knoxville', 'TN', 'United States', '37917', NULL, NULL, 3, 2.0, 0, 6, NULL, 180.00, 'USD', 70.00, 10.00, 2, 14, '15:00:00', '11:00:00', 'moderate', 'active', 0, 0, NULL, NULL, '2025-11-21 15:03:10', '2025-11-21 15:03:10', NULL, NULL, NULL, NULL, 'sqft', NULL, 'monthly', NULL, NULL, 0, NULL, NULL, NULL, NULL),
(8, 28, 50, 'Contemporary Townhouse in West Knoxville', 'Brand new 3-bedroom townhouse. Open floor plan, granite counters, and attached garage.', 'townhouse', 'sale', '11250 Parkside Dr', NULL, 'Knoxville', 'TN', 'United States', '37934', NULL, NULL, 3, 2.0, 0, 6, NULL, 165.00, 'USD', 65.00, 10.00, 2, 30, '15:00:00', '11:00:00', 'moderate', 'active', 0, 0, NULL, NULL, '2025-11-21 15:03:10', '2025-11-30 19:48:47', NULL, NULL, NULL, NULL, 'sqft', NULL, 'monthly', NULL, NULL, 0, NULL, NULL, NULL, NULL),
(9, 28, 22, 'Budget-Friendly Apartment Near UT Campus', 'Perfect for students or budget travelers! Clean, comfortable 1-bedroom apartment within walking distance to UT.', 'apartment', 'sale', '1716 Melrose Ave', NULL, 'Knoxville', 'TN', 'United States', '37916', NULL, NULL, 1, 1.0, 0, 2, NULL, 75.00, 'USD', 30.00, 10.00, 1, 90, '15:00:00', '11:00:00', 'moderate', 'active', 0, 0, NULL, NULL, '2025-11-21 15:03:10', '2025-11-21 15:03:10', NULL, NULL, NULL, NULL, 'sqft', NULL, 'monthly', NULL, NULL, 0, NULL, NULL, NULL, NULL),
(10, 28, 50, 'Stunning Luxury Villa in Farragut', 'Spectacular 5-bedroom estate home. Gourmet kitchen, home theater, pool, hot tub, and game room.', 'villa', 'sale', '12345 Wexford Downs Ln', NULL, 'Knoxville', 'TN', 'United States', '37934', NULL, NULL, 5, 4.0, 0, 12, NULL, 350.00, 'USD', 125.00, 10.00, 3, 14, '15:00:00', '11:00:00', 'moderate', 'active', 0, 0, NULL, NULL, '2025-11-21 15:03:10', '2025-11-30 19:48:47', NULL, NULL, NULL, NULL, 'sqft', NULL, 'monthly', NULL, NULL, 0, NULL, NULL, NULL, NULL),
(14, 28, 50, 'Cozy House', 'This is a test description', 'house', 'sale', '123 Some Rd', '', 'Knoxville', 'TN', 'US', '37924', NULL, NULL, 3, 2.0, 3, 6, 2000, 250.00, 'USD', 55.00, 0.00, 1, 365, '15:00:00', '11:30:00', 'flexible', 'draft', 0, 1, 'No Smoking', 'WiFi', '2025-11-28 12:35:08', '2025-11-30 19:48:47', NULL, NULL, NULL, NULL, 'sqft', NULL, 'monthly', NULL, NULL, 0, NULL, NULL, NULL, NULL),
(213, 56, 93, 'Modern Downtown Loft with City Views', 'Stunning loft in the heart of downtown Knoxville with floor-to-ceiling windows, exposed brick, and walking distance to Market Square.', 'loft', 'sale', '531 S Gay St', NULL, 'Knoxville', 'TN', 'United States', '37902', NULL, NULL, 1, 1.0, 0, 2, NULL, 125.00, 'USD', 50.00, 10.00, 2, 30, '15:00:00', '11:00:00', 'moderate', 'active', 1, 0, NULL, NULL, '2025-12-01 01:51:09', '2025-12-10 19:13:40', '2025-12-10 19:13:40', NULL, NULL, NULL, 'sqft', NULL, 'monthly', NULL, NULL, 0, NULL, NULL, NULL, NULL),
(214, 56, 98, 'Spacious Family Home Near University of Tennessee', 'Beautiful 4-bedroom home in a quiet neighborhood, just minutes from UT campus. Perfect for families.', 'house', 'sale', '1823 Laurel Ave', NULL, 'Knoxville', 'TN', 'United States', '37916', NULL, NULL, 4, 3.0, 0, 8, NULL, 200.00, 'USD', 75.00, 10.00, 2, 14, '15:00:00', '11:00:00', 'moderate', 'active', 1, 0, NULL, NULL, '2025-12-01 01:51:09', '2025-12-04 21:31:56', NULL, NULL, NULL, NULL, 'sqft', NULL, 'monthly', NULL, NULL, 0, NULL, NULL, NULL, NULL),
(215, 56, 93, 'Cozy Studio in Historic Old City', 'Charming studio apartment in the vibrant Old City district. Walk to breweries, art galleries, and live music venues.', 'loft', 'sale', '112 W Jackson Ave', NULL, 'Knoxville', 'TN', 'United States', '37902', NULL, NULL, 0, 1.0, 0, 2, NULL, 85.00, 'USD', 35.00, 10.00, 1, 30, '15:00:00', '11:00:00', 'moderate', 'active', 1, 0, NULL, NULL, '2025-12-01 01:51:09', '2025-12-10 19:13:43', '2025-12-10 19:13:43', NULL, NULL, NULL, 'sqft', NULL, 'monthly', NULL, NULL, 0, NULL, NULL, NULL, NULL),
(216, 56, 98, 'Luxury Waterfront Condo on Tennessee River', 'Upscale 2-bedroom condo with breathtaking river views. High-end finishes and building amenities.', 'condo', 'sale', '900 S Gay St Unit 1502', NULL, 'Knoxville', 'TN', 'United States', '37902', NULL, NULL, 2, 2.0, 0, 4, NULL, 175.00, 'USD', 60.00, 10.00, 3, 30, '15:00:00', '11:00:00', 'moderate', 'active', 1, 0, NULL, NULL, '2025-12-01 01:51:09', '2025-12-04 21:31:56', NULL, NULL, NULL, NULL, 'sqft', NULL, 'monthly', NULL, NULL, 0, NULL, NULL, NULL, NULL),
(217, 56, 93, 'Charming Cottage in Upscale Sequoyah Hills', 'Adorable 2-bedroom cottage in one of Knoxville most desirable neighborhoods. Hardwood floors and private patio.', 'cottage', 'sale', '3847 Taliluna Ave', NULL, 'Knoxville', 'TN', 'United States', '37919', NULL, NULL, 2, 1.0, 0, 4, NULL, 150.00, 'USD', 55.00, 10.00, 2, 30, '15:00:00', '11:00:00', 'moderate', 'active', 1, 0, NULL, NULL, '2025-12-01 01:51:09', '2025-12-10 19:13:45', '2025-12-10 19:13:45', NULL, NULL, NULL, 'sqft', NULL, 'monthly', NULL, NULL, 0, NULL, NULL, NULL, NULL),
(218, 56, 98, 'Pet-Friendly Apartment Near Knoxville Zoo', 'Welcome your furry friends! Spacious 2-bedroom apartment near Zoo Knoxville. Fenced yard and walking trails.', 'apartment', 'sale', '3428 Magnolia Ave', NULL, 'Knoxville', 'TN', 'United States', '37914', NULL, NULL, 2, 1.0, 0, 4, NULL, 110.00, 'USD', 45.00, 10.00, 2, 30, '15:00:00', '11:00:00', 'moderate', 'active', 1, 0, NULL, NULL, '2025-12-01 01:51:09', '2025-12-04 21:31:56', NULL, NULL, NULL, NULL, 'sqft', NULL, 'monthly', NULL, NULL, 0, NULL, NULL, NULL, NULL),
(219, 56, 93, 'Restored Victorian Home in Fourth & Gill', 'Step back in time in this beautifully restored 1890s Victorian home. Original hardwood floors and period details.', 'house', 'sale', '711 Eleanor St', NULL, 'Knoxville', 'TN', 'United States', '37917', NULL, NULL, 3, 2.0, 0, 6, NULL, 180.00, 'USD', 70.00, 10.00, 2, 14, '15:00:00', '11:00:00', 'moderate', 'active', 1, 0, NULL, NULL, '2025-12-01 01:51:09', '2025-12-04 21:31:56', NULL, NULL, NULL, NULL, 'sqft', NULL, 'monthly', NULL, NULL, 0, NULL, NULL, NULL, NULL),
(220, 56, 98, 'Contemporary Townhouse in West Knoxville', 'Brand new 3-bedroom townhouse. Open floor plan, granite counters, and attached garage.', 'townhouse', 'sale', '11250 Parkside Dr', NULL, 'Knoxville', 'TN', 'United States', '37934', NULL, NULL, 3, 2.0, 0, 6, NULL, 165.00, 'USD', 65.00, 10.00, 2, 30, '15:00:00', '11:00:00', 'moderate', 'active', 1, 0, NULL, NULL, '2025-12-01 01:51:09', '2025-12-04 21:31:56', NULL, NULL, NULL, NULL, 'sqft', NULL, 'monthly', NULL, NULL, 0, NULL, NULL, NULL, NULL),
(221, 56, 93, 'Budget-Friendly Apartment Near UT Campus', 'Perfect for students or budget travelers! Clean, comfortable 1-bedroom apartment within walking distance to UT.', 'apartment', 'sale', '1716 Melrose Ave', NULL, 'Knoxville', 'TN', 'United States', '37916', NULL, NULL, 1, 1.0, 0, 2, NULL, 75.00, 'USD', 30.00, 10.00, 1, 90, '15:00:00', '11:00:00', 'moderate', 'active', 1, 0, NULL, NULL, '2025-12-01 01:51:09', '2025-12-04 21:31:56', NULL, NULL, NULL, NULL, 'sqft', NULL, 'monthly', NULL, NULL, 0, NULL, NULL, NULL, NULL),
(222, 56, 98, 'Stunning Luxury Villa in Farragut', 'Spectacular 5-bedroom estate home. Gourmet kitchen, home theater, pool, hot tub, and game room.', 'villa', 'sale', '12345 Wexford Downs Ln', NULL, 'Knoxville', 'TN', 'United States', '37934', NULL, NULL, 5, 4.0, 0, 12, NULL, 350.00, 'USD', 125.00, 10.00, 3, 14, '15:00:00', '11:00:00', 'moderate', 'active', 1, 0, NULL, NULL, '2025-12-01 01:51:09', '2025-12-04 21:31:56', NULL, NULL, NULL, NULL, 'sqft', NULL, 'monthly', NULL, NULL, 0, NULL, NULL, NULL, NULL),
(223, 56, 98, 'Cozy House', 'This is a test description', 'house', 'sale', '123 Some Rd', NULL, 'Knoxville', 'TN', 'US', '37924', NULL, NULL, 3, 2.0, 3, 6, 2000, 250.00, 'USD', 55.00, 0.00, 1, 365, '15:00:00', '11:30:00', 'flexible', 'draft', 1, 1, 'No Smoking', 'WiFi', '2025-12-01 01:51:09', '2025-12-04 21:31:56', NULL, NULL, NULL, NULL, 'sqft', NULL, 'monthly', NULL, NULL, 0, NULL, NULL, NULL, NULL),
(224, 57, 99, 'Modern Downtown Loft with City Views', 'Stunning loft in the heart of downtown Knoxville with floor-to-ceiling windows, exposed brick, and walking distance to Market Square.', 'loft', 'sale', '531 S Gay St', NULL, 'Knoxville', 'TN', 'United States', '37902', NULL, NULL, 1, 1.0, 0, 2, NULL, 125.00, 'USD', 50.00, 10.00, 2, 30, '15:00:00', '11:00:00', 'moderate', 'active', 1, 0, NULL, NULL, '2025-12-03 20:19:29', '2025-12-03 20:19:29', NULL, NULL, NULL, NULL, 'sqft', NULL, 'monthly', NULL, NULL, 0, NULL, NULL, NULL, NULL),
(225, 57, 104, 'Spacious Family Home Near University of Tennessee', 'Beautiful 4-bedroom home in a quiet neighborhood, just minutes from UT campus. Perfect for families.', 'house', 'sale', '1823 Laurel Ave', NULL, 'Knoxville', 'TN', 'United States', '37916', NULL, NULL, 4, 3.0, 0, 8, NULL, 200.00, 'USD', 75.00, 10.00, 2, 14, '15:00:00', '11:00:00', 'moderate', 'active', 0, 0, NULL, NULL, '2025-12-03 20:19:29', '2025-12-03 20:19:29', NULL, NULL, NULL, NULL, 'sqft', NULL, 'monthly', NULL, NULL, 0, NULL, NULL, NULL, NULL),
(226, 57, 99, 'Cozy Studio in Historic Old City', 'Charming studio apartment in the vibrant Old City district. Walk to breweries, art galleries, and live music venues.', 'loft', 'sale', '112 W Jackson Ave', NULL, 'Knoxville', 'TN', 'United States', '37902', NULL, NULL, 0, 1.0, 0, 2, NULL, 85.00, 'USD', 35.00, 10.00, 1, 30, '15:00:00', '11:00:00', 'moderate', 'active', 0, 0, NULL, NULL, '2025-12-03 20:19:29', '2025-12-03 20:19:29', NULL, NULL, NULL, NULL, 'sqft', NULL, 'monthly', NULL, NULL, 0, NULL, NULL, NULL, NULL),
(227, 57, 104, 'Luxury Waterfront Condo on Tennessee River', 'Upscale 2-bedroom condo with breathtaking river views. High-end finishes and building amenities.', 'condo', 'sale', '900 S Gay St Unit 1502', NULL, 'Knoxville', 'TN', 'United States', '37902', NULL, NULL, 2, 2.0, 0, 4, NULL, 175.00, 'USD', 60.00, 10.00, 3, 30, '15:00:00', '11:00:00', 'moderate', 'active', 0, 0, NULL, NULL, '2025-12-03 20:19:29', '2025-12-03 20:19:29', NULL, NULL, NULL, NULL, 'sqft', NULL, 'monthly', NULL, NULL, 0, NULL, NULL, NULL, NULL),
(228, 57, 99, 'Charming Cottage in Upscale Sequoyah Hills', 'Adorable 2-bedroom cottage in one of Knoxville most desirable neighborhoods. Hardwood floors and private patio.', 'cottage', 'sale', '3847 Taliluna Ave', NULL, 'Knoxville', 'TN', 'United States', '37919', NULL, NULL, 2, 1.0, 0, 4, NULL, 150.00, 'USD', 55.00, 10.00, 2, 30, '15:00:00', '11:00:00', 'moderate', 'active', 0, 0, NULL, NULL, '2025-12-03 20:19:29', '2025-12-03 20:19:29', NULL, NULL, NULL, NULL, 'sqft', NULL, 'monthly', NULL, NULL, 0, NULL, NULL, NULL, NULL),
(229, 57, 104, 'Pet-Friendly Apartment Near Knoxville Zoo', 'Welcome your furry friends! Spacious 2-bedroom apartment near Zoo Knoxville. Fenced yard and walking trails.', 'apartment', 'sale', '3428 Magnolia Ave', NULL, 'Knoxville', 'TN', 'United States', '37914', NULL, NULL, 2, 1.0, 0, 4, NULL, 110.00, 'USD', 45.00, 10.00, 2, 30, '15:00:00', '11:00:00', 'moderate', 'active', 0, 0, NULL, NULL, '2025-12-03 20:19:29', '2025-12-03 20:19:29', NULL, NULL, NULL, NULL, 'sqft', NULL, 'monthly', NULL, NULL, 0, NULL, NULL, NULL, NULL),
(230, 57, 99, 'Restored Victorian Home in Fourth & Gill', 'Step back in time in this beautifully restored 1890s Victorian home. Original hardwood floors and period details.', 'house', 'sale', '711 Eleanor St', NULL, 'Knoxville', 'TN', 'United States', '37917', NULL, NULL, 3, 2.0, 0, 6, NULL, 180.00, 'USD', 70.00, 10.00, 2, 14, '15:00:00', '11:00:00', 'moderate', 'active', 0, 0, NULL, NULL, '2025-12-03 20:19:29', '2025-12-03 20:19:29', NULL, NULL, NULL, NULL, 'sqft', NULL, 'monthly', NULL, NULL, 0, NULL, NULL, NULL, NULL),
(231, 57, 104, 'Contemporary Townhouse in West Knoxville', 'Brand new 3-bedroom townhouse. Open floor plan, granite counters, and attached garage.', 'townhouse', 'sale', '11250 Parkside Dr', NULL, 'Knoxville', 'TN', 'United States', '37934', NULL, NULL, 3, 2.0, 0, 6, NULL, 165.00, 'USD', 65.00, 10.00, 2, 30, '15:00:00', '11:00:00', 'moderate', 'active', 0, 0, NULL, NULL, '2025-12-03 20:19:29', '2025-12-03 20:19:29', NULL, NULL, NULL, NULL, 'sqft', NULL, 'monthly', NULL, NULL, 0, NULL, NULL, NULL, NULL),
(232, 57, 99, 'Budget-Friendly Apartment Near UT Campus', 'Perfect for students or budget travelers! Clean, comfortable 1-bedroom apartment within walking distance to UT.', 'apartment', 'sale', '1716 Melrose Ave', NULL, 'Knoxville', 'TN', 'United States', '37916', NULL, NULL, 1, 1.0, 0, 2, NULL, 75.00, 'USD', 30.00, 10.00, 1, 90, '15:00:00', '11:00:00', 'moderate', 'active', 0, 0, NULL, NULL, '2025-12-03 20:19:29', '2025-12-03 20:19:29', NULL, NULL, NULL, NULL, 'sqft', NULL, 'monthly', NULL, NULL, 0, NULL, NULL, NULL, NULL),
(233, 57, 104, 'Stunning Luxury Villa in Farragut', 'Spectacular 5-bedroom estate home. Gourmet kitchen, home theater, pool, hot tub, and game room.', 'villa', 'sale', '12345 Wexford Downs Ln', NULL, 'Knoxville', 'TN', 'United States', '37934', NULL, NULL, 5, 4.0, 0, 12, NULL, 350.00, 'USD', 125.00, 10.00, 3, 14, '15:00:00', '11:00:00', 'moderate', 'active', 0, 0, NULL, NULL, '2025-12-03 20:19:29', '2025-12-03 20:19:29', NULL, NULL, NULL, NULL, 'sqft', NULL, 'monthly', NULL, NULL, 0, NULL, NULL, NULL, NULL),
(234, 57, 104, 'Cozy House', 'This is a test description', 'house', 'sale', '123 Some Rd', NULL, 'Knoxville', 'TN', 'US', '37924', NULL, NULL, 3, 2.0, 3, 6, 2000, 250.00, 'USD', 55.00, 0.00, 1, 365, '15:00:00', '11:30:00', 'flexible', 'draft', 0, 1, 'No Smoking', 'WiFi', '2025-12-03 20:19:29', '2025-12-03 20:19:29', NULL, NULL, NULL, NULL, 'sqft', NULL, 'monthly', NULL, NULL, 0, NULL, NULL, NULL, NULL),
(235, 60, 109, 'Modern Downtown Condo with City Views', 'Stunning 2-bedroom condo in the heart of downtown with panoramic city views, modern finishes, and premium amenities.', 'condo', 'sale', '123 Main Street', NULL, 'Knoxville', 'TN', 'USA', '37902', 35.96060000, -83.92070000, 2, 2.0, 0, 0, 1200, 325.00, 'USD', 0.00, 0.00, 1, 365, '15:00:00', '11:00:00', 'moderate', 'active', 1, 0, NULL, NULL, '2025-12-09 20:19:05', '2025-12-09 20:19:05', NULL, NULL, NULL, NULL, 'sqft', NULL, 'monthly', NULL, NULL, 0, NULL, NULL, NULL, NULL),
(236, 60, 109, 'Spacious Family Home in West Knoxville', 'Beautiful 4-bedroom family home with large backyard, updated kitchen, and excellent school district.', 'house', 'sale', '456 Oak Avenue', NULL, 'Knoxville', 'TN', 'USA', '37919', 35.94560000, -84.02870000, 4, 3.0, 0, 0, 2800, 485.00, 'USD', 0.00, 0.00, 1, 365, '15:00:00', '11:00:00', 'moderate', 'active', 1, 0, NULL, NULL, '2025-12-09 20:19:05', '2025-12-09 20:19:05', NULL, NULL, NULL, NULL, 'sqft', NULL, 'monthly', NULL, NULL, 0, NULL, NULL, NULL, NULL),
(237, 60, 110, 'Luxury Waterfront Estate', 'Magnificent 5-bedroom estate on the Tennessee River with private dock, infinity pool, and breathtaking views.', 'villa', 'sale', '789 Riverfront Drive', NULL, 'Knoxville', 'TN', 'USA', '37920', 35.93560000, -83.89070000, 5, 4.0, 0, 0, 5500, 1250.00, 'USD', 0.00, 0.00, 1, 365, '15:00:00', '11:00:00', 'moderate', 'active', 1, 0, NULL, NULL, '2025-12-09 20:19:05', '2025-12-09 20:19:05', NULL, NULL, NULL, NULL, 'sqft', NULL, 'monthly', NULL, NULL, 0, NULL, NULL, NULL, NULL),
(238, 60, 110, 'Charming Historic Bungalow', 'Beautifully restored 1920s bungalow in Fourth & Gill with original hardwood floors and modern updates.', 'house', 'sale', '321 Luttrell Street', NULL, 'Knoxville', 'TN', 'USA', '37917', 35.97560000, -83.91070000, 3, 2.0, 0, 0, 1800, 295.00, 'USD', 0.00, 0.00, 1, 365, '15:00:00', '11:00:00', 'moderate', 'active', 1, 0, NULL, NULL, '2025-12-09 20:19:05', '2025-12-09 20:19:05', NULL, NULL, NULL, NULL, 'sqft', NULL, 'monthly', NULL, NULL, 0, NULL, NULL, NULL, NULL),
(239, 60, 113, 'Investment Property - Duplex', 'Well-maintained duplex with two 2-bedroom units, great rental history, and positive cash flow.', 'townhouse', 'sale', '555 Investment Lane', NULL, 'Knoxville', 'TN', 'USA', '37916', 35.95060000, -83.93070000, 4, 2.0, 0, 0, 2200, 275.00, 'USD', 0.00, 0.00, 1, 365, '15:00:00', '11:00:00', 'moderate', 'active', 1, 0, NULL, NULL, '2025-12-09 20:19:05', '2025-12-09 20:19:05', NULL, NULL, NULL, NULL, 'sqft', NULL, 'monthly', NULL, NULL, 0, NULL, NULL, NULL, NULL),
(240, 60, 114, 'Cozy Starter Home', 'Perfect starter home with 3 bedrooms, updated bathroom, and fenced backyard. Move-in ready!', 'house', 'sale', '888 Starter Street', NULL, 'Knoxville', 'TN', 'USA', '37918', 35.96560000, -83.94070000, 3, 1.0, 0, 0, 1400, 185.00, 'USD', 0.00, 0.00, 1, 365, '15:00:00', '11:00:00', 'moderate', 'active', 1, 0, NULL, NULL, '2025-12-09 20:19:05', '2025-12-09 20:19:05', NULL, NULL, NULL, NULL, 'sqft', NULL, 'monthly', NULL, NULL, 0, NULL, NULL, NULL, NULL),
(241, 60, 109, 'Luxury High-Rise Apartment', 'Premium penthouse apartment with floor-to-ceiling windows, concierge service, and rooftop access.', 'apartment', 'sale', '100 Tower Place', NULL, 'Knoxville', 'TN', 'USA', '37902', 35.96260000, -83.91870000, 2, 2.0, 0, 0, 1600, 425.00, 'USD', 0.00, 0.00, 1, 365, '15:00:00', '11:00:00', 'moderate', 'active', 1, 0, NULL, NULL, '2025-12-09 20:19:05', '2025-12-09 20:19:05', NULL, NULL, NULL, NULL, 'sqft', NULL, 'monthly', NULL, NULL, 0, NULL, NULL, NULL, NULL),
(242, 60, 110, 'Mountain View Cabin', 'Rustic yet modern cabin in the Smoky Mountain foothills with stunning views and complete privacy.', 'cabin', 'sale', '999 Mountain Road', NULL, 'Sevierville', 'TN', 'USA', '37862', 35.86560000, -83.56070000, 3, 2.0, 0, 0, 2000, 375.00, 'USD', 0.00, 0.00, 1, 365, '15:00:00', '11:00:00', 'moderate', 'active', 1, 0, NULL, NULL, '2025-12-09 20:19:05', '2025-12-09 20:19:05', NULL, NULL, NULL, NULL, 'sqft', NULL, 'monthly', NULL, NULL, 0, NULL, NULL, NULL, NULL),
(276, 65, 133, 'Modern Downtown Loft with City Views', 'Stunning loft in the heart of downtown Knoxville with floor-to-ceiling windows, exposed brick, and walking distance to Market Square.', 'loft', 'sale', '531 S Gay St', NULL, 'Knoxville', 'TN', 'United States', '37902', NULL, NULL, 1, 1.0, 0, 2, NULL, 125.00, 'USD', 50.00, 10.00, 2, 30, '15:00:00', '11:00:00', 'moderate', 'active', 1, 0, NULL, NULL, '2025-12-11 21:49:12', '2025-12-11 21:49:12', NULL, NULL, NULL, NULL, 'sqft', NULL, 'monthly', NULL, NULL, 0, NULL, NULL, NULL, NULL),
(277, 65, 138, 'Spacious Family Home Near University of Tennessee', 'Beautiful 4-bedroom home in a quiet neighborhood, just minutes from UT campus. Perfect for families.', 'house', 'sale', '1823 Laurel Ave', NULL, 'Knoxville', 'TN', 'United States', '37916', NULL, NULL, 4, 3.0, 0, 8, NULL, 200.00, 'USD', 75.00, 10.00, 2, 14, '15:00:00', '11:00:00', 'moderate', 'active', 0, 0, NULL, NULL, '2025-12-11 21:49:12', '2025-12-11 21:49:12', NULL, NULL, NULL, NULL, 'sqft', NULL, 'monthly', NULL, NULL, 0, NULL, NULL, NULL, NULL),
(278, 65, 133, 'Cozy Studio in Historic Old City', 'Charming studio apartment in the vibrant Old City district. Walk to breweries, art galleries, and live music venues.', 'loft', 'sale', '112 W Jackson Ave', NULL, 'Knoxville', 'TN', 'United States', '37902', NULL, NULL, 0, 1.0, 0, 2, NULL, 85.00, 'USD', 35.00, 10.00, 1, 30, '15:00:00', '11:00:00', 'moderate', 'active', 0, 0, NULL, NULL, '2025-12-11 21:49:12', '2025-12-11 21:49:12', NULL, NULL, NULL, NULL, 'sqft', NULL, 'monthly', NULL, NULL, 0, NULL, NULL, NULL, NULL),
(279, 65, 138, 'Luxury Waterfront Condo on Tennessee River', 'Upscale 2-bedroom condo with breathtaking river views. High-end finishes and building amenities.', 'condo', 'sale', '900 S Gay St Unit 1502', NULL, 'Knoxville', 'TN', 'United States', '37902', NULL, NULL, 2, 2.0, 0, 4, NULL, 175.00, 'USD', 60.00, 10.00, 3, 30, '15:00:00', '11:00:00', 'moderate', 'active', 0, 0, NULL, NULL, '2025-12-11 21:49:12', '2025-12-11 21:49:12', NULL, NULL, NULL, NULL, 'sqft', NULL, 'monthly', NULL, NULL, 0, NULL, NULL, NULL, NULL),
(280, 65, 133, 'Charming Cottage in Upscale Sequoyah Hills', 'Adorable 2-bedroom cottage in one of Knoxville most desirable neighborhoods. Hardwood floors and private patio.', 'cottage', 'sale', '3847 Taliluna Ave', NULL, 'Knoxville', 'TN', 'United States', '37919', NULL, NULL, 2, 1.0, 0, 4, NULL, 150.00, 'USD', 55.00, 10.00, 2, 30, '15:00:00', '11:00:00', 'moderate', 'active', 0, 0, NULL, NULL, '2025-12-11 21:49:12', '2025-12-11 21:49:12', NULL, NULL, NULL, NULL, 'sqft', NULL, 'monthly', NULL, NULL, 0, NULL, NULL, NULL, NULL),
(281, 65, 138, 'Pet-Friendly Apartment Near Knoxville Zoo', 'Welcome your furry friends! Spacious 2-bedroom apartment near Zoo Knoxville. Fenced yard and walking trails.', 'apartment', 'sale', '3428 Magnolia Ave', NULL, 'Knoxville', 'TN', 'United States', '37914', NULL, NULL, 2, 1.0, 0, 4, NULL, 110.00, 'USD', 45.00, 10.00, 2, 30, '15:00:00', '11:00:00', 'moderate', 'active', 0, 0, NULL, NULL, '2025-12-11 21:49:12', '2025-12-11 21:49:12', NULL, NULL, NULL, NULL, 'sqft', NULL, 'monthly', NULL, NULL, 0, NULL, NULL, NULL, NULL),
(282, 65, 133, 'Restored Victorian Home in Fourth & Gill', 'Step back in time in this beautifully restored 1890s Victorian home. Original hardwood floors and period details.', 'house', 'sale', '711 Eleanor St', NULL, 'Knoxville', 'TN', 'United States', '37917', NULL, NULL, 3, 2.0, 0, 6, NULL, 180.00, 'USD', 70.00, 10.00, 2, 14, '15:00:00', '11:00:00', 'moderate', 'active', 0, 0, NULL, NULL, '2025-12-11 21:49:12', '2025-12-11 21:49:12', NULL, NULL, NULL, NULL, 'sqft', NULL, 'monthly', NULL, NULL, 0, NULL, NULL, NULL, NULL),
(283, 65, 138, 'Contemporary Townhouse in West Knoxville', 'Brand new 3-bedroom townhouse. Open floor plan, granite counters, and attached garage.', 'townhouse', 'sale', '11250 Parkside Dr', NULL, 'Knoxville', 'TN', 'United States', '37934', NULL, NULL, 3, 2.0, 0, 6, NULL, 165.00, 'USD', 65.00, 10.00, 2, 30, '15:00:00', '11:00:00', 'moderate', 'active', 0, 0, NULL, NULL, '2025-12-11 21:49:12', '2025-12-11 21:49:12', NULL, NULL, NULL, NULL, 'sqft', NULL, 'monthly', NULL, NULL, 0, NULL, NULL, NULL, NULL),
(284, 65, 133, 'Budget-Friendly Apartment Near UT Campus', 'Perfect for students or budget travelers! Clean, comfortable 1-bedroom apartment within walking distance to UT.', 'apartment', 'sale', '1716 Melrose Ave', NULL, 'Knoxville', 'TN', 'United States', '37916', NULL, NULL, 1, 1.0, 0, 2, NULL, 75.00, 'USD', 30.00, 10.00, 1, 90, '15:00:00', '11:00:00', 'moderate', 'active', 0, 0, NULL, NULL, '2025-12-11 21:49:12', '2025-12-11 21:49:12', NULL, NULL, NULL, NULL, 'sqft', NULL, 'monthly', NULL, NULL, 0, NULL, NULL, NULL, NULL),
(285, 65, 138, 'Stunning Luxury Villa in Farragut', 'Spectacular 5-bedroom estate home. Gourmet kitchen, home theater, pool, hot tub, and game room.', 'villa', 'sale', '12345 Wexford Downs Ln', NULL, 'Knoxville', 'TN', 'United States', '37934', NULL, NULL, 5, 4.0, 0, 12, NULL, 350.00, 'USD', 125.00, 10.00, 3, 14, '15:00:00', '11:00:00', 'moderate', 'active', 0, 0, NULL, NULL, '2025-12-11 21:49:12', '2025-12-11 21:49:12', NULL, NULL, NULL, NULL, 'sqft', NULL, 'monthly', NULL, NULL, 0, NULL, NULL, NULL, NULL),
(286, 65, 138, 'Cozy House', 'This is a test description', 'house', 'sale', '123 Some Rd', NULL, 'Knoxville', 'TN', 'US', '37924', NULL, NULL, 3, 2.0, 3, 6, 2000, 250.00, 'USD', 55.00, 0.00, 1, 365, '15:00:00', '11:30:00', 'flexible', 'draft', 0, 1, 'No Smoking', 'WiFi', '2025-12-11 21:49:12', '2025-12-11 21:49:12', NULL, NULL, NULL, NULL, 'sqft', NULL, 'monthly', NULL, NULL, 0, NULL, NULL, NULL, NULL);

-- --------------------------------------------------------

--
-- Table structure for table `property_listing_amenities`
--

CREATE TABLE `property_listing_amenities` (
  `id` int NOT NULL,
  `listing_id` int NOT NULL,
  `amenity_id` int NOT NULL,
  `created_at` timestamp NULL DEFAULT CURRENT_TIMESTAMP
) ENGINE=InnoDB DEFAULT CHARSET=utf8mb4 COLLATE=utf8mb4_unicode_ci;

-- --------------------------------------------------------

--
-- Table structure for table `property_offers`
--

CREATE TABLE `property_offers` (
  `id` int NOT NULL,
  `app_id` int NOT NULL,
  `listing_id` int NOT NULL,
  `buyer_id` int NOT NULL,
  `agent_id` int DEFAULT NULL,
  `offer_amount` decimal(12,2) NOT NULL,
  `earnest_money` decimal(10,2) DEFAULT NULL,
  `down_payment_percent` decimal(5,2) DEFAULT NULL,
  `financing_type` enum('cash','conventional','fha','va','other') DEFAULT 'conventional',
  `inspection_contingency` tinyint(1) DEFAULT '1',
  `financing_contingency` tinyint(1) DEFAULT '1',
  `appraisal_contingency` tinyint(1) DEFAULT '1',
  `sale_contingency` tinyint(1) DEFAULT '0',
  `other_contingencies` text,
  `closing_date` date DEFAULT NULL,
  `possession_date` date DEFAULT NULL,
  `offer_expiration` datetime DEFAULT NULL,
  `status` enum('draft','submitted','under_review','countered','accepted','rejected','withdrawn','expired') DEFAULT 'draft',
  `counter_amount` decimal(12,2) DEFAULT NULL,
  `counter_terms` text,
  `countered_at` timestamp NULL DEFAULT NULL,
  `response_notes` text,
  `responded_at` timestamp NULL DEFAULT NULL,
  `responded_by` int DEFAULT NULL,
  `submitted_at` timestamp NULL DEFAULT NULL,
  `accepted_at` timestamp NULL DEFAULT NULL,
  `rejected_at` timestamp NULL DEFAULT NULL,
  `withdrawn_at` timestamp NULL DEFAULT NULL,
  `created_at` timestamp NULL DEFAULT CURRENT_TIMESTAMP,
  `updated_at` timestamp NULL DEFAULT CURRENT_TIMESTAMP ON UPDATE CURRENT_TIMESTAMP
) ENGINE=InnoDB DEFAULT CHARSET=utf8mb4 COLLATE=utf8mb4_0900_ai_ci;

--
-- Dumping data for table `property_offers`
--

INSERT INTO `property_offers` (`id`, `app_id`, `listing_id`, `buyer_id`, `agent_id`, `offer_amount`, `earnest_money`, `down_payment_percent`, `financing_type`, `inspection_contingency`, `financing_contingency`, `appraisal_contingency`, `sale_contingency`, `other_contingencies`, `closing_date`, `possession_date`, `offer_expiration`, `status`, `counter_amount`, `counter_terms`, `countered_at`, `response_notes`, `responded_at`, `responded_by`, `submitted_at`, `accepted_at`, `rejected_at`, `withdrawn_at`, `created_at`, `updated_at`) VALUES
(1, 60, 235, 111, 109, 425000.00, 10000.00, 20.00, 'conventional', 1, 1, 1, 0, NULL, '2026-01-23', NULL, NULL, 'submitted', NULL, NULL, NULL, NULL, NULL, NULL, '2025-12-09 22:13:27', NULL, NULL, NULL, '2025-12-07 22:13:27', '2025-12-09 22:13:27'),
(2, 60, 235, 112, 109, 440000.00, 15000.00, 25.00, 'conventional', 1, 1, 1, 0, NULL, '2026-01-08', NULL, NULL, 'under_review', NULL, NULL, NULL, NULL, NULL, NULL, '2025-12-09 22:13:27', NULL, NULL, NULL, '2025-12-08 22:13:27', '2025-12-09 22:13:27'),
(3, 60, 236, 111, 110, 375000.00, 8000.00, 10.00, 'fha', 1, 1, 1, 0, NULL, '2026-02-07', NULL, NULL, 'countered', 390000.00, 'Seller requests higher earnest money of 12000 and closing in 45 days', '2025-12-09 22:13:27', NULL, NULL, NULL, '2025-12-09 22:13:27', NULL, NULL, NULL, '2025-12-04 22:13:27', '2025-12-09 22:13:27'),
(4, 60, 237, 112, 109, 850000.00, 25000.00, 30.00, 'cash', 0, 0, 0, 0, NULL, '2025-12-30', NULL, NULL, 'accepted', NULL, NULL, NULL, 'Offer accepted. Congratulations!', NULL, NULL, '2025-12-09 22:13:27', '2025-12-01 22:13:27', NULL, NULL, '2025-11-29 22:13:27', '2025-12-09 22:13:27'),
(5, 60, 238, 111, 110, 295000.00, 5000.00, 5.00, 'va', 1, 1, 1, 0, NULL, '2026-01-23', NULL, NULL, 'rejected', NULL, NULL, NULL, 'Offer too low. Seller not interested at this price point.', NULL, NULL, '2025-12-09 22:13:27', NULL, '2025-11-25 22:13:27', NULL, '2025-11-24 22:13:27', '2025-12-09 22:13:27');

-- --------------------------------------------------------

--
-- Table structure for table `property_pricing_rules`
--

CREATE TABLE `property_pricing_rules` (
  `id` int NOT NULL,
  `listing_id` int NOT NULL,
  `rule_type` enum('weekend','seasonal','length_of_stay','last_minute','early_bird','custom') NOT NULL,
  `name` varchar(100) DEFAULT NULL,
  `adjustment_type` enum('percentage','fixed') DEFAULT 'percentage',
  `adjustment_value` decimal(10,2) NOT NULL,
  `min_nights` int DEFAULT NULL,
  `max_nights` int DEFAULT NULL,
  `days_before_checkin` int DEFAULT NULL,
  `days_of_week` json DEFAULT NULL,
  `start_date` date DEFAULT NULL,
  `end_date` date DEFAULT NULL,
  `priority` int DEFAULT '0',
  `is_active` tinyint(1) DEFAULT '1',
  `created_at` timestamp NULL DEFAULT CURRENT_TIMESTAMP,
  `updated_at` timestamp NULL DEFAULT CURRENT_TIMESTAMP ON UPDATE CURRENT_TIMESTAMP
) ENGINE=InnoDB DEFAULT CHARSET=utf8mb4 COLLATE=utf8mb4_0900_ai_ci;

-- --------------------------------------------------------

--
-- Table structure for table `property_reviews`
--

CREATE TABLE `property_reviews` (
  `id` int NOT NULL,
  `app_id` int NOT NULL,
  `listing_id` int NOT NULL,
  `booking_id` int DEFAULT NULL,
  `reviewer_id` int NOT NULL,
  `reviewer_type` enum('guest','host') DEFAULT 'guest',
  `rating` decimal(2,1) NOT NULL,
  `cleanliness_rating` decimal(2,1) DEFAULT NULL,
  `communication_rating` decimal(2,1) DEFAULT NULL,
  `location_rating` decimal(2,1) DEFAULT NULL,
  `value_rating` decimal(2,1) DEFAULT NULL,
  `accuracy_rating` decimal(2,1) DEFAULT NULL,
  `review_text` text,
  `host_response` text,
  `host_response_at` timestamp NULL DEFAULT NULL,
  `is_public` tinyint(1) DEFAULT '1',
  `status` enum('pending','approved','rejected','flagged') DEFAULT 'approved',
  `created_at` timestamp NULL DEFAULT CURRENT_TIMESTAMP,
  `updated_at` timestamp NULL DEFAULT CURRENT_TIMESTAMP ON UPDATE CURRENT_TIMESTAMP
) ENGINE=InnoDB DEFAULT CHARSET=utf8mb4 COLLATE=utf8mb4_0900_ai_ci;

-- --------------------------------------------------------

--
-- Table structure for table `property_showings`
--

CREATE TABLE `property_showings` (
  `id` int NOT NULL,
  `app_id` int NOT NULL,
  `listing_id` int NOT NULL,
  `buyer_id` int NOT NULL,
  `agent_id` int DEFAULT NULL,
  `seller_id` int DEFAULT NULL,
  `requested_date` date NOT NULL,
  `requested_time` time DEFAULT NULL,
  `scheduled_date` date DEFAULT NULL,
  `scheduled_time` time DEFAULT NULL,
  `duration_minutes` int DEFAULT '30',
  `showing_type` enum('in_person','virtual','open_house') DEFAULT 'in_person',
  `virtual_link` varchar(500) DEFAULT NULL,
  `status` enum('requested','confirmed','completed','cancelled','no_show') DEFAULT 'requested',
  `buyer_notes` text,
  `agent_notes` text,
  `feedback` text,
  `buyer_interest_level` enum('not_interested','maybe','interested','very_interested') DEFAULT NULL,
  `cancelled_at` timestamp NULL DEFAULT NULL,
  `cancelled_by` int DEFAULT NULL,
  `cancellation_reason` text,
  `confirmed_at` timestamp NULL DEFAULT NULL,
  `confirmed_by` int DEFAULT NULL,
  `completed_at` timestamp NULL DEFAULT NULL,
  `created_at` timestamp NULL DEFAULT CURRENT_TIMESTAMP,
  `updated_at` timestamp NULL DEFAULT CURRENT_TIMESTAMP ON UPDATE CURRENT_TIMESTAMP
) ENGINE=InnoDB DEFAULT CHARSET=utf8mb4 COLLATE=utf8mb4_0900_ai_ci;

--
-- Dumping data for table `property_showings`
--

INSERT INTO `property_showings` (`id`, `app_id`, `listing_id`, `buyer_id`, `agent_id`, `seller_id`, `requested_date`, `requested_time`, `scheduled_date`, `scheduled_time`, `duration_minutes`, `showing_type`, `virtual_link`, `status`, `buyer_notes`, `agent_notes`, `feedback`, `buyer_interest_level`, `cancelled_at`, `cancelled_by`, `cancellation_reason`, `confirmed_at`, `confirmed_by`, `completed_at`, `created_at`, `updated_at`) VALUES
(1, 60, 235, 111, 109, NULL, '2025-12-11', '14:00:00', '2025-12-11', '14:00:00', 30, 'in_person', NULL, 'confirmed', 'Looking forward to seeing the backyard', NULL, NULL, NULL, NULL, NULL, NULL, '2025-12-09 21:25:34', 109, NULL, '2025-12-09 21:25:34', '2025-12-09 21:25:34'),
(2, 60, 236, 112, 110, NULL, '2025-12-12', '10:00:00', NULL, NULL, 30, 'in_person', NULL, 'requested', 'First-time homebuyer, excited to see this one!', NULL, NULL, NULL, NULL, NULL, NULL, NULL, NULL, NULL, '2025-12-09 21:25:34', '2025-12-09 21:25:34'),
(3, 60, 235, 112, 109, NULL, '2025-12-04', '11:00:00', '2025-12-04', '11:00:00', 30, 'in_person', NULL, 'completed', NULL, NULL, 'Beautiful home, loved the kitchen. Concerned about the small backyard.', 'interested', NULL, NULL, NULL, NULL, NULL, '2025-12-04 21:25:34', '2025-12-02 21:25:34', '2025-12-09 21:25:34'),
(4, 60, 237, 111, 109, NULL, '2025-12-10', '16:00:00', NULL, NULL, 30, 'virtual', NULL, 'requested', 'Can we do a virtual tour first?', NULL, NULL, NULL, NULL, NULL, NULL, NULL, NULL, NULL, '2025-12-08 21:25:34', '2025-12-09 21:25:34'),
(5, 60, 236, 111, 110, NULL, '2025-12-07', '09:00:00', '2025-12-07', '09:00:00', 30, 'in_person', NULL, 'cancelled', NULL, NULL, NULL, NULL, '2025-12-07 21:25:34', 111, 'Schedule conflict, will reschedule', NULL, NULL, NULL, '2025-12-05 21:25:34', '2025-12-09 21:25:34');

-- --------------------------------------------------------

--
-- Table structure for table `property_videos`
--

CREATE TABLE `property_videos` (
  `id` int NOT NULL,
  `listing_id` int NOT NULL,
  `video_url` varchar(500) CHARACTER SET utf8mb4 COLLATE utf8mb4_unicode_ci NOT NULL,
  `video_key` varchar(255) CHARACTER SET utf8mb4 COLLATE utf8mb4_unicode_ci DEFAULT NULL COMMENT 'S3 key or storage identifier',
  `thumbnail_url` varchar(500) CHARACTER SET utf8mb4 COLLATE utf8mb4_unicode_ci DEFAULT NULL,
  `caption` varchar(255) CHARACTER SET utf8mb4 COLLATE utf8mb4_unicode_ci DEFAULT NULL,
  `duration` int DEFAULT NULL COMMENT 'Duration in seconds',
  `display_order` int DEFAULT '0',
  `created_at` timestamp NULL DEFAULT CURRENT_TIMESTAMP
) ENGINE=InnoDB DEFAULT CHARSET=utf8mb4 COLLATE=utf8mb4_unicode_ci;

--
-- Dumping data for table `property_videos`
--

INSERT INTO `property_videos` (`id`, `listing_id`, `video_url`, `video_key`, `thumbnail_url`, `caption`, `duration`, `display_order`, `created_at`) VALUES
(1, 213, '/uploads/app_56/House1.mp4', NULL, '/uploads/app_56/House1_thumbnail.jpg', 'Property Tour', NULL, 0, '2025-12-08 20:13:19');

-- --------------------------------------------------------

--
-- Table structure for table `publish_history`
--

CREATE TABLE `publish_history` (
  `id` int NOT NULL,
  `app_id` int NOT NULL,
  `screen_id` int NOT NULL,
  `version_id` int DEFAULT NULL,
  `action` enum('published','unpublished','reverted') CHARACTER SET utf8mb4 COLLATE utf8mb4_unicode_ci NOT NULL,
  `published_by` int DEFAULT NULL,
  `notes` text CHARACTER SET utf8mb4 COLLATE utf8mb4_unicode_ci,
  `created_at` timestamp NULL DEFAULT CURRENT_TIMESTAMP
) ENGINE=InnoDB DEFAULT CHARSET=utf8mb4 COLLATE=utf8mb4_unicode_ci;

-- --------------------------------------------------------

--
-- Table structure for table `rides`
--

CREATE TABLE `rides` (
  `id` int NOT NULL,
  `app_id` int NOT NULL,
  `rider_id` int NOT NULL,
  `driver_id` int DEFAULT NULL,
  `pickup_address` varchar(500) NOT NULL,
  `pickup_latitude` decimal(10,8) DEFAULT NULL,
  `pickup_longitude` decimal(11,8) DEFAULT NULL,
  `destination_address` varchar(500) NOT NULL,
  `destination_latitude` decimal(10,8) DEFAULT NULL,
  `destination_longitude` decimal(11,8) DEFAULT NULL,
  `ride_type` enum('standard','premium','xl','luxury') DEFAULT 'standard',
  `estimated_fare` decimal(10,2) DEFAULT NULL,
  `actual_fare` decimal(10,2) DEFAULT NULL,
  `distance_km` decimal(10,2) DEFAULT NULL,
  `duration_minutes` int DEFAULT NULL,
  `status` enum('requested','searching','driver_assigned','driver_arriving','arrived','in_progress','completed','cancelled') DEFAULT 'requested',
  `requested_at` timestamp NULL DEFAULT CURRENT_TIMESTAMP,
  `driver_assigned_at` timestamp NULL DEFAULT NULL,
  `driver_arrived_at` timestamp NULL DEFAULT NULL,
  `pickup_at` timestamp NULL DEFAULT NULL,
  `dropoff_at` timestamp NULL DEFAULT NULL,
  `cancelled_at` timestamp NULL DEFAULT NULL,
  `promo_code` varchar(50) DEFAULT NULL,
  `ride_notes` text,
  `cancellation_reason` text,
  `cancelled_by` enum('rider','driver','system') DEFAULT NULL,
  `created_at` timestamp NULL DEFAULT CURRENT_TIMESTAMP,
  `updated_at` timestamp NULL DEFAULT CURRENT_TIMESTAMP ON UPDATE CURRENT_TIMESTAMP
) ENGINE=InnoDB DEFAULT CHARSET=utf8mb4 COLLATE=utf8mb4_0900_ai_ci;

--
-- Dumping data for table `rides`
--

INSERT INTO `rides` (`id`, `app_id`, `rider_id`, `driver_id`, `pickup_address`, `pickup_latitude`, `pickup_longitude`, `destination_address`, `destination_latitude`, `destination_longitude`, `ride_type`, `estimated_fare`, `actual_fare`, `distance_km`, `duration_minutes`, `status`, `requested_at`, `driver_assigned_at`, `driver_arrived_at`, `pickup_at`, `dropoff_at`, `cancelled_at`, `promo_code`, `ride_notes`, `cancellation_reason`, `cancelled_by`, `created_at`, `updated_at`) VALUES
(1, 58, 107, 105, '123 Main St, New York, NY', 40.71280000, -74.00600000, '456 Broadway, New York, NY', 40.75890000, -73.98510000, 'standard', 15.50, 16.25, NULL, NULL, 'completed', '2025-12-03 22:54:45', NULL, NULL, NULL, NULL, NULL, NULL, NULL, NULL, NULL, '2025-12-03 22:54:45', '2025-12-03 22:54:45'),
(2, 58, 107, 106, '789 Park Ave, New York, NY', 40.76490000, -73.97240000, 'JFK Airport, Queens, NY', 40.64130000, -73.77810000, 'premium', 45.00, 52.75, NULL, NULL, 'completed', '2025-12-03 22:54:45', NULL, NULL, NULL, NULL, NULL, NULL, NULL, NULL, NULL, '2025-12-03 22:54:45', '2025-12-03 22:54:45'),
(3, 58, 108, 105, 'Times Square, New York, NY', 40.75800000, -73.98550000, 'Central Park, New York, NY', 40.78290000, -73.96540000, 'standard', 12.00, 11.50, NULL, NULL, 'completed', '2025-12-03 22:54:45', NULL, NULL, NULL, NULL, NULL, NULL, NULL, NULL, NULL, '2025-12-03 22:54:45', '2025-12-03 22:54:45');

-- --------------------------------------------------------

--
-- Table structure for table `ride_payments`
--

CREATE TABLE `ride_payments` (
  `id` int NOT NULL,
  `ride_id` int NOT NULL,
  `payment_method_id` int DEFAULT NULL,
  `amount` decimal(10,2) NOT NULL,
  `currency` varchar(3) DEFAULT 'USD',
  `base_fare` decimal(10,2) DEFAULT NULL,
  `distance_fare` decimal(10,2) DEFAULT NULL,
  `time_fare` decimal(10,2) DEFAULT NULL,
  `surge_multiplier` decimal(3,2) DEFAULT '1.00',
  `promo_discount` decimal(10,2) DEFAULT '0.00',
  `tip_amount` decimal(10,2) DEFAULT '0.00',
  `platform_fee` decimal(10,2) DEFAULT '0.00',
  `status` enum('pending','processing','completed','failed','refunded') DEFAULT 'pending',
  `transaction_id` varchar(100) DEFAULT NULL,
  `failure_reason` text,
  `created_at` timestamp NULL DEFAULT CURRENT_TIMESTAMP,
  `processed_at` timestamp NULL DEFAULT NULL
) ENGINE=InnoDB DEFAULT CHARSET=utf8mb4 COLLATE=utf8mb4_0900_ai_ci;

-- --------------------------------------------------------

--
-- Table structure for table `ride_pricing_rules`
--

CREATE TABLE `ride_pricing_rules` (
  `id` int NOT NULL,
  `app_id` int NOT NULL,
  `ride_type` enum('standard','premium','xl','luxury') NOT NULL,
  `base_fare` decimal(10,2) NOT NULL DEFAULT '2.50',
  `per_km_rate` decimal(10,2) NOT NULL DEFAULT '1.50',
  `per_minute_rate` decimal(10,2) NOT NULL DEFAULT '0.25',
  `minimum_fare` decimal(10,2) NOT NULL DEFAULT '5.00',
  `surge_multiplier_max` decimal(3,2) DEFAULT '3.00',
  `platform_fee_percentage` decimal(5,2) DEFAULT '20.00',
  `is_active` tinyint(1) DEFAULT '1',
  `created_at` timestamp NULL DEFAULT CURRENT_TIMESTAMP,
  `updated_at` timestamp NULL DEFAULT CURRENT_TIMESTAMP ON UPDATE CURRENT_TIMESTAMP
) ENGINE=InnoDB DEFAULT CHARSET=utf8mb4 COLLATE=utf8mb4_0900_ai_ci;

--
-- Dumping data for table `ride_pricing_rules`
--

INSERT INTO `ride_pricing_rules` (`id`, `app_id`, `ride_type`, `base_fare`, `per_km_rate`, `per_minute_rate`, `minimum_fare`, `surge_multiplier_max`, `platform_fee_percentage`, `is_active`, `created_at`, `updated_at`) VALUES
(1, 58, 'standard', 2.50, 1.50, 0.25, 5.00, 3.00, 20.00, 1, '2025-12-03 22:54:45', '2025-12-03 22:54:45'),
(2, 58, 'premium', 4.00, 2.25, 0.35, 8.00, 3.00, 20.00, 1, '2025-12-03 22:54:45', '2025-12-03 22:54:45'),
(3, 58, 'xl', 5.00, 2.50, 0.40, 10.00, 3.00, 20.00, 1, '2025-12-03 22:54:45', '2025-12-03 22:54:45'),
(4, 58, 'luxury', 10.00, 4.00, 0.60, 20.00, 3.00, 20.00, 1, '2025-12-03 22:54:45', '2025-12-03 22:54:45');

-- --------------------------------------------------------

--
-- Table structure for table `ride_promo_codes`
--

CREATE TABLE `ride_promo_codes` (
  `id` int NOT NULL,
  `app_id` int NOT NULL,
  `code` varchar(50) NOT NULL,
  `description` varchar(255) DEFAULT NULL,
  `discount_type` enum('percentage','fixed') NOT NULL,
  `discount_value` decimal(10,2) NOT NULL,
  `max_discount` decimal(10,2) DEFAULT NULL,
  `min_ride_amount` decimal(10,2) DEFAULT NULL,
  `usage_limit` int DEFAULT NULL,
  `used_count` int DEFAULT '0',
  `per_user_limit` int DEFAULT '1',
  `valid_from` timestamp NULL DEFAULT NULL,
  `valid_until` timestamp NULL DEFAULT NULL,
  `first_ride_only` tinyint(1) DEFAULT '0',
  `ride_types` json DEFAULT NULL,
  `is_active` tinyint(1) DEFAULT '1',
  `created_at` timestamp NULL DEFAULT CURRENT_TIMESTAMP,
  `updated_at` timestamp NULL DEFAULT CURRENT_TIMESTAMP ON UPDATE CURRENT_TIMESTAMP
) ENGINE=InnoDB DEFAULT CHARSET=utf8mb4 COLLATE=utf8mb4_0900_ai_ci;

-- --------------------------------------------------------

--
-- Table structure for table `ride_promo_code_usage`
--

CREATE TABLE `ride_promo_code_usage` (
  `id` int NOT NULL,
  `promo_code_id` int NOT NULL,
  `user_id` int NOT NULL,
  `ride_id` int NOT NULL,
  `discount_applied` decimal(10,2) NOT NULL,
  `created_at` timestamp NULL DEFAULT CURRENT_TIMESTAMP
) ENGINE=InnoDB DEFAULT CHARSET=utf8mb4 COLLATE=utf8mb4_0900_ai_ci;

-- --------------------------------------------------------

--
-- Table structure for table `ride_reviews`
--

CREATE TABLE `ride_reviews` (
  `id` int NOT NULL,
  `ride_id` int NOT NULL,
  `reviewer_id` int NOT NULL,
  `reviewee_id` int NOT NULL,
  `rating` int NOT NULL,
  `comment` text,
  `review_type` enum('rider_to_driver','driver_to_rider') NOT NULL,
  `created_at` timestamp NULL DEFAULT CURRENT_TIMESTAMP
) ENGINE=InnoDB DEFAULT CHARSET=utf8mb4 COLLATE=utf8mb4_0900_ai_ci;

-- --------------------------------------------------------

--
-- Table structure for table `roles`
--

CREATE TABLE `roles` (
  `id` int NOT NULL,
  `name` varchar(50) CHARACTER SET utf8mb4 COLLATE utf8mb4_unicode_ci NOT NULL,
  `description` text CHARACTER SET utf8mb4 COLLATE utf8mb4_unicode_ci,
  `level` int NOT NULL COMMENT '1=Master Admin, 2=Admin, 3=Editor',
  `created_at` timestamp NULL DEFAULT CURRENT_TIMESTAMP,
  `updated_at` timestamp NULL DEFAULT CURRENT_TIMESTAMP ON UPDATE CURRENT_TIMESTAMP
) ENGINE=InnoDB DEFAULT CHARSET=utf8mb4 COLLATE=utf8mb4_unicode_ci;

--
-- Dumping data for table `roles`
--

INSERT INTO `roles` (`id`, `name`, `description`, `level`, `created_at`, `updated_at`) VALUES
(1, 'Master Admin', 'Full access to all sites and system settings', 1, '2025-10-31 13:21:45', '2025-10-31 13:21:45'),
(2, 'Admin', 'Can manage assigned sites and their users', 2, '2025-10-31 13:21:45', '2025-10-31 13:21:45'),
(3, 'Editor', 'Can edit content on assigned sites with limited permissions', 3, '2025-10-31 13:21:45', '2025-10-31 13:21:45');

-- --------------------------------------------------------

--
-- Table structure for table `role_home_screens`
--

CREATE TABLE `role_home_screens` (
  `id` int NOT NULL,
  `app_id` int NOT NULL,
  `role_id` int NOT NULL,
  `screen_id` int NOT NULL,
  `created_at` timestamp NULL DEFAULT CURRENT_TIMESTAMP,
  `updated_at` timestamp NULL DEFAULT CURRENT_TIMESTAMP ON UPDATE CURRENT_TIMESTAMP
) ENGINE=InnoDB DEFAULT CHARSET=utf8mb4 COLLATE=utf8mb4_unicode_ci;

--
-- Dumping data for table `role_home_screens`
--

INSERT INTO `role_home_screens` (`id`, `app_id`, `role_id`, `screen_id`, `created_at`, `updated_at`) VALUES
(2, 28, 26, 131, '2025-11-26 22:42:48', '2025-11-26 22:46:11'),
(10, 56, 105, 131, '2025-12-01 01:51:09', '2025-12-01 01:51:09'),
(11, 57, 108, 131, '2025-12-03 20:19:29', '2025-12-03 20:19:29'),
(12, 58, 111, 141, '2025-12-03 22:54:45', '2025-12-03 22:54:45'),
(13, 58, 110, 147, '2025-12-03 22:54:45', '2025-12-03 22:54:45'),
(14, 56, 106, 112, '2025-12-04 21:56:24', '2025-12-04 21:56:24'),
(15, 60, 113, 112, '2025-12-09 20:19:05', '2025-12-09 20:19:05'),
(16, 60, 114, 129, '2025-12-09 20:19:05', '2025-12-09 20:19:05'),
(17, 60, 112, 131, '2025-12-09 20:19:05', '2025-12-09 20:19:05'),
(24, 65, 125, 131, '2025-12-11 21:49:12', '2025-12-11 21:49:12'),
(25, 65, 126, 112, '2025-12-11 21:49:12', '2025-12-11 21:49:12');

-- --------------------------------------------------------

--
-- Table structure for table `role_permissions`
--

CREATE TABLE `role_permissions` (
  `id` int NOT NULL,
  `name` varchar(50) CHARACTER SET utf8mb4 COLLATE utf8mb4_unicode_ci NOT NULL,
  `display_name` varchar(100) CHARACTER SET utf8mb4 COLLATE utf8mb4_unicode_ci NOT NULL,
  `description` text CHARACTER SET utf8mb4 COLLATE utf8mb4_unicode_ci,
  `category` varchar(50) CHARACTER SET utf8mb4 COLLATE utf8mb4_unicode_ci DEFAULT NULL,
  `created_at` timestamp NULL DEFAULT CURRENT_TIMESTAMP
) ENGINE=InnoDB DEFAULT CHARSET=utf8mb4 COLLATE=utf8mb4_unicode_ci;

--
-- Dumping data for table `role_permissions`
--

INSERT INTO `role_permissions` (`id`, `name`, `display_name`, `description`, `category`, `created_at`) VALUES
(1, 'content.create', 'Create Content', 'Can create posts, articles, or content', 'content', '2025-11-03 20:51:54'),
(2, 'content.edit', 'Edit Content', 'Can edit own content', 'content', '2025-11-03 20:51:54'),
(3, 'content.edit.all', 'Edit All Content', 'Can edit any user content', 'content', '2025-11-03 20:51:54'),
(4, 'content.delete', 'Delete Content', 'Can delete own content', 'content', '2025-11-03 20:51:54'),
(5, 'content.delete.all', 'Delete All Content', 'Can delete any user content', 'content', '2025-11-03 20:51:54'),
(6, 'content.publish', 'Publish Content', 'Can publish content', 'content', '2025-11-03 20:51:54'),
(7, 'comments.create', 'Create Comments', 'Can post comments', 'comments', '2025-11-03 20:51:54'),
(8, 'comments.edit', 'Edit Comments', 'Can edit own comments', 'comments', '2025-11-03 20:51:54'),
(9, 'comments.delete', 'Delete Comments', 'Can delete own comments', 'comments', '2025-11-03 20:51:54'),
(10, 'comments.moderate', 'Moderate Comments', 'Can moderate all comments', 'comments', '2025-11-03 20:51:54'),
(11, 'users.view', 'View Users', 'Can view user profiles', 'users', '2025-11-03 20:51:54'),
(12, 'users.follow', 'Follow Users', 'Can follow other users', 'users', '2025-11-03 20:51:54'),
(13, 'users.message', 'Message Users', 'Can send direct messages', 'users', '2025-11-03 20:51:54'),
(14, 'users.block', 'Block Users', 'Can block other users', 'users', '2025-11-03 20:51:54'),
(15, 'moderation.reports', 'Handle Reports', 'Can view and handle user reports', 'moderation', '2025-11-03 20:51:54'),
(16, 'moderation.ban', 'Ban Users', 'Can ban users from the app', 'moderation', '2025-11-03 20:51:54'),
(17, 'moderation.content', 'Moderate Content', 'Can moderate all content', 'moderation', '2025-11-03 20:51:54'),
(18, 'commerce.purchase', 'Make Purchases', 'Can purchase items', 'commerce', '2025-11-03 20:51:54'),
(19, 'commerce.sell', 'Sell Items', 'Can list items for sale', 'commerce', '2025-11-03 20:51:54'),
(20, 'commerce.refund', 'Process Refunds', 'Can process refunds', 'commerce', '2025-11-03 20:51:54'),
(21, 'analytics.view', 'View Analytics', 'Can view analytics and insights', 'analytics', '2025-11-03 20:51:54'),
(22, 'analytics.export', 'Export Data', 'Can export analytics data', 'analytics', '2025-11-03 20:51:54');

-- --------------------------------------------------------

--
-- Table structure for table `role_permission_assignments`
--

CREATE TABLE `role_permission_assignments` (
  `id` int NOT NULL,
  `role_id` int NOT NULL,
  `permission_id` int NOT NULL,
  `created_at` timestamp NULL DEFAULT CURRENT_TIMESTAMP
) ENGINE=InnoDB DEFAULT CHARSET=utf8mb4 COLLATE=utf8mb4_unicode_ci;

-- --------------------------------------------------------

--
-- Table structure for table `screen_data_sources`
--

CREATE TABLE `screen_data_sources` (
  `id` int NOT NULL,
  `screen_id` int NOT NULL,
  `source_name` varchar(50) NOT NULL,
  `endpoint` varchar(255) NOT NULL,
  `method` enum('GET','POST') DEFAULT 'GET',
  `params_from_route` json DEFAULT NULL,
  `params_from_config` json DEFAULT NULL,
  `refresh_on_focus` tinyint(1) DEFAULT '0',
  `cache_duration` int DEFAULT '0',
  `created_at` timestamp NULL DEFAULT CURRENT_TIMESTAMP,
  `updated_at` timestamp NULL DEFAULT CURRENT_TIMESTAMP ON UPDATE CURRENT_TIMESTAMP
) ENGINE=InnoDB DEFAULT CHARSET=utf8mb4 COLLATE=utf8mb4_0900_ai_ci;

-- --------------------------------------------------------

--
-- Table structure for table `screen_elements`
--

CREATE TABLE `screen_elements` (
  `id` int NOT NULL,
  `name` varchar(100) CHARACTER SET utf8mb4 COLLATE utf8mb4_unicode_ci NOT NULL,
  `element_type` varchar(50) CHARACTER SET utf8mb4 COLLATE utf8mb4_unicode_ci NOT NULL,
  `category` varchar(50) CHARACTER SET utf8mb4 COLLATE utf8mb4_unicode_ci NOT NULL,
  `icon` varchar(50) CHARACTER SET utf8mb4 COLLATE utf8mb4_unicode_ci DEFAULT NULL,
  `description` text CHARACTER SET utf8mb4 COLLATE utf8mb4_unicode_ci,
  `is_editable_by_app_admin` tinyint(1) DEFAULT '1' COMMENT 'Can app admin edit this element content',
  `has_options` tinyint(1) DEFAULT '0' COMMENT 'Does this element have selectable options (dropdown, radio, etc)',
  `is_content_field` tinyint(1) DEFAULT '0' COMMENT 'Is this a content field (heading, paragraph, etc)',
  `is_input_field` tinyint(1) DEFAULT '1' COMMENT 'Is this an input field for mobile app users',
  `default_config` json DEFAULT NULL COMMENT 'Default configuration for this element type',
  `validation_rules` json DEFAULT NULL COMMENT 'Available validation rules',
  `is_active` tinyint(1) DEFAULT '1',
  `display_order` int DEFAULT '0',
  `created_at` timestamp NULL DEFAULT CURRENT_TIMESTAMP,
  `updated_at` timestamp NULL DEFAULT CURRENT_TIMESTAMP ON UPDATE CURRENT_TIMESTAMP
) ENGINE=InnoDB DEFAULT CHARSET=utf8mb4 COLLATE=utf8mb4_unicode_ci;

--
-- Dumping data for table `screen_elements`
--

INSERT INTO `screen_elements` (`id`, `name`, `element_type`, `category`, `icon`, `description`, `is_editable_by_app_admin`, `has_options`, `is_content_field`, `is_input_field`, `default_config`, `validation_rules`, `is_active`, `display_order`, `created_at`, `updated_at`) VALUES
(1, 'Text Field', 'text_field', 'Input', 'form-textbox', 'Single line text input', 1, 0, 0, 1, NULL, NULL, 1, 1, '2025-10-31 18:12:54', '2025-11-26 15:31:19'),
(2, 'Text Area', 'text_area', 'Input', 'text-box-multiple', 'Multi-line text input', 1, 0, 0, 1, NULL, NULL, 1, 2, '2025-10-31 18:12:54', '2025-11-26 15:31:19'),
(3, 'Rich Text Editor', 'rich_text_editor', 'Content', 'file-document-edit', 'Text area with formatting toolbar', 1, 0, 1, 0, NULL, NULL, 1, 3, '2025-10-31 18:12:54', '2025-11-26 15:31:19'),
(4, 'Email Input', 'email_input', 'Input', 'email', 'Email address with validation', 1, 0, 0, 1, NULL, NULL, 1, 4, '2025-10-31 18:12:54', '2025-11-26 15:31:19'),
(5, 'Phone Input', 'phone_input', 'Input', 'phone', 'Phone number with formatting', 1, 0, 0, 1, NULL, NULL, 1, 5, '2025-10-31 18:12:54', '2025-11-26 15:31:19'),
(6, 'URL Input', 'url_input', 'Input', 'link', 'URL with validation', 1, 0, 0, 1, NULL, NULL, 1, 6, '2025-10-31 18:12:54', '2025-11-26 15:31:19'),
(7, 'Password Input', 'password_input', 'Input', 'lock', 'Masked password field', 0, 0, 0, 1, NULL, NULL, 1, 7, '2025-10-31 18:12:54', '2025-11-26 15:31:19'),
(8, 'Number Input', 'number_input', 'Input', 'numeric', 'Numeric input with min/max', 1, 0, 0, 1, NULL, NULL, 1, 8, '2025-10-31 18:12:54', '2025-11-26 15:31:19'),
(9, 'Currency Input', 'currency_input', 'Input', 'currency-usd', 'Money input with formatting', 1, 0, 0, 1, NULL, NULL, 1, 9, '2025-10-31 18:12:54', '2025-11-26 15:31:19'),
(10, 'Dropdown', 'dropdown', 'Selection', 'menu-down', 'Single selection dropdown', 1, 1, 0, 1, NULL, NULL, 1, 10, '2025-10-31 18:12:54', '2025-11-26 15:31:19'),
(11, 'Multi-Select', 'multi_select', 'Selection', 'format-list-checks', 'Multiple selection dropdown', 1, 1, 0, 1, NULL, NULL, 1, 11, '2025-10-31 18:12:54', '2025-11-26 15:31:19'),
(12, 'Radio Button', 'radio_button', 'Selection', 'radiobox-marked', 'Single choice from options', 1, 1, 0, 1, NULL, NULL, 1, 12, '2025-10-31 18:12:54', '2025-11-26 15:31:19'),
(13, 'Checkbox', 'checkbox', 'Selection', 'checkbox-marked', 'Multiple choice from options', 1, 1, 0, 1, NULL, NULL, 1, 13, '2025-10-31 18:12:54', '2025-11-26 15:31:19'),
(14, 'Switch/Toggle', 'switch_toggle', 'Selection', 'toggle-switch', 'On/off boolean toggle', 0, 0, 0, 1, NULL, NULL, 1, 14, '2025-10-31 18:12:54', '2025-11-26 15:31:19'),
(15, 'Country Selector', 'country_selector', 'Selection', 'earth', 'Country dropdown with flags', 0, 0, 0, 1, NULL, NULL, 1, 15, '2025-10-31 18:12:54', '2025-11-26 15:31:19'),
(16, 'Language Selector', 'language_selector', 'Selection', 'translate', 'Language picker', 0, 0, 0, 1, NULL, NULL, 1, 16, '2025-10-31 18:12:54', '2025-11-26 15:31:19'),
(17, 'Date Picker', 'date_picker', 'DateTime', 'calendar', 'Date selection', 0, 0, 0, 1, NULL, NULL, 1, 20, '2025-10-31 18:12:54', '2025-11-26 15:31:19'),
(18, 'Time Picker', 'time_picker', 'DateTime', 'clock-outline', 'Time selection', 0, 0, 0, 1, NULL, NULL, 1, 21, '2025-10-31 18:12:54', '2025-11-26 15:31:19'),
(19, 'DateTime Picker', 'datetime_picker', 'DateTime', 'calendar-clock', 'Combined date and time', 0, 0, 0, 1, NULL, NULL, 1, 22, '2025-10-31 18:12:54', '2025-11-26 15:31:19'),
(20, 'Calendar', 'calendar', 'DateTime', 'calendar-month', 'Full calendar view', 0, 0, 0, 1, NULL, NULL, 1, 23, '2025-10-31 18:12:54', '2025-11-26 15:31:19'),
(21, 'File Upload', 'file_upload', 'Media', 'upload', 'Single file upload', 0, 0, 0, 1, NULL, NULL, 1, 30, '2025-10-31 18:12:54', '2025-11-26 15:31:19'),
(22, 'Image Upload', 'image_upload', 'Media', 'image-plus', 'Image with preview', 0, 0, 0, 1, NULL, NULL, 1, 31, '2025-10-31 18:12:54', '2025-11-26 15:31:19'),
(23, 'Video Upload', 'video_upload', 'Media', 'video-plus', 'Video file upload', 0, 0, 0, 1, NULL, NULL, 1, 32, '2025-10-31 18:12:54', '2025-11-26 15:31:19'),
(24, 'Audio Recorder', 'audio_recorder', 'Media', 'microphone', 'Record audio', 0, 0, 0, 1, NULL, NULL, 1, 33, '2025-10-31 18:12:54', '2025-11-26 15:31:19'),
(25, 'Camera Capture', 'camera_capture', 'Media', 'camera', 'Take photo directly', 0, 0, 0, 1, NULL, NULL, 1, 34, '2025-10-31 18:12:54', '2025-11-26 15:31:19'),
(26, 'Signature Pad', 'signature_pad', 'Media', 'draw', 'Digital signature', 0, 0, 0, 1, NULL, NULL, 1, 35, '2025-10-31 18:12:54', '2025-11-26 15:31:19'),
(27, 'Heading', 'heading', 'Content', 'format-header-1', 'Page heading text', 1, 0, 1, 0, NULL, NULL, 1, 40, '2025-10-31 18:12:54', '2025-11-26 15:31:19'),
(28, 'Paragraph', 'paragraph', 'Content', 'format-paragraph', 'Paragraph text content', 1, 0, 1, 0, NULL, NULL, 1, 41, '2025-10-31 18:12:54', '2025-11-26 15:31:19'),
(29, 'Rich Text Display', 'rich_text_display', 'Content', 'file-document', 'Formatted content display', 1, 0, 1, 0, NULL, NULL, 1, 42, '2025-10-31 18:12:54', '2025-11-26 15:31:19'),
(30, 'Icon', 'icon', 'Content', 'star', 'Display icon', 1, 0, 1, 0, NULL, NULL, 1, 43, '2025-10-31 18:12:54', '2025-11-26 15:31:19'),
(31, 'Divider', 'divider', 'Content', 'minus', 'Visual separation line', 0, 0, 1, 0, NULL, NULL, 1, 44, '2025-10-31 18:12:54', '2025-11-26 15:31:19'),
(32, 'Spacer', 'spacer', 'Content', 'arrow-expand-vertical', 'Empty space', 0, 0, 1, 0, NULL, NULL, 1, 45, '2025-10-31 18:12:54', '2025-11-26 15:31:19'),
(33, 'Button', 'button', 'Interactive', 'gesture-tap-button', 'Action button', 1, 0, 1, 0, '{\"url\": \"\", \"screenId\": null, \"actionType\": \"none\", \"submitType\": null}', NULL, 1, 50, '2025-10-31 18:12:54', '2025-11-26 15:31:19'),
(34, 'Link', 'link', 'Interactive', 'link-variant', 'Hyperlink', 1, 0, 1, 0, '{\"url\": \"\", \"screenId\": null, \"actionType\": \"none\"}', NULL, 1, 51, '2025-10-31 18:12:54', '2025-11-26 15:31:19'),
(35, 'Slider', 'slider', 'Interactive', 'tune-vertical', 'Range selection', 1, 0, 0, 1, NULL, NULL, 1, 52, '2025-10-31 18:12:54', '2025-11-26 15:31:19'),
(36, 'Stepper', 'stepper', 'Interactive', 'plus-minus', 'Increment/decrement', 1, 0, 0, 1, NULL, NULL, 1, 53, '2025-10-31 18:12:54', '2025-11-26 15:31:19'),
(37, 'Rating', 'rating', 'Interactive', 'star', 'Star rating component', 0, 0, 0, 1, NULL, NULL, 1, 54, '2025-10-31 18:12:54', '2025-11-26 15:31:19'),
(38, 'Color Picker', 'color_picker', 'Interactive', 'palette', 'Color selection', 0, 0, 0, 1, NULL, NULL, 1, 55, '2025-10-31 18:12:54', '2025-11-26 15:31:19'),
(39, 'Address Input', 'address_input', 'Advanced', 'map-marker', 'Structured address fields', 1, 0, 0, 1, NULL, NULL, 1, 60, '2025-10-31 18:12:54', '2025-11-26 15:31:19'),
(40, 'Location Picker', 'location_picker', 'Advanced', 'map-search', 'GPS/map location', 0, 0, 0, 1, NULL, NULL, 1, 61, '2025-10-31 18:12:54', '2025-11-26 15:31:19'),
(41, 'Barcode Scanner', 'barcode_scanner', 'Advanced', 'barcode-scan', 'QR/barcode scanning', 0, 0, 0, 1, NULL, NULL, 1, 62, '2025-10-31 18:12:54', '2025-11-26 15:31:19'),
(42, 'OTP Input', 'otp_input', 'Advanced', 'shield-key', 'One-time password', 0, 0, 0, 1, NULL, NULL, 1, 63, '2025-10-31 18:12:54', '2025-11-26 15:31:19'),
(43, 'Tags Input', 'tags_input', 'Advanced', 'tag-multiple', 'Multiple tag entries', 1, 0, 0, 1, NULL, NULL, 1, 64, '2025-10-31 18:12:54', '2025-11-26 15:31:19'),
(44, 'Progress Bar', 'progress_bar', 'Advanced', 'progress-check', 'Show progress', 1, 0, 1, 0, NULL, NULL, 1, 65, '2025-10-31 18:12:54', '2025-11-26 15:31:19'),
(45, 'Timer/Countdown', 'timer_countdown', 'Advanced', 'timer-outline', 'Countdown display', 1, 0, 1, 0, NULL, NULL, 1, 66, '2025-10-31 18:12:54', '2025-11-26 15:31:19'),
(46, 'Chart/Graph', 'chart_graph', 'Advanced', 'chart-bar', 'Data visualization', 1, 0, 1, 0, NULL, NULL, 1, 67, '2025-10-31 18:12:54', '2025-11-26 15:31:19'),
(47, 'Image Display', 'image_display', 'Media', 'image', 'Display a static image (logo, banner, photo)', 1, 0, 1, 0, '{\"width\": \"100%\", \"height\": \"auto\", \"altText\": \"Image\", \"imageUrl\": \"\", \"alignment\": \"center\"}', NULL, 1, 0, '2025-11-03 18:07:47', '2025-11-03 18:07:47'),
(48, 'Star Rating Display', 'star_rating_display', 'Display', 'star-outline', 'Display star rating (read-only)', 1, 0, 0, 0, '{\"size\": \"medium\", \"color\": \"#FFD700\", \"max_stars\": 5, \"show_count\": true, \"show_value\": true}', NULL, 1, 47, '2025-11-07 15:12:39', '2025-11-26 15:31:19'),
(49, 'Service Card', 'service_card', 'Display', 'card-account-details', 'Display service offering card', 1, 0, 0, 0, '{\"card_style\": \"elevated\", \"show_image\": true, \"show_price\": true, \"show_rating\": true, \"show_distance\": true, \"show_provider\": true}', NULL, 1, 48, '2025-11-07 15:12:39', '2025-11-26 15:31:19'),
(50, 'Job Status Badge', 'job_status_badge', 'Display', 'tag-text', 'Display job status with color coding', 1, 0, 0, 0, '{\"size\": \"medium\", \"statuses\": [{\"color\": \"#FFA500\", \"label\": \"Pending\", \"value\": \"pending\"}, {\"color\": \"#4CAF50\", \"label\": \"Accepted\", \"value\": \"accepted\"}, {\"color\": \"#2196F3\", \"label\": \"In Progress\", \"value\": \"in_progress\"}, {\"color\": \"#4CAF50\", \"label\": \"Completed\", \"value\": \"completed\"}, {\"color\": \"#F44336\", \"label\": \"Cancelled\", \"value\": \"cancelled\"}], \"show_icon\": true}', NULL, 1, 49, '2025-11-07 15:12:39', '2025-11-26 15:31:19'),
(51, 'Availability Grid', 'availability_grid', 'Input', 'calendar-multiselect', 'Select available time slots for the week', 1, 0, 0, 1, '{\"days\": [\"Monday\", \"Tuesday\", \"Wednesday\", \"Thursday\", \"Friday\", \"Saturday\", \"Sunday\"], \"time_slots\": [\"Morning\", \"Afternoon\", \"Evening\"], \"time_format\": \"12h\", \"allow_custom_times\": true}', NULL, 1, 50, '2025-11-07 15:12:39', '2025-11-26 15:31:19'),
(52, 'Quote Builder', 'quote_builder', 'Input', 'file-document-edit', 'Build itemized quote with line items', 1, 0, 0, 1, '{\"currency\": \"USD\", \"show_tax\": true, \"tax_rate\": 0, \"show_total\": true, \"show_subtotal\": true, \"allow_add_items\": true, \"allow_remove_items\": true}', NULL, 1, 51, '2025-11-07 15:12:39', '2025-11-26 15:31:19'),
(53, 'Payment Method Card', 'payment_method_card', 'Display', 'credit-card', 'Display saved payment method', 1, 0, 0, 0, '{\"card_style\": \"outlined\", \"show_brand\": true, \"show_expiry\": true, \"allow_delete\": true, \"show_last_four\": true, \"show_default_badge\": true}', NULL, 1, 52, '2025-11-07 15:12:39', '2025-11-26 15:31:19'),
(54, 'Badge Display', 'badge_display', 'Display', 'medal', 'Display verification and achievement badges', 1, 0, 0, 0, '{\"size\": \"small\", \"layout\": \"horizontal\", \"badge_types\": [{\"icon\": \"CheckCircle\", \"type\": \"verified\", \"color\": \"#4CAF50\", \"label\": \"Verified\"}, {\"icon\": \"Shield\", \"type\": \"background_check\", \"color\": \"#2196F3\", \"label\": \"Background Check\"}, {\"icon\": \"Star\", \"type\": \"top_rated\", \"color\": \"#FFD700\", \"label\": \"Top Rated\"}, {\"icon\": \"Award\", \"type\": \"pro\", \"color\": \"#9C27B0\", \"label\": \"Pro\"}], \"show_labels\": true}', NULL, 1, 53, '2025-11-07 15:12:39', '2025-11-26 15:31:19'),
(55, 'Review Card', 'review_card', 'Display', 'comment-text', 'Display customer review with rating and comment', 1, 0, 0, 0, '{\"show_date\": true, \"show_name\": true, \"allow_reply\": false, \"date_format\": \"relative\", \"show_avatar\": true, \"show_rating\": true, \"show_helpful_count\": true}', NULL, 1, 54, '2025-11-07 15:12:39', '2025-11-26 15:31:19'),
(56, 'Account Balance Display', 'account_balance_display', 'Display', 'wallet', 'Display account balance with currency', 1, 0, 0, 0, '{\"font_size\": \"large\", \"decimal_places\": 2, \"show_eye_toggle\": true, \"show_currency_code\": true, \"show_currency_symbol\": true, \"show_pending_balance\": false, \"show_available_balance\": true}', NULL, 1, 55, '2025-11-07 15:20:52', '2025-11-26 15:31:19'),
(57, 'Transaction List Item', 'transaction_list_item', 'Display', 'swap-horizontal', 'Display transaction with amount, date, and status', 1, 0, 0, 0, '{\"show_date\": true, \"date_format\": \"relative\", \"show_amount\": true, \"show_avatar\": true, \"show_currency\": true, \"show_status_badge\": true, \"highlight_incoming\": true, \"show_recipient_name\": true}', NULL, 1, 56, '2025-11-07 15:20:52', '2025-11-26 15:31:19'),
(58, 'Currency Selector', 'currency_selector', 'Input', 'currency-usd-circle', 'Select currency with flags and exchange rates', 1, 0, 0, 1, '{\"searchable\": true, \"show_flags\": true, \"popular_currencies\": [\"USD\", \"EUR\", \"GBP\", \"JPY\", \"CAD\", \"AUD\"], \"show_currency_code\": true, \"show_currency_name\": true, \"show_exchange_rate\": true}', NULL, 1, 57, '2025-11-07 15:20:52', '2025-11-26 15:31:19'),
(59, 'Amount Input with Currency', 'amount_input_currency', 'Input', 'cash', 'Large amount input with currency symbol', 1, 0, 0, 1, '{\"font_size\": \"xlarge\", \"max_amount\": 10000, \"min_amount\": 1, \"allow_decimal\": true, \"decimal_places\": 2, \"show_word_format\": true, \"show_currency_code\": true, \"show_currency_symbol\": true}', NULL, 1, 58, '2025-11-07 15:20:52', '2025-11-26 15:31:19'),
(60, 'Recipient Card', 'recipient_card', 'Display', 'account-card', 'Display saved recipient with avatar and details', 1, 0, 0, 0, '{\"show_name\": true, \"card_style\": \"elevated\", \"show_avatar\": true, \"show_bank_name\": true, \"show_last_sent\": true, \"show_account_number\": true, \"show_favorite_badge\": true}', NULL, 1, 59, '2025-11-07 15:20:52', '2025-11-26 15:31:19'),
(61, 'Transaction Status Timeline', 'transaction_status_timeline', 'Display', 'timeline-clock', 'Show transaction progress steps', 1, 0, 0, 0, '{\"steps\": [{\"key\": \"initiated\", \"icon\": \"Circle\", \"label\": \"Initiated\"}, {\"key\": \"processing\", \"icon\": \"Clock\", \"label\": \"Processing\"}, {\"key\": \"completed\", \"icon\": \"CheckCircle\", \"label\": \"Completed\"}, {\"key\": \"failed\", \"icon\": \"XCircle\", \"label\": \"Failed\"}], \"orientation\": \"vertical\", \"show_timestamps\": true, \"show_descriptions\": true}', NULL, 1, 60, '2025-11-07 15:20:52', '2025-11-26 15:31:19'),
(62, 'Exchange Rate Display', 'exchange_rate_display', 'Display', 'chart-line', 'Show current exchange rate with live updates', 1, 0, 0, 0, '{\"show_rate\": true, \"show_trend\": true, \"auto_refresh\": true, \"decimal_places\": 4, \"refresh_interval\": 30, \"show_to_currency\": true, \"show_last_updated\": true, \"show_from_currency\": true}', NULL, 1, 61, '2025-11-07 15:20:52', '2025-11-26 15:31:19'),
(63, 'Fee Breakdown', 'fee_breakdown', 'Display', 'receipt', 'Itemized fee display', 1, 0, 0, 0, '{\"show_total\": true, \"show_subtotal\": true, \"show_you_send\": true, \"highlight_total\": true, \"show_service_fee\": true, \"show_exchange_fee\": true, \"show_transfer_fee\": true, \"show_recipient_gets\": true}', NULL, 1, 62, '2025-11-07 15:20:52', '2025-11-26 15:31:19'),
(64, 'Tab Bar', 'tab_bar', 'Navigation', 'dock-bottom', 'Bottom navigation tabs', 1, 0, 0, 0, '{\"tabs\": [{\"key\": \"home\", \"icon\": \"Home\", \"label\": \"Home\"}, {\"key\": \"search\", \"icon\": \"Search\", \"label\": \"Search\"}, {\"key\": \"profile\", \"icon\": \"User\", \"label\": \"Profile\"}], \"position\": \"bottom\", \"show_labels\": true, \"active_color\": \"#007AFF\", \"inactive_color\": \"#8E8E93\"}', NULL, 1, 64, '2025-11-07 16:25:08', '2025-11-26 15:31:19'),
(65, 'Navigation Header', 'navigation_header', 'Navigation', 'page-layout-header', 'Top navigation bar with title and actions', 1, 0, 0, 0, '{\"show_menu\": false, \"show_title\": true, \"text_color\": \"#000000\", \"show_search\": false, \"background_color\": \"#FFFFFF\", \"show_back_button\": true}', NULL, 1, 65, '2025-11-07 16:25:08', '2025-11-26 15:31:19'),
(66, 'Drawer Menu', 'drawer_menu', 'Navigation', 'menu', 'Side drawer navigation menu', 1, 0, 0, 0, '{\"position\": \"left\", \"menu_items\": [{\"key\": \"home\", \"icon\": \"Home\", \"label\": \"Home\"}, {\"key\": \"settings\", \"icon\": \"Settings\", \"label\": \"Settings\"}], \"show_header\": true, \"show_user_info\": true}', NULL, 1, 66, '2025-11-07 16:25:08', '2025-11-26 15:31:19'),
(67, 'Breadcrumb', 'breadcrumb', 'Navigation', 'chevron-right', 'Breadcrumb navigation trail', 1, 0, 0, 0, '{\"max_items\": 5, \"separator\": \"/\", \"show_home\": true}', NULL, 1, 67, '2025-11-07 16:25:08', '2025-11-26 15:31:19'),
(68, 'Pagination', 'pagination', 'Navigation', 'dots-horizontal', 'Page navigation controls', 1, 0, 0, 0, '{\"items_per_page\": 10, \"show_prev_next\": true, \"show_first_last\": true, \"show_page_numbers\": true}', NULL, 1, 68, '2025-11-07 16:25:08', '2025-11-26 15:31:19'),
(69, 'Stepper Navigation', 'stepper_navigation', 'Navigation', 'ray-start-arrow', 'Multi-step process navigation', 1, 0, 0, 0, '{\"steps\": [{\"key\": \"step1\", \"label\": \"Step 1\"}, {\"key\": \"step2\", \"label\": \"Step 2\"}, {\"key\": \"step3\", \"label\": \"Step 3\"}], \"allow_skip\": false, \"orientation\": \"horizontal\", \"show_numbers\": true}', NULL, 1, 69, '2025-11-07 16:25:08', '2025-11-26 15:31:19'),
(70, 'Avatar', 'avatar', 'Display', 'account-circle', 'User avatar/profile picture', 1, 0, 0, 0, '{\"size\": \"medium\", \"shape\": \"circle\", \"show_badge\": false, \"show_border\": true, \"fallback_icon\": \"User\"}', NULL, 1, 70, '2025-11-07 16:25:08', '2025-11-26 15:31:19'),
(71, 'Badge', 'badge', 'Display', 'label', 'Small status or count badge', 1, 0, 0, 0, '{\"color\": \"#FF3B30\", \"variant\": \"default\", \"position\": \"top-right\", \"max_count\": 99, \"show_count\": true}', NULL, 1, 71, '2025-11-07 16:25:08', '2025-11-26 15:31:19'),
(72, 'Chip', 'chip', 'Display', 'label-variant', 'Compact element for tags or filters', 1, 0, 0, 0, '{\"size\": \"medium\", \"color\": \"#007AFF\", \"variant\": \"filled\", \"show_icon\": false, \"show_close\": false}', NULL, 1, 72, '2025-11-07 16:25:08', '2025-11-26 15:31:19'),
(73, 'Alert Banner', 'alert_banner', 'Display', 'alert', 'Alert or notification banner', 1, 0, 0, 0, '{\"type\": \"info\", \"duration\": 5000, \"position\": \"top\", \"show_icon\": true, \"dismissible\": true, \"auto_dismiss\": false}', NULL, 1, 73, '2025-11-07 16:25:08', '2025-11-26 15:31:19'),
(74, 'Tooltip', 'tooltip', 'Display', 'tooltip-text', 'Hover tooltip with information', 1, 0, 0, 0, '{\"delay\": 200, \"trigger\": \"hover\", \"position\": \"top\", \"show_arrow\": true}', NULL, 1, 74, '2025-11-07 16:25:08', '2025-11-26 15:31:19'),
(75, 'Skeleton Loader', 'skeleton_loader', 'Display', 'loading', 'Loading placeholder skeleton', 1, 0, 0, 0, '{\"rows\": 3, \"variant\": \"text\", \"animation\": \"pulse\", \"show_avatar\": false}', NULL, 1, 75, '2025-11-07 16:25:08', '2025-11-26 15:31:19'),
(76, 'Empty State', 'empty_state', 'Display', 'inbox', 'Empty state placeholder', 1, 0, 0, 0, '{\"icon\": \"Inbox\", \"title\": \"No items found\", \"show_icon\": true, \"description\": \"Try adjusting your filters\", \"show_action\": true, \"action_label\": \"Add New\"}', NULL, 1, 76, '2025-11-07 16:25:08', '2025-11-26 15:31:19'),
(77, 'Accordion', 'accordion', 'Display', 'chevron-down', 'Expandable content sections', 1, 0, 0, 0, '{\"show_icon\": true, \"icon_position\": \"right\", \"allow_multiple\": false, \"default_expanded\": false}', NULL, 1, 77, '2025-11-07 16:25:08', '2025-11-26 15:31:19'),
(78, 'Carousel', 'carousel', 'Display', 'view-carousel', 'Image or content carousel', 1, 0, 0, 0, '{\"interval\": 3000, \"auto_play\": false, \"show_arrows\": true, \"infinite_loop\": true, \"show_indicators\": true}', NULL, 1, 78, '2025-11-07 16:25:08', '2025-11-26 15:31:19'),
(79, 'Timeline', 'timeline', 'Display', 'timeline', 'Vertical timeline display', 1, 0, 0, 0, '{\"show_dates\": true, \"show_icons\": true, \"orientation\": \"vertical\", \"alternate_sides\": false}', NULL, 1, 79, '2025-11-07 16:25:08', '2025-11-26 15:31:19'),
(80, 'Table', 'table', 'Display', 'table', 'Data table display', 1, 0, 0, 0, '{\"striped\": true, \"sortable\": true, \"paginated\": true, \"filterable\": false, \"show_header\": true, \"rows_per_page\": 10}', NULL, 1, 80, '2025-11-07 16:25:08', '2025-11-26 15:31:19'),
(81, 'Data Grid', 'data_grid', 'Display', 'grid', 'Grid layout for items', 1, 0, 0, 0, '{\"gap\": 16, \"columns\": 2, \"responsive\": true, \"min_column_width\": 150}', NULL, 1, 81, '2025-11-07 16:25:08', '2025-11-26 15:31:19'),
(82, 'Map View', 'map_view', 'Display', 'map', 'Interactive map display', 1, 0, 0, 0, '{\"allow_pan\": true, \"allow_zoom\": true, \"default_zoom\": 12, \"show_markers\": true, \"show_controls\": true}', NULL, 1, 82, '2025-11-07 16:25:08', '2025-11-26 15:31:19'),
(83, 'Video Player', 'video_player', 'Media', 'video', 'Video player with controls', 1, 0, 0, 0, '{\"loop\": false, \"muted\": false, \"auto_play\": false, \"show_controls\": true, \"show_fullscreen\": true}', NULL, 1, 83, '2025-11-07 16:25:08', '2025-11-26 15:31:19'),
(84, 'Audio Player', 'audio_player', 'Media', 'music', 'Audio player with controls', 1, 0, 0, 0, '{\"show_volume\": true, \"show_controls\": true, \"show_playlist\": false, \"show_progress\": true}', NULL, 1, 84, '2025-11-07 16:25:08', '2025-11-26 15:31:19'),
(85, 'QR Code Display', 'qr_code_display', 'Display', 'qrcode', 'Display QR code', 1, 0, 0, 0, '{\"size\": 200, \"background_color\": \"#FFFFFF\", \"error_correction\": \"M\", \"foreground_color\": \"#000000\"}', NULL, 1, 85, '2025-11-07 16:25:08', '2025-11-26 15:31:19'),
(86, 'Search Bar', 'search_bar', 'Input', 'magnify', 'Search input with icon', 1, 0, 0, 1, '{\"debounce\": 300, \"show_icon\": true, \"show_clear\": true, \"placeholder\": \"Search...\", \"min_characters\": 2}', NULL, 1, 86, '2025-11-07 16:25:08', '2025-11-26 15:31:19'),
(87, 'Autocomplete', 'autocomplete', 'Input', 'text-search', 'Input with suggestions', 1, 0, 0, 1, '{\"show_icon\": true, \"allow_custom\": false, \"min_characters\": 2, \"max_suggestions\": 5}', NULL, 1, 87, '2025-11-07 16:25:08', '2025-11-26 15:31:19'),
(88, 'Range Slider', 'range_slider', 'Input', 'tune', 'Range selection slider', 1, 0, 0, 1, '{\"max\": 100, \"min\": 0, \"step\": 1, \"show_value\": true, \"show_labels\": true, \"dual_handles\": false}', NULL, 1, 88, '2025-11-07 16:25:08', '2025-11-26 15:31:19'),
(89, 'Star Rating Input', 'star_rating_input', 'Input', 'star-half-full', 'Star rating input', 1, 0, 0, 1, '{\"size\": \"medium\", \"color\": \"#FFD700\", \"max_stars\": 5, \"allow_half\": false, \"show_value\": true}', NULL, 1, 89, '2025-11-07 16:25:08', '2025-11-26 15:31:19'),
(90, 'Image Picker', 'image_picker', 'Input', 'image-multiple', 'Multiple image selection', 1, 0, 0, 1, '{\"max_images\": 5, \"max_size_mb\": 10, \"allow_camera\": true, \"show_preview\": true, \"allow_gallery\": true}', NULL, 1, 90, '2025-11-07 16:25:08', '2025-11-26 15:31:19'),
(91, 'Video Picker', 'video_picker', 'Input', 'video-box', 'Video file selection', 1, 0, 0, 1, '{\"max_videos\": 1, \"max_size_mb\": 50, \"allow_camera\": true, \"allow_gallery\": true, \"max_duration_seconds\": 60}', NULL, 1, 90, '2025-11-07 16:25:08', '2025-11-26 15:31:19'),
(92, 'Document Picker', 'document_picker', 'Input', 'file-document-multiple', 'Document file selection', 1, 0, 0, 1, '{\"max_files\": 3, \"max_size_mb\": 10, \"show_preview\": true, \"allowed_types\": [\"pdf\", \"doc\", \"docx\", \"txt\"]}', NULL, 1, 91, '2025-11-07 16:25:08', '2025-11-26 15:31:19'),
(93, 'Rich Text Editor', 'rich_text_input', 'Input', 'format-text', 'Rich text editing input', 1, 0, 0, 1, '{\"toolbar\": [\"bold\", \"italic\", \"underline\", \"link\", \"list\"], \"max_height\": 400, \"min_height\": 150, \"placeholder\": \"Enter text...\"}', NULL, 1, 92, '2025-11-07 16:25:08', '2025-11-26 15:31:19'),
(94, 'Code Editor', 'code_editor', 'Input', 'code-tags', 'Code editing input', 1, 0, 0, 1, '{\"theme\": \"light\", \"language\": \"javascript\", \"line_numbers\": true, \"auto_complete\": true, \"syntax_highlighting\": true}', NULL, 1, 93, '2025-11-07 16:25:08', '2025-11-26 15:31:19'),
(95, 'Mention Input', 'mention_input', 'Input', 'at', 'Input with @mentions', 1, 0, 0, 1, '{\"trigger\": \"@\", \"max_suggestions\": 5, \"show_suggestions\": true, \"highlight_mentions\": true}', NULL, 1, 94, '2025-11-07 16:25:08', '2025-11-26 15:31:19'),
(96, 'Hashtag Input', 'hashtag_input', 'Input', 'pound', 'Input with #hashtags', 1, 0, 0, 1, '{\"trigger\": \"#\", \"max_suggestions\": 5, \"show_suggestions\": true, \"highlight_hashtags\": true}', NULL, 1, 95, '2025-11-07 16:25:08', '2025-11-26 15:31:19'),
(97, 'Modal', 'modal', 'Interactive', 'card-outline', 'Modal dialog overlay', 1, 0, 0, 0, '{\"size\": \"medium\", \"centered\": true, \"closable\": true, \"show_close_button\": true, \"backdrop_dismissible\": true}', NULL, 1, 96, '2025-11-07 16:25:08', '2025-11-26 15:31:19'),
(98, 'Bottom Sheet', 'bottom_sheet', 'Interactive', 'page-layout-footer', 'Bottom sliding panel', 1, 0, 0, 0, '{\"height\": \"auto\", \"dismissible\": true, \"show_handle\": true, \"snap_points\": [0.5, 0.9]}', NULL, 1, 97, '2025-11-07 16:25:08', '2025-11-26 15:31:19'),
(99, 'Action Sheet', 'action_sheet', 'Interactive', 'format-list-bulleted', 'Action selection sheet', 1, 0, 0, 0, '{\"title\": \"Choose an action\", \"cancelable\": true, \"show_icons\": true, \"destructive_index\": -1}', NULL, 1, 98, '2025-11-07 16:25:08', '2025-11-26 15:31:19'),
(100, 'Context Menu', 'context_menu', 'Interactive', 'dots-vertical', 'Right-click context menu', 1, 0, 0, 0, '{\"trigger\": \"right-click\", \"show_icons\": true, \"close_on_select\": true}', NULL, 1, 99, '2025-11-07 16:25:08', '2025-11-26 15:31:19'),
(101, 'Popover', 'popover', 'Interactive', 'tooltip', 'Popover content overlay', 1, 0, 0, 0, '{\"trigger\": \"click\", \"position\": \"bottom\", \"show_arrow\": true, \"close_on_outside_click\": true}', NULL, 1, 100, '2025-11-07 16:25:08', '2025-11-26 15:31:19'),
(102, 'Snackbar', 'snackbar', 'Interactive', 'message-text', 'Temporary notification message', 1, 0, 0, 0, '{\"duration\": 3000, \"position\": \"bottom\", \"dismissible\": true, \"action_label\": \"\"}', NULL, 1, 101, '2025-11-07 16:25:08', '2025-11-26 15:31:19'),
(103, 'Toast', 'toast', 'Interactive', 'bell-ring', 'Toast notification', 1, 0, 0, 0, '{\"type\": \"info\", \"duration\": 3000, \"position\": \"top-right\", \"show_icon\": true, \"dismissible\": true}', NULL, 1, 102, '2025-11-07 16:25:08', '2025-11-26 15:31:19'),
(104, 'Pull to Refresh', 'pull_to_refresh', 'Interactive', 'refresh', 'Pull down to refresh content', 1, 0, 0, 0, '{\"enabled\": true, \"threshold\": 80, \"show_spinner\": true}', NULL, 1, 103, '2025-11-07 16:25:08', '2025-11-26 15:31:19'),
(105, 'Infinite Scroll', 'infinite_scroll', 'Interactive', 'arrow-down', 'Load more on scroll', 1, 0, 0, 0, '{\"threshold\": 200, \"show_loader\": true, \"initial_load\": true}', NULL, 1, 104, '2025-11-07 16:25:08', '2025-11-26 15:31:19'),
(106, 'Swipe Actions', 'swipe_actions', 'Interactive', 'gesture-swipe', 'Swipeable list item actions', 1, 0, 0, 0, '{\"threshold\": 0.5, \"left_actions\": [], \"right_actions\": [{\"key\": \"delete\", \"icon\": \"Trash\", \"color\": \"#FF3B30\", \"label\": \"Delete\"}]}', NULL, 1, 105, '2025-11-07 16:25:08', '2025-11-26 15:31:19'),
(108, 'Booking Form', 'booking_form', 'forms', 'calendar-edit', 'Complete booking form with date pickers, guest information, and price calculation', 1, 1, 0, 1, '{\"max_nights\": 365, \"min_nights\": 1, \"require_phone\": false, \"listing_id_source\": \"route_param\", \"success_navigation\": \"MyBookings\", \"show_price_breakdown\": true, \"enable_special_requests\": true}', NULL, 1, 0, '2025-11-20 17:59:25', '2025-11-26 15:31:19'),
(109, 'Booking List', 'booking_list', 'lists', 'format-list-bulleted-square', 'Display user bookings with filters and status badges', 1, 1, 0, 0, '{\"filters\": [\"all\", \"pending\", \"confirmed\", \"cancelled\"], \"card_layout\": \"compact\", \"enable_cancel\": true, \"default_filter\": \"all\", \"items_per_page\": 20, \"pull_to_refresh\": true, \"show_status_badges\": true}', NULL, 1, 0, '2025-11-20 17:59:25', '2025-11-26 15:31:19'),
(110, 'Booking Detail', 'booking_detail', 'detail', 'information', 'Display full booking information with timeline and actions', 1, 1, 0, 0, '{\"sections\": [\"property\", \"trip\", \"guest\", \"host\", \"price\", \"timeline\"], \"enable_cancel\": true, \"show_timeline\": true, \"booking_id_source\": \"route_param\", \"enable_contact_host\": true}', NULL, 1, 0, '2025-11-20 17:59:25', '2025-11-26 15:31:19'),
(111, 'Conversation List', 'conversation_list', 'lists', 'chat', 'Display user conversations with unread badges and auto-refresh', 1, 1, 0, 0, '{\"show_avatars\": true, \"enable_archive\": true, \"items_per_page\": 50, \"pull_to_refresh\": true, \"show_unread_badge\": true, \"auto_refresh_interval\": 30000}', NULL, 1, 0, '2025-11-20 17:59:25', '2025-11-20 17:59:25'),
(112, 'Chat Interface', 'chat_interface', 'messaging', 'message', 'Send and receive messages with real-time updates', 1, 1, 0, 1, '{\"show_timestamps\": true, \"enable_attachments\": false, \"max_message_length\": 1000, \"message_bubble_style\": \"ios\", \"show_date_separators\": true, \"auto_refresh_interval\": 5000, \"conversation_id_source\": \"route_param\"}', NULL, 1, 0, '2025-11-20 17:59:25', '2025-11-20 17:59:25'),
(113, 'Property Search', 'property_search', 'search', 'home-search', 'Search properties with advanced filters and sorting', 1, 1, 0, 1, '{\"filters\": [\"location\", \"dates\", \"guests\", \"price\", \"property_type\", \"amenities\"], \"show_map\": false, \"card_layout\": \"grid\", \"default_sort\": \"newest\", \"sort_options\": [\"price_asc\", \"price_desc\", \"newest\", \"rating\"], \"items_per_page\": 20, \"enable_favorites\": true}', NULL, 1, 0, '2025-11-20 17:59:25', '2025-11-26 15:31:19'),
(114, 'Property Form', 'property_form', 'forms', 'home-edit', 'Form for creating property listings', 1, 0, 0, 1, '{\"mode\": \"create\", \"show_photos\": true, \"show_amenities\": true, \"show_location_map\": true}', NULL, 1, 0, '2025-11-20 22:39:20', '2025-11-26 15:31:19'),
(115, 'Logout Button', 'logout_button', 'action', 'logout', 'Button that logs out the user and redirects to a specified screen', 1, 0, 0, 0, '{\"redirectScreenId\": null}', NULL, 1, 0, '2025-11-24 20:23:11', '2025-11-26 15:31:19'),
(116, 'Property List', 'property_list', 'lists', 'home-group', 'Display a list of property listings with filters', 1, 1, 1, 0, NULL, NULL, 1, 0, '2025-11-26 22:27:13', '2025-11-26 22:27:13'),
(117, 'Earnings Summary', 'earnings_summary', 'Display', 'cash-multiple', 'Display earnings overview with charts and stats', 1, 1, 1, 0, NULL, NULL, 1, 0, '2025-11-26 22:27:13', '2025-11-26 22:27:13'),
(118, 'Favorites List', 'favorites_list', 'lists', 'heart', 'Display user saved/favorite properties', 1, 1, 1, 0, NULL, NULL, 1, 0, '2025-11-26 22:27:13', '2025-11-26 22:27:13'),
(119, 'Dashboard Stats', 'dashboard_stats', 'Display', 'view-dashboard', 'Display key metrics and statistics cards', 1, 1, 1, 0, NULL, NULL, 1, 0, '2025-11-26 22:27:13', '2025-11-26 22:27:13'),
(120, 'Availability Calendar', 'availability_calendar', 'DateTime', 'calendar-month', 'Calendar for setting property availability', 1, 1, 0, 1, NULL, NULL, 1, 0, '2025-11-26 22:27:13', '2025-11-26 22:27:13'),
(121, 'Reviews', 'reviews', 'content', NULL, 'Display and manage reviews for listings', 1, 0, 0, 1, '{\"viewType\": \"listing\", \"allowHostResponse\": true, \"showRatingBreakdown\": true}', NULL, 1, 0, '2025-11-28 14:39:03', '2025-11-28 14:39:03'),
(122, 'Dynamic Pricing', 'dynamic_pricing', 'content', NULL, 'Manage pricing rules for listings', 1, 0, 0, 1, '{}', NULL, 1, 0, '2025-11-28 14:58:21', '2025-11-28 14:58:21'),
(123, 'Property Detail', 'property_detail', 'content', NULL, 'Display property listing details', 1, 0, 0, 1, '{\"showReviews\": true, \"showAmenities\": true, \"showBookButton\": true, \"showContactHost\": true}', NULL, 1, 0, '2025-11-28 15:14:22', '2025-11-28 15:14:22'),
(124, 'User Profile', 'user_profile', 'user', 'account', 'Display and edit user profile information', 1, 1, 0, 0, NULL, NULL, 1, 101, '2025-11-30 19:06:45', '2025-11-30 19:06:45'),
(125, 'Notification List', 'notification_list', 'lists', 'bell', 'Displays a list of user notifications with read/unread status', 1, 1, 0, 0, '{\"empty_message\": \"No notifications yet\", \"group_by_date\": true, \"show_unread_badge\": true, \"enable_swipe_actions\": true}', NULL, 1, 125, '2025-12-05 19:59:53', '2025-12-05 19:59:53'),
(126, 'Media Gallery', 'media_gallery', 'media', NULL, 'Upload and manage multiple images and videos with reordering, captions, and primary selection', 1, 0, 0, 1, '{\"max_items\": 10, \"min_items\": 0, \"media_types\": [\"image\"], \"upload_text\": \"Add Media\", \"grid_columns\": 3, \"allow_reorder\": true, \"allow_captions\": false, \"max_file_size_mb\": 10, \"show_primary_selector\": false}', NULL, 1, 0, '2025-12-08 19:30:00', '2025-12-08 19:30:00');

-- --------------------------------------------------------

--
-- Table structure for table `screen_element_instances`
--

CREATE TABLE `screen_element_instances` (
  `id` int NOT NULL,
  `screen_id` int NOT NULL,
  `element_id` int NOT NULL,
  `form_id` int DEFAULT NULL,
  `field_key` varchar(100) CHARACTER SET utf8mb4 COLLATE utf8mb4_unicode_ci NOT NULL COMMENT 'Unique key for this field instance',
  `label` varchar(255) CHARACTER SET utf8mb4 COLLATE utf8mb4_unicode_ci NOT NULL,
  `placeholder` varchar(255) CHARACTER SET utf8mb4 COLLATE utf8mb4_unicode_ci DEFAULT NULL,
  `default_value` text CHARACTER SET utf8mb4 COLLATE utf8mb4_unicode_ci,
  `is_required` tinyint(1) DEFAULT '0',
  `is_readonly` tinyint(1) DEFAULT '0',
  `display_order` int DEFAULT '0',
  `config` json DEFAULT NULL COMMENT 'Element-specific configuration',
  `validation_rules` json DEFAULT NULL,
  `created_at` timestamp NULL DEFAULT CURRENT_TIMESTAMP,
  `updated_at` timestamp NULL DEFAULT CURRENT_TIMESTAMP ON UPDATE CURRENT_TIMESTAMP,
  `primitive_type` varchar(50) CHARACTER SET utf8mb4 COLLATE utf8mb4_unicode_ci DEFAULT NULL COMMENT 'Base primitive type if using new renderer',
  `data_bindings` json DEFAULT NULL COMMENT 'Data binding expressions',
  `children` json DEFAULT NULL COMMENT 'Nested element definitions',
  `conditions` json DEFAULT NULL COMMENT 'Show/hide conditions'
) ENGINE=InnoDB DEFAULT CHARSET=utf8mb4 COLLATE=utf8mb4_unicode_ci;

--
-- Dumping data for table `screen_element_instances`
--

INSERT INTO `screen_element_instances` (`id`, `screen_id`, `element_id`, `form_id`, `field_key`, `label`, `placeholder`, `default_value`, `is_required`, `is_readonly`, `display_order`, `config`, `validation_rules`, `created_at`, `updated_at`, `primitive_type`, `data_bindings`, `children`, `conditions`) VALUES
(156, 17, 27, NULL, 'onboarding_heading', 'Welcome!', '', '', 0, 0, 0, '\"{}\"', '\"{}\"', '2025-11-03 18:46:04', '2025-11-03 18:46:32', NULL, NULL, NULL, NULL),
(157, 17, 47, NULL, 'feature_image_1', 'Feature Image 1', '', '', 0, 0, 1, '\"{\\\"width\\\":\\\"100%\\\",\\\"height\\\":\\\"auto\\\",\\\"altText\\\":\\\"Feature 1\\\",\\\"imageUrl\\\":\\\"https://placehold.co/300x200?text=Feature+1\\\",\\\"alignment\\\":\\\"center\\\"}\"', '\"{}\"', '2025-11-03 18:46:04', '2025-11-03 18:51:43', NULL, NULL, NULL, NULL),
(158, 17, 27, NULL, 'feature_1_title', 'Easy to Use', '', '', 0, 0, 2, '\"{}\"', '\"{}\"', '2025-11-03 18:46:04', '2025-11-03 18:46:32', NULL, NULL, NULL, NULL),
(159, 17, 28, NULL, 'feature_1_description', 'Our app is designed with simplicity in mind. Get started in seconds!', '', '', 0, 0, 3, '\"{}\"', '\"{}\"', '2025-11-03 18:46:04', '2025-11-03 18:46:32', NULL, NULL, NULL, NULL),
(160, 17, 47, NULL, 'feature_image_2', 'Feature Image 2', '', '', 0, 0, 4, '\"{\\\"width\\\":\\\"100%\\\",\\\"height\\\":\\\"auto\\\",\\\"altText\\\":\\\"Feature 2\\\",\\\"imageUrl\\\":\\\"https://placehold.co/300x200?text=Feature+2\\\",\\\"alignment\\\":\\\"center\\\"}\"', '\"{}\"', '2025-11-03 18:46:04', '2025-11-03 18:51:43', NULL, NULL, NULL, NULL),
(161, 17, 27, NULL, 'feature_2_title', 'Powerful Features', '', '', 0, 0, 5, '\"{}\"', '\"{}\"', '2025-11-03 18:46:04', '2025-11-03 18:46:32', NULL, NULL, NULL, NULL),
(162, 17, 28, NULL, 'feature_2_description', 'Access all the tools you need to be productive and efficient.', '', '', 0, 0, 6, '\"{}\"', '\"{}\"', '2025-11-03 18:46:04', '2025-11-03 18:46:32', NULL, NULL, NULL, NULL),
(163, 17, 47, NULL, 'feature_image_3', 'Feature Image 3', '', '', 0, 0, 7, '\"{\\\"width\\\":\\\"100%\\\",\\\"height\\\":\\\"auto\\\",\\\"altText\\\":\\\"Feature 3\\\",\\\"imageUrl\\\":\\\"https://placehold.co/300x200?text=Feature+3\\\",\\\"alignment\\\":\\\"center\\\"}\"', '\"{}\"', '2025-11-03 18:46:04', '2025-11-03 18:51:43', NULL, NULL, NULL, NULL),
(164, 17, 27, NULL, 'feature_3_title', 'Secure & Private', '', '', 0, 0, 8, '\"{}\"', '\"{}\"', '2025-11-03 18:46:04', '2025-11-03 18:46:32', NULL, NULL, NULL, NULL),
(165, 17, 28, NULL, 'feature_3_description', 'Your data is protected with industry-standard security measures.', '', '', 0, 0, 9, '\"{}\"', '\"{}\"', '2025-11-03 18:46:04', '2025-11-03 18:46:32', NULL, NULL, NULL, NULL),
(166, 17, 33, NULL, 'get_started_button', 'Get Started', '', '', 0, 0, 10, '\"{}\"', '\"{}\"', '2025-11-03 18:46:04', '2025-11-03 18:46:32', NULL, NULL, NULL, NULL),
(167, 17, 28, NULL, 'skip_link', 'Skip', '', '', 0, 0, 11, '\"{}\"', '\"{}\"', '2025-11-03 18:46:04', '2025-11-03 18:46:32', NULL, NULL, NULL, NULL),
(168, 18, 27, NULL, 'login_heading', 'Login Header', '', '', 0, 0, 0, '\"{}\"', '\"{}\"', '2025-11-04 17:22:20', '2025-11-29 22:24:05', NULL, NULL, NULL, NULL),
(169, 18, 28, NULL, 'login_description', 'Please sign in to continue.', '', '', 0, 0, 1, '\"{}\"', '\"{}\"', '2025-11-04 17:22:20', '2025-11-04 17:22:29', NULL, NULL, NULL, NULL),
(170, 18, 4, NULL, 'email', 'Email Address', 'your.email@example.com', '', 1, 0, 2, '\"{}\"', '\"{}\"', '2025-11-04 17:22:20', '2025-11-04 17:22:29', NULL, NULL, NULL, NULL),
(171, 18, 7, NULL, 'password', 'Password', 'Enter your password', '', 1, 0, 3, '\"{}\"', '\"{}\"', '2025-11-04 17:22:20', '2025-11-25 15:03:15', NULL, NULL, NULL, NULL),
(172, 18, 33, NULL, 'login_button', 'Sign In', '', '', 0, 0, 4, '\"{\\\"actionType\\\":\\\"submit\\\",\\\"submitType\\\":\\\"login\\\"}\"', '\"{}\"', '2025-11-04 17:22:20', '2025-11-29 22:22:34', NULL, NULL, NULL, NULL),
(173, 18, 28, NULL, 'forgot_password_link', 'Forgot your password?', '', '', 0, 0, 5, '\"{}\"', '\"{}\"', '2025-11-04 17:22:21', '2025-11-04 17:22:29', NULL, NULL, NULL, NULL),
(174, 46, 47, NULL, 'app_logo', 'App Logo', NULL, NULL, 0, 0, 0, '{\"width\": \"200px\", \"height\": \"200px\", \"altText\": \"App Logo\", \"imageUrl\": \"https://placehold.co/200x200?text=Logo\", \"alignment\": \"center\"}', NULL, '2025-11-04 20:16:56', '2025-11-04 20:16:56', NULL, NULL, NULL, NULL),
(175, 46, 27, NULL, 'app_name', 'App Name', NULL, NULL, 0, 0, 1, NULL, NULL, '2025-11-04 20:16:56', '2025-11-04 20:16:56', NULL, NULL, NULL, NULL),
(176, 46, 28, NULL, 'app_version', 'Version 1.0', NULL, NULL, 0, 0, 2, NULL, NULL, '2025-11-04 20:16:56', '2025-11-04 20:16:56', NULL, NULL, NULL, NULL),
(177, 46, 28, NULL, 'loading_text', 'Loading...', NULL, NULL, 0, 0, 3, NULL, NULL, '2025-11-04 20:16:56', '2025-11-04 20:16:56', NULL, NULL, NULL, NULL),
(184, 48, 27, NULL, 'signup_heading', 'Create Account', NULL, NULL, 0, 0, 0, NULL, NULL, '2025-11-04 20:16:56', '2025-11-04 20:16:56', NULL, NULL, NULL, NULL),
(185, 48, 28, NULL, 'signup_description', 'Join us today and get started!', NULL, NULL, 0, 0, 1, NULL, NULL, '2025-11-04 20:16:56', '2025-11-04 20:16:56', NULL, NULL, NULL, NULL),
(186, 48, 1, NULL, 'first_name', 'First Name', 'Enter your first name', NULL, 1, 0, 2, NULL, NULL, '2025-11-04 20:16:56', '2025-11-04 20:16:56', NULL, NULL, NULL, NULL),
(187, 48, 1, NULL, 'last_name', 'Last Name', 'Enter your last name', NULL, 1, 0, 3, NULL, NULL, '2025-11-04 20:16:56', '2025-11-04 20:16:56', NULL, NULL, NULL, NULL),
(188, 48, 4, NULL, 'email', 'Email Address', 'your.email@example.com', NULL, 1, 0, 4, NULL, NULL, '2025-11-04 20:16:56', '2025-11-04 20:16:56', NULL, NULL, NULL, NULL),
(189, 48, 5, NULL, 'phone', 'Phone Number', '(555) 123-4567', NULL, 0, 0, 5, NULL, NULL, '2025-11-04 20:16:56', '2025-11-04 20:16:56', NULL, NULL, NULL, NULL),
(190, 48, 1, NULL, 'password', 'Password', 'Create a strong password', NULL, 1, 0, 6, NULL, NULL, '2025-11-04 20:16:56', '2025-11-04 20:16:56', NULL, NULL, NULL, NULL),
(191, 48, 1, NULL, 'confirm_password', 'Confirm Password', 'Re-enter your password', NULL, 1, 0, 7, NULL, NULL, '2025-11-04 20:16:56', '2025-11-04 20:16:56', NULL, NULL, NULL, NULL),
(192, 48, 33, NULL, 'signup_button', 'Sign Up', NULL, NULL, 0, 0, 8, NULL, NULL, '2025-11-04 20:16:56', '2025-11-04 20:16:56', NULL, NULL, NULL, NULL),
(193, 48, 28, NULL, 'login_link', 'Already have an account? Login', NULL, NULL, 0, 0, 9, NULL, NULL, '2025-11-04 20:16:56', '2025-11-04 20:16:56', NULL, NULL, NULL, NULL),
(194, 49, 27, NULL, 'verify_heading', 'Verify Your Email', '', '', 0, 0, 0, '\"{}\"', '\"{}\"', '2025-11-04 20:16:56', '2025-11-04 21:33:34', NULL, NULL, NULL, NULL),
(195, 49, 28, NULL, 'verify_description', 'We sent a verification code to your email address. Please enter it below.', '', '', 0, 0, 1, '\"{}\"', '\"{}\"', '2025-11-04 20:16:56', '2025-11-04 21:33:34', NULL, NULL, NULL, NULL),
(196, 49, 1, NULL, 'verification_code', 'Verification Code', 'Enter 6-digit code', '', 1, 0, 2, '\"{}\"', '\"{}\"', '2025-11-04 20:16:56', '2025-11-04 21:33:34', NULL, NULL, NULL, NULL),
(197, 49, 33, NULL, 'verify_button', 'Verify Email', '', '', 0, 0, 3, '\"{}\"', '\"{}\"', '2025-11-04 20:16:56', '2025-11-04 21:33:34', NULL, NULL, NULL, NULL),
(198, 49, 28, NULL, 'resend_link', 'Did not receive code? Resend', '', '', 0, 0, 4, '\"{}\"', '\"{}\"', '2025-11-04 20:16:56', '2025-11-04 21:33:34', NULL, NULL, NULL, NULL),
(199, 50, 27, NULL, 'forgot_heading', 'Forgot Password?', NULL, NULL, 0, 0, 0, NULL, NULL, '2025-11-04 20:16:56', '2025-11-04 20:16:56', NULL, NULL, NULL, NULL),
(200, 50, 28, NULL, 'forgot_description', 'Enter your email address and we will send you a link to reset your password.', NULL, NULL, 0, 0, 1, NULL, NULL, '2025-11-04 20:16:56', '2025-11-04 20:16:56', NULL, NULL, NULL, NULL),
(201, 50, 4, NULL, 'email', 'Email Address', 'your.email@example.com', NULL, 1, 0, 2, NULL, NULL, '2025-11-04 20:16:56', '2025-11-04 20:16:56', NULL, NULL, NULL, NULL),
(202, 50, 33, NULL, 'send_button', 'Send Reset Link', NULL, NULL, 0, 0, 3, NULL, NULL, '2025-11-04 20:16:56', '2025-11-04 20:16:56', NULL, NULL, NULL, NULL),
(203, 50, 28, NULL, 'login_link', 'Remember your password? Login', NULL, NULL, 0, 0, 4, NULL, NULL, '2025-11-04 20:16:56', '2025-11-04 20:16:56', NULL, NULL, NULL, NULL),
(204, 51, 27, NULL, 'reset_heading', 'Reset Password', NULL, NULL, 0, 0, 0, NULL, NULL, '2025-11-04 20:16:56', '2025-11-04 20:16:56', NULL, NULL, NULL, NULL),
(205, 51, 28, NULL, 'reset_description', 'Please enter your new password below.', NULL, NULL, 0, 0, 1, NULL, NULL, '2025-11-04 20:16:56', '2025-11-04 20:16:56', NULL, NULL, NULL, NULL),
(206, 51, 1, NULL, 'new_password', 'New Password', 'Enter new password', NULL, 1, 0, 2, NULL, NULL, '2025-11-04 20:16:56', '2025-11-04 20:16:56', NULL, NULL, NULL, NULL),
(207, 51, 1, NULL, 'confirm_password', 'Confirm Password', 'Re-enter new password', NULL, 1, 0, 3, NULL, NULL, '2025-11-04 20:16:56', '2025-11-04 20:16:56', NULL, NULL, NULL, NULL),
(208, 51, 33, NULL, 'reset_button', 'Reset Password', NULL, NULL, 0, 0, 4, NULL, NULL, '2025-11-04 20:16:56', '2025-11-04 20:16:56', NULL, NULL, NULL, NULL),
(209, 55, 27, NULL, 'checkout_heading', 'Checkout', NULL, NULL, 0, 0, 0, NULL, NULL, '2025-11-04 20:16:56', '2025-11-04 20:16:56', NULL, NULL, NULL, NULL),
(210, 55, 27, NULL, 'shipping_heading', 'Shipping Address', NULL, NULL, 0, 0, 1, NULL, NULL, '2025-11-04 20:16:56', '2025-11-04 20:16:56', NULL, NULL, NULL, NULL),
(211, 55, 1, NULL, 'shipping_name', 'Full Name', 'Enter full name', NULL, 1, 0, 2, NULL, NULL, '2025-11-04 20:16:56', '2025-11-04 20:16:56', NULL, NULL, NULL, NULL),
(212, 55, 1, NULL, 'address_line1', 'Address Line 1', 'Street address', NULL, 1, 0, 3, NULL, NULL, '2025-11-04 20:16:56', '2025-11-04 20:16:56', NULL, NULL, NULL, NULL),
(213, 55, 1, NULL, 'address_line2', 'Address Line 2', 'Apt, suite, etc. (optional)', NULL, 0, 0, 4, NULL, NULL, '2025-11-04 20:16:56', '2025-11-04 20:16:56', NULL, NULL, NULL, NULL),
(214, 55, 1, NULL, 'city', 'City', 'City', NULL, 1, 0, 5, NULL, NULL, '2025-11-04 20:16:56', '2025-11-04 20:16:56', NULL, NULL, NULL, NULL),
(215, 55, 1, NULL, 'state', 'State/Province', 'State', NULL, 1, 0, 6, NULL, NULL, '2025-11-04 20:16:56', '2025-11-04 20:16:56', NULL, NULL, NULL, NULL),
(216, 55, 1, NULL, 'zip', 'ZIP/Postal Code', 'ZIP code', NULL, 1, 0, 7, NULL, NULL, '2025-11-04 20:16:56', '2025-11-04 20:16:56', NULL, NULL, NULL, NULL),
(217, 55, 5, NULL, 'phone', 'Phone', '(555) 123-4567', NULL, 1, 0, 8, NULL, NULL, '2025-11-04 20:16:56', '2025-11-04 20:16:56', NULL, NULL, NULL, NULL),
(218, 55, 27, NULL, 'payment_heading', 'Payment Method', NULL, NULL, 0, 0, 9, NULL, NULL, '2025-11-04 20:16:56', '2025-11-04 20:16:56', NULL, NULL, NULL, NULL),
(219, 55, 28, NULL, 'payment_method', 'Credit/Debit Card', NULL, NULL, 0, 0, 10, NULL, NULL, '2025-11-04 20:16:56', '2025-11-04 20:16:56', NULL, NULL, NULL, NULL),
(220, 55, 33, NULL, 'place_order_button', 'Place Order', NULL, NULL, 0, 0, 11, NULL, NULL, '2025-11-04 20:16:56', '2025-11-04 20:16:56', NULL, NULL, NULL, NULL),
(221, 58, 27, NULL, 'profile_heading', 'My Profile', '', '', 0, 0, 1, '\"{}\"', '\"{}\"', '2025-11-04 20:16:56', '2025-11-14 18:47:57', NULL, NULL, NULL, NULL),
(222, 58, 28, NULL, 'profile_description', 'Profile information', '', '', 0, 0, 2, '\"{}\"', '\"{}\"', '2025-11-04 20:16:56', '2025-11-18 23:16:00', NULL, NULL, NULL, NULL),
(223, 58, 28, NULL, 'first_name', 'First Name', 'Enter your first name', '', 1, 0, 3, '{\"color\": \"#000000\", \"fontSize\": 16, \"textAlign\": \"left\", \"fontWeight\": \"normal\"}', '\"{}\"', '2025-11-04 20:16:56', '2025-11-18 23:15:32', NULL, NULL, NULL, NULL),
(224, 58, 28, NULL, 'last_name', 'Last Name', 'Enter your last name', '', 1, 0, 4, '{\"color\": \"#000000\", \"fontSize\": 16, \"textAlign\": \"left\", \"fontWeight\": \"normal\"}', '\"{}\"', '2025-11-04 20:16:56', '2025-11-18 23:15:32', NULL, NULL, NULL, NULL),
(225, 58, 28, NULL, 'email', 'Email', 'your.email@example.com', '', 1, 0, 5, '{\"color\": \"#000000\", \"fontSize\": 16, \"textAlign\": \"left\", \"fontWeight\": \"normal\"}', '\"{}\"', '2025-11-04 20:16:56', '2025-11-18 23:15:32', NULL, NULL, NULL, NULL),
(226, 58, 28, NULL, 'phone', 'Phone', '(555) 123-4567', '', 0, 0, 6, '{\"color\": \"#000000\", \"fontSize\": 16, \"textAlign\": \"left\", \"fontWeight\": \"normal\"}', '\"{}\"', '2025-11-04 20:16:56', '2025-11-18 23:15:32', NULL, NULL, NULL, NULL),
(227, 58, 28, NULL, 'bio', 'Bio', 'Tell us about yourself...', '', 0, 0, 7, '{\"color\": \"#666666\", \"fontSize\": 16, \"textAlign\": \"left\", \"fontWeight\": \"normal\"}', '\"{}\"', '2025-11-04 20:16:56', '2025-11-18 23:15:32', NULL, NULL, NULL, NULL),
(229, 59, 22, NULL, 'profile_photo', 'Profile Photo', 'Upload profile photo', '', 0, 0, 1, '\"{\\\"maxSize\\\":5,\\\"uploadText\\\":\\\"Upload profile photo\\\",\\\"previewSize\\\":150,\\\"showPreview\\\":true,\\\"acceptedFormats\\\":[\\\"image/jpeg\\\",\\\"image/png\\\",\\\"image/jpg\\\"]}\"', '\"{}\"', '2025-11-04 20:16:56', '2025-11-19 16:02:10', NULL, NULL, NULL, NULL),
(230, 59, 1, NULL, 'first_name', 'First Name', 'Enter your first name', '', 1, 0, 2, '\"{}\"', '\"{}\"', '2025-11-04 20:16:56', '2025-11-14 18:48:17', NULL, NULL, NULL, NULL),
(231, 59, 1, NULL, 'last_name', 'Last Name', 'Enter your last name', '', 1, 0, 3, '\"{}\"', '\"{}\"', '2025-11-04 20:16:56', '2025-11-14 18:48:17', NULL, NULL, NULL, NULL),
(232, 59, 4, NULL, 'email', 'Email Address', 'your.email@example.com', '', 1, 0, 4, '\"{\\\"autoCorrect\\\":false,\\\"keyboardType\\\":\\\"email-address\\\",\\\"autoCapitalize\\\":\\\"none\\\"}\"', '\"{}\"', '2025-11-04 20:16:56', '2025-11-19 16:02:10', NULL, NULL, NULL, NULL),
(233, 59, 5, NULL, 'phone', 'Phone Number', '+1 (555) 123-4567', '', 0, 0, 5, '\"{\\\"format\\\":\\\"US\\\",\\\"autoFormat\\\":true,\\\"placeholder\\\":\\\"+1 (555) 123-4567\\\",\\\"keyboardType\\\":\\\"phone-pad\\\"}\"', '\"{}\"', '2025-11-04 20:16:56', '2025-11-19 16:02:10', NULL, NULL, NULL, NULL),
(234, 59, 2, NULL, 'bio', 'Bio', 'Tell us about yourself...', '', 0, 0, 6, '\"{}\"', '\"{}\"', '2025-11-04 20:16:56', '2025-11-14 18:48:17', NULL, NULL, NULL, NULL),
(235, 59, 17, NULL, 'date_of_birth', 'Date of Birth', 'Select your date of birth', '', 0, 0, 7, '\"{\\\"mode\\\":\\\"date\\\",\\\"maxDate\\\":\\\"today\\\",\\\"placeholder\\\":\\\"Select your date of birth\\\"}\"', '\"{}\"', '2025-11-04 20:16:56', '2025-11-19 16:02:10', NULL, NULL, NULL, NULL),
(236, 59, 10, NULL, 'gender', 'Gender', 'Select your gender', '', 0, 0, 8, '\"{\\\"options\\\":[{\\\"label\\\":\\\"Male\\\",\\\"value\\\":\\\"male\\\"},{\\\"label\\\":\\\"Female\\\",\\\"value\\\":\\\"female\\\"},{\\\"label\\\":\\\"Prefer not to say\\\",\\\"value\\\":\\\"prefer_not_to_say\\\"}]}\"', '\"{}\"', '2025-11-04 20:16:56', '2025-11-19 16:02:10', NULL, NULL, NULL, NULL),
(238, 59, 34, NULL, 'change_password_link', 'Change Password', '', '', 0, 0, 10, '\"{}\"', '\"{}\"', '2025-11-04 20:16:56', '2025-11-14 18:48:17', NULL, NULL, NULL, NULL),
(239, 60, 27, NULL, 'notifications_heading', 'Notifications', NULL, NULL, 0, 0, 0, NULL, NULL, '2025-11-04 20:16:56', '2025-11-04 20:16:56', NULL, NULL, NULL, NULL),
(240, 60, 28, NULL, 'notifications_description', 'Stay updated with your latest activities', NULL, NULL, 0, 0, 1, NULL, NULL, '2025-11-04 20:16:56', '2025-11-04 20:16:56', NULL, NULL, NULL, NULL),
(241, 60, 28, NULL, 'notification_1', 'You have a new message', NULL, NULL, 0, 0, 2, NULL, NULL, '2025-11-04 20:16:56', '2025-11-04 20:16:56', NULL, NULL, NULL, NULL),
(242, 60, 28, NULL, 'notification_2', 'Your order has been shipped', NULL, NULL, 0, 0, 3, NULL, NULL, '2025-11-04 20:16:56', '2025-11-04 20:16:56', NULL, NULL, NULL, NULL),
(243, 60, 28, NULL, 'notification_3', 'New friend request', NULL, NULL, 0, 0, 4, NULL, NULL, '2025-11-04 20:16:56', '2025-11-04 20:16:56', NULL, NULL, NULL, NULL),
(244, 60, 33, NULL, 'mark_read_button', 'Mark All as Read', NULL, NULL, 0, 0, 5, NULL, NULL, '2025-11-04 20:16:56', '2025-11-04 20:16:56', NULL, NULL, NULL, NULL),
(245, 61, 27, NULL, 'settings_heading', 'Settings', NULL, NULL, 0, 0, 0, NULL, NULL, '2025-11-04 20:16:56', '2025-11-04 20:16:56', NULL, NULL, NULL, NULL),
(246, 61, 28, NULL, 'settings_description', 'Manage your app preferences', NULL, NULL, 0, 0, 1, NULL, NULL, '2025-11-04 20:16:56', '2025-11-04 20:16:56', NULL, NULL, NULL, NULL),
(247, 61, 27, NULL, 'account_section', 'Account', NULL, NULL, 0, 0, 2, NULL, NULL, '2025-11-04 20:16:56', '2025-11-04 20:16:56', NULL, NULL, NULL, NULL),
(248, 61, 28, NULL, 'edit_profile_link', 'Edit Profile', NULL, NULL, 0, 0, 3, NULL, NULL, '2025-11-04 20:16:56', '2025-11-04 20:16:56', NULL, NULL, NULL, NULL),
(249, 61, 28, NULL, 'change_password_link', 'Change Password', NULL, NULL, 0, 0, 4, NULL, NULL, '2025-11-04 20:16:56', '2025-11-04 20:16:56', NULL, NULL, NULL, NULL),
(250, 61, 27, NULL, 'notifications_section', 'Notifications', NULL, NULL, 0, 0, 5, NULL, NULL, '2025-11-04 20:16:56', '2025-11-04 20:16:56', NULL, NULL, NULL, NULL),
(251, 61, 28, NULL, 'push_notifications_toggle', 'Push Notifications', NULL, NULL, 0, 0, 6, NULL, NULL, '2025-11-04 20:16:56', '2025-11-04 20:16:56', NULL, NULL, NULL, NULL),
(252, 61, 28, NULL, 'email_notifications_toggle', 'Email Notifications', NULL, NULL, 0, 0, 7, NULL, NULL, '2025-11-04 20:16:56', '2025-11-04 20:16:56', NULL, NULL, NULL, NULL),
(253, 61, 27, NULL, 'privacy_section', 'Privacy', NULL, NULL, 0, 0, 8, NULL, NULL, '2025-11-04 20:16:56', '2025-11-04 20:16:56', NULL, NULL, NULL, NULL),
(254, 61, 28, NULL, 'privacy_policy_link', 'Privacy Policy', NULL, NULL, 0, 0, 9, NULL, NULL, '2025-11-04 20:16:56', '2025-11-04 20:16:56', NULL, NULL, NULL, NULL),
(255, 61, 28, NULL, 'terms_link', 'Terms of Service', NULL, NULL, 0, 0, 10, NULL, NULL, '2025-11-04 20:16:56', '2025-11-04 20:16:56', NULL, NULL, NULL, NULL),
(256, 61, 33, NULL, 'logout_button', 'Logout', NULL, NULL, 0, 0, 11, NULL, NULL, '2025-11-04 20:16:56', '2025-11-04 20:16:56', NULL, NULL, NULL, NULL),
(257, 62, 27, NULL, 'privacy_heading', 'Privacy Policy', '', '', 0, 0, 1, '\"{}\"', '\"{}\"', '2025-11-04 20:16:56', '2025-11-14 18:47:36', NULL, NULL, NULL, NULL),
(258, 62, 28, NULL, 'last_updated', 'Last updated: November 2025', '', '', 0, 0, 2, '\"{}\"', '\"{}\"', '2025-11-04 20:16:56', '2025-11-14 18:47:36', NULL, NULL, NULL, NULL),
(259, 62, 27, NULL, 'section1_heading', 'Information We Collect', '', '', 0, 0, 3, '\"{}\"', '\"{}\"', '2025-11-04 20:16:56', '2025-11-14 18:47:36', NULL, NULL, NULL, NULL),
(260, 62, 28, NULL, 'section1_text', 'We collect information you provide directly to us, including name, email, and usage data.', '', '', 0, 0, 4, '\"{}\"', '\"{}\"', '2025-11-04 20:16:56', '2025-11-14 18:47:36', NULL, NULL, NULL, NULL),
(261, 62, 27, NULL, 'section2_heading', 'How We Use Your Information', '', '', 0, 0, 5, '\"{}\"', '\"{}\"', '2025-11-04 20:16:56', '2025-11-14 18:47:36', NULL, NULL, NULL, NULL),
(262, 62, 28, NULL, 'section2_text', 'We use your information to provide, maintain, and improve our services.', '', '', 0, 0, 6, '\"{}\"', '\"{}\"', '2025-11-04 20:16:56', '2025-11-14 18:47:36', NULL, NULL, NULL, NULL),
(263, 62, 27, NULL, 'section3_heading', 'Data Security', '', '', 0, 0, 7, '\"{}\"', '\"{}\"', '2025-11-04 20:16:56', '2025-11-14 18:47:36', NULL, NULL, NULL, NULL),
(264, 62, 28, NULL, 'section3_text', 'We implement appropriate security measures to protect your personal information.', '', '', 0, 0, 8, '\"{}\"', '\"{}\"', '2025-11-04 20:16:56', '2025-11-14 18:47:36', NULL, NULL, NULL, NULL),
(265, 63, 27, NULL, 'terms_heading', 'Terms and Conditions', '', '', 0, 0, 0, '\"{}\"', '\"{}\"', '2025-11-04 20:16:56', '2025-11-07 20:07:35', NULL, NULL, NULL, NULL),
(266, 63, 28, NULL, 'last_updated', 'Last updated: November 2025', '', '', 0, 0, 1, '\"{}\"', '\"{}\"', '2025-11-04 20:16:56', '2025-11-07 20:07:35', NULL, NULL, NULL, NULL),
(267, 63, 27, NULL, 'section1_heading', 'Acceptance of Terms', '', '', 0, 0, 2, '\"{}\"', '\"{}\"', '2025-11-04 20:16:56', '2025-11-07 20:07:35', NULL, NULL, NULL, NULL),
(268, 63, 28, NULL, 'section1_text', 'By accessing our service, you agree to be bound by these terms.', '', '', 0, 0, 3, '\"{}\"', '\"{}\"', '2025-11-04 20:16:56', '2025-11-07 20:07:35', NULL, NULL, NULL, NULL),
(269, 63, 27, NULL, 'section2_heading', 'User Responsibilities', '', '', 0, 0, 4, '\"{}\"', '\"{}\"', '2025-11-04 20:16:56', '2025-11-07 20:07:35', NULL, NULL, NULL, NULL),
(270, 63, 28, NULL, 'section2_text', 'You are responsible for maintaining the confidentiality of your account.', '', '', 0, 0, 5, '\"{}\"', '\"{}\"', '2025-11-04 20:16:56', '2025-11-07 20:07:35', NULL, NULL, NULL, NULL),
(271, 63, 27, NULL, 'section3_heading', 'Termination', '', '', 0, 0, 6, '\"{}\"', '\"{}\"', '2025-11-04 20:16:56', '2025-11-07 20:07:35', NULL, NULL, NULL, NULL),
(272, 63, 28, NULL, 'section3_text', 'We may terminate or suspend access to our service immediately, without prior notice.', '', '', 0, 0, 7, '\"{}\"', '\"{}\"', '2025-11-04 20:16:56', '2025-11-07 20:07:35', NULL, NULL, NULL, NULL),
(273, 64, 27, NULL, 'contact_heading', 'Contact Us', NULL, NULL, 0, 0, 0, NULL, NULL, '2025-11-04 20:16:56', '2025-11-04 20:16:56', NULL, NULL, NULL, NULL),
(274, 64, 28, NULL, 'contact_description', 'We would love to hear from you. Please fill out the form below.', NULL, NULL, 0, 0, 1, NULL, NULL, '2025-11-04 20:16:56', '2025-11-04 20:16:56', NULL, NULL, NULL, NULL),
(275, 64, 1, NULL, 'full_name', 'Full Name', 'Enter your full name', NULL, 1, 0, 2, NULL, NULL, '2025-11-04 20:16:56', '2025-11-04 20:16:56', NULL, NULL, NULL, NULL),
(276, 64, 4, NULL, 'email', 'Email Address', 'your.email@example.com', NULL, 1, 0, 3, NULL, NULL, '2025-11-04 20:16:56', '2025-11-04 20:16:56', NULL, NULL, NULL, NULL),
(277, 64, 5, NULL, 'phone', 'Phone Number', '(555) 123-4567', NULL, 0, 0, 4, NULL, NULL, '2025-11-04 20:16:56', '2025-11-04 20:16:56', NULL, NULL, NULL, NULL),
(278, 64, 2, NULL, 'message', 'Message', 'Type your message here...', NULL, 1, 0, 5, NULL, NULL, '2025-11-04 20:16:56', '2025-11-04 20:16:56', NULL, NULL, NULL, NULL),
(279, 64, 33, NULL, 'submit_button', 'Send Message', NULL, NULL, 0, 0, 6, NULL, NULL, '2025-11-04 20:16:56', '2025-11-04 20:16:56', NULL, NULL, NULL, NULL),
(292, 67, 27, NULL, 'product_name', 'Product Name', NULL, NULL, 0, 0, 0, NULL, NULL, '2025-11-04 20:51:46', '2025-11-04 20:51:46', NULL, NULL, NULL, NULL),
(293, 67, 28, NULL, 'product_subtitle', 'Premium Quality Product', NULL, NULL, 0, 0, 1, NULL, NULL, '2025-11-04 20:51:46', '2025-11-04 20:51:46', NULL, NULL, NULL, NULL),
(294, 67, 27, NULL, 'price_label', 'Price', NULL, NULL, 0, 0, 2, NULL, NULL, '2025-11-04 20:51:46', '2025-11-04 20:51:46', NULL, NULL, NULL, NULL),
(295, 67, 28, NULL, 'product_price', '$99.99', NULL, NULL, 0, 0, 3, NULL, NULL, '2025-11-04 20:51:46', '2025-11-04 20:51:46', NULL, NULL, NULL, NULL),
(296, 67, 27, NULL, 'description_label', 'Description', NULL, NULL, 0, 0, 4, NULL, NULL, '2025-11-04 20:51:46', '2025-11-04 20:51:46', NULL, NULL, NULL, NULL),
(297, 67, 28, NULL, 'product_description', 'This is a high-quality product designed to meet your needs. Made with premium materials and built to last.', NULL, NULL, 0, 0, 5, NULL, NULL, '2025-11-04 20:51:46', '2025-11-04 20:51:46', NULL, NULL, NULL, NULL),
(298, 67, 27, NULL, 'features_label', 'Features', NULL, NULL, 0, 0, 6, NULL, NULL, '2025-11-04 20:51:46', '2025-11-04 20:51:46', NULL, NULL, NULL, NULL),
(299, 67, 28, NULL, 'product_features', ' Premium quality materials\n Durable construction\n Easy to use\n 1-year warranty', NULL, NULL, 0, 0, 7, NULL, NULL, '2025-11-04 20:51:46', '2025-11-04 20:51:46', NULL, NULL, NULL, NULL),
(300, 67, 27, NULL, 'quantity_label', 'Quantity', NULL, NULL, 0, 0, 8, NULL, NULL, '2025-11-04 20:51:46', '2025-11-04 20:51:46', NULL, NULL, NULL, NULL),
(301, 67, 11, NULL, 'quantity', 'Quantity', '1', NULL, 0, 0, 9, NULL, NULL, '2025-11-04 20:51:46', '2025-11-04 20:51:46', NULL, NULL, NULL, NULL),
(302, 67, 33, NULL, 'add_to_cart_button', 'Add to Cart', NULL, NULL, 0, 0, 10, NULL, NULL, '2025-11-04 20:51:46', '2025-11-04 20:51:46', NULL, NULL, NULL, NULL),
(303, 67, 33, NULL, 'buy_now_button', 'Buy Now', NULL, NULL, 0, 0, 11, NULL, NULL, '2025-11-04 20:51:46', '2025-11-04 20:51:46', NULL, NULL, NULL, NULL),
(304, 49, 43, NULL, 'tags_input', 'Tags Input', '', '', 0, 0, 5, '\"{}\"', '\"{}\"', '2025-11-04 21:33:34', '2025-11-04 21:33:34', NULL, NULL, NULL, NULL),
(305, 69, 27, NULL, 'dashboard_title', 'Dashboard', '', 'My Account', 0, 1, 1, '{}', NULL, '2025-11-06 18:57:14', '2025-11-06 18:57:14', NULL, NULL, NULL, NULL),
(306, 69, 28, NULL, 'welcome_message', 'Welcome Message', '', 'Welcome back! Here\'s your account overview.', 0, 1, 2, '{}', NULL, '2025-11-06 18:57:14', '2025-11-06 18:57:14', NULL, NULL, NULL, NULL),
(307, 69, 27, NULL, 'balance_heading', 'Balance Section', '', 'Account Balance', 0, 1, 3, '{\"level\": \"h2\"}', NULL, '2025-11-06 18:57:14', '2025-11-06 18:57:14', NULL, NULL, NULL, NULL),
(308, 69, 8, NULL, 'current_balance', 'Current Balance', '', '0.00', 0, 1, 4, '{\"prefix\": \"$\", \"decimals\": 2}', NULL, '2025-11-06 18:57:14', '2025-11-06 18:57:14', NULL, NULL, NULL, NULL),
(309, 69, 8, NULL, 'available_balance', 'Available Balance', '', '0.00', 0, 1, 5, '{\"prefix\": \"$\", \"decimals\": 2}', NULL, '2025-11-06 18:57:14', '2025-11-06 18:57:14', NULL, NULL, NULL, NULL),
(310, 69, 27, NULL, 'quick_actions_heading', 'Quick Actions', '', 'Quick Actions', 0, 1, 6, '{\"level\": \"h3\"}', NULL, '2025-11-06 18:57:14', '2025-11-06 18:57:14', NULL, NULL, NULL, NULL),
(311, 69, 33, NULL, 'transfer_button', 'Transfer Money', '', 'Transfer', 0, 0, 7, '{\"action\": \"navigate\", \"target\": \"/transfer\", \"variant\": \"primary\"}', NULL, '2025-11-06 18:57:14', '2025-11-06 18:57:14', NULL, NULL, NULL, NULL),
(312, 69, 33, NULL, 'pay_bills_button', 'Pay Bills', '', 'Pay Bills', 0, 0, 8, '{\"action\": \"navigate\", \"target\": \"/bills\", \"variant\": \"secondary\"}', NULL, '2025-11-06 18:57:14', '2025-11-06 18:57:14', NULL, NULL, NULL, NULL),
(313, 69, 27, NULL, 'recent_transactions_heading', 'Recent Activity', '', 'Recent Transactions', 0, 1, 9, '{\"level\": \"h3\"}', NULL, '2025-11-06 18:57:14', '2025-11-06 18:57:14', NULL, NULL, NULL, NULL),
(314, 69, 28, NULL, 'transactions_list', 'Transactions', '', 'Your recent transactions will appear here.', 0, 1, 10, '{\"type\": \"list\"}', NULL, '2025-11-06 18:57:14', '2025-11-06 18:57:14', NULL, NULL, NULL, NULL),
(315, 70, 27, NULL, 'transactions_title', 'Page Title', '', 'Transaction History', 0, 1, 1, '{}', NULL, '2025-11-06 18:57:14', '2025-11-06 18:57:14', NULL, NULL, NULL, NULL),
(316, 70, 28, NULL, 'transactions_description', 'Description', '', 'View all your account transactions', 0, 1, 2, '{}', NULL, '2025-11-06 18:57:14', '2025-11-06 18:57:14', NULL, NULL, NULL, NULL),
(317, 70, 17, NULL, 'start_date', 'Start Date', 'Select start date', '', 0, 0, 3, '{}', NULL, '2025-11-06 18:57:14', '2025-11-06 18:57:14', NULL, NULL, NULL, NULL),
(318, 70, 17, NULL, 'end_date', 'End Date', 'Select end date', '', 0, 0, 4, '{}', NULL, '2025-11-06 18:57:14', '2025-11-06 18:57:14', NULL, NULL, NULL, NULL),
(319, 70, 10, NULL, 'transaction_type', 'Transaction Type', 'All Types', '', 0, 0, 5, '{\"options\": [{\"label\": \"All\", \"value\": \"all\"}, {\"label\": \"Debit\", \"value\": \"debit\"}, {\"label\": \"Credit\", \"value\": \"credit\"}, {\"label\": \"Transfer\", \"value\": \"transfer\"}]}', NULL, '2025-11-06 18:57:14', '2025-11-06 18:57:14', NULL, NULL, NULL, NULL),
(320, 70, 33, NULL, 'apply_filters', 'Apply Filters', '', 'Apply', 0, 0, 6, '{\"variant\": \"primary\"}', NULL, '2025-11-06 18:57:14', '2025-11-06 18:57:14', NULL, NULL, NULL, NULL),
(321, 70, 27, NULL, 'transactions_list_heading', 'Transactions', '', 'All Transactions', 0, 1, 7, '{\"level\": \"h3\"}', NULL, '2025-11-06 18:57:14', '2025-11-06 18:57:14', NULL, NULL, NULL, NULL),
(322, 70, 28, NULL, 'transactions_data', 'Transaction List', '', 'Your transactions will appear here.', 0, 1, 8, '{\"type\": \"list\"}', NULL, '2025-11-06 18:57:14', '2025-11-06 18:57:14', NULL, NULL, NULL, NULL),
(323, 71, 27, NULL, 'transfer_title', 'Page Title', '', 'Transfer Money', 0, 1, 1, '{}', NULL, '2025-11-06 18:57:14', '2025-11-06 18:57:14', NULL, NULL, NULL, NULL),
(324, 71, 28, NULL, 'transfer_description', 'Description', '', 'Send money to another account', 0, 1, 2, '{}', NULL, '2025-11-06 18:57:14', '2025-11-06 18:57:14', NULL, NULL, NULL, NULL),
(325, 71, 10, NULL, 'from_account', 'From Account', 'Select account', '', 1, 0, 3, '{\"options\": [{\"label\": \"Checking Account\", \"value\": \"checking\"}, {\"label\": \"Savings Account\", \"value\": \"savings\"}]}', NULL, '2025-11-06 18:57:14', '2025-11-06 18:57:14', NULL, NULL, NULL, NULL),
(326, 71, 1, NULL, 'recipient_account', 'Recipient Account Number', 'Enter account number', '', 1, 0, 4, '{}', NULL, '2025-11-06 18:57:14', '2025-11-06 18:57:14', NULL, NULL, NULL, NULL),
(327, 71, 1, NULL, 'recipient_name', 'Recipient Name', 'Enter recipient name', '', 1, 0, 5, '{}', NULL, '2025-11-06 18:57:14', '2025-11-06 18:57:14', NULL, NULL, NULL, NULL),
(328, 71, 8, NULL, 'transfer_amount', 'Amount', 'Enter amount', '', 1, 0, 6, '{\"min\": 0.01, \"prefix\": \"$\", \"decimals\": 2}', NULL, '2025-11-06 18:57:14', '2025-11-06 18:57:14', NULL, NULL, NULL, NULL),
(329, 71, 1, NULL, 'transfer_note', 'Note (Optional)', 'Add a note', '', 0, 0, 7, '{}', NULL, '2025-11-06 18:57:14', '2025-11-06 18:57:14', NULL, NULL, NULL, NULL),
(330, 71, 27, NULL, 'summary_heading', 'Transfer Summary', '', 'Summary', 0, 1, 8, '{\"level\": \"h3\"}', NULL, '2025-11-06 18:57:14', '2025-11-06 18:57:14', NULL, NULL, NULL, NULL),
(331, 71, 28, NULL, 'transfer_fee', 'Transfer Fee', '', 'Fee: $0.00', 0, 1, 9, '{}', NULL, '2025-11-06 18:57:14', '2025-11-06 18:57:14', NULL, NULL, NULL, NULL),
(332, 71, 28, NULL, 'total_amount', 'Total Amount', '', 'Total: $0.00', 0, 1, 10, '{}', NULL, '2025-11-06 18:57:14', '2025-11-06 18:57:14', NULL, NULL, NULL, NULL),
(333, 71, 33, NULL, 'transfer_submit', 'Transfer Button', '', 'Transfer Now', 0, 0, 11, '{\"action\": \"submit\", \"variant\": \"primary\"}', NULL, '2025-11-06 18:57:14', '2025-11-06 18:57:14', NULL, NULL, NULL, NULL),
(334, 71, 33, NULL, 'transfer_cancel', 'Cancel Button', '', 'Cancel', 0, 0, 12, '{\"action\": \"cancel\", \"variant\": \"secondary\"}', NULL, '2025-11-06 18:57:14', '2025-11-06 18:57:14', NULL, NULL, NULL, NULL),
(335, 72, 27, NULL, 'bills_title', 'Page Title', '', 'Pay Bills', 0, 1, 1, '{}', NULL, '2025-11-06 18:57:14', '2025-11-06 18:57:14', NULL, NULL, NULL, NULL),
(336, 72, 28, NULL, 'bills_description', 'Description', '', 'Pay your bills quickly and securely', 0, 1, 2, '{}', NULL, '2025-11-06 18:57:14', '2025-11-06 18:57:14', NULL, NULL, NULL, NULL),
(337, 72, 10, NULL, 'bill_category', 'Bill Category', 'Select category', '', 1, 0, 3, '{\"options\": [{\"label\": \"Utilities\", \"value\": \"utilities\"}, {\"label\": \"Credit Card\", \"value\": \"credit_card\"}, {\"label\": \"Insurance\", \"value\": \"insurance\"}, {\"label\": \"Phone/Internet\", \"value\": \"telecom\"}, {\"label\": \"Other\", \"value\": \"other\"}]}', NULL, '2025-11-06 18:57:14', '2025-11-06 18:57:14', NULL, NULL, NULL, NULL),
(338, 72, 1, NULL, 'biller_name', 'Biller Name', 'Enter biller name', '', 1, 0, 4, '{}', NULL, '2025-11-06 18:57:14', '2025-11-06 18:57:14', NULL, NULL, NULL, NULL),
(339, 72, 1, NULL, 'account_number', 'Account/Reference Number', 'Enter account number', '', 1, 0, 5, '{}', NULL, '2025-11-06 18:57:14', '2025-11-06 18:57:14', NULL, NULL, NULL, NULL),
(340, 72, 8, NULL, 'bill_amount', 'Amount', 'Enter amount', '', 1, 0, 6, '{\"min\": 0.01, \"prefix\": \"$\", \"decimals\": 2}', NULL, '2025-11-06 18:57:14', '2025-11-06 18:57:14', NULL, NULL, NULL, NULL),
(341, 72, 17, NULL, 'payment_date', 'Payment Date', 'Select date', '', 0, 0, 7, '{}', NULL, '2025-11-06 18:57:14', '2025-11-06 18:57:14', NULL, NULL, NULL, NULL),
(342, 72, 10, NULL, 'payment_account', 'Pay From', 'Select account', '', 1, 0, 8, '{\"options\": [{\"label\": \"Checking Account\", \"value\": \"checking\"}, {\"label\": \"Savings Account\", \"value\": \"savings\"}]}', NULL, '2025-11-06 18:57:14', '2025-11-06 18:57:14', NULL, NULL, NULL, NULL),
(343, 72, 33, NULL, 'pay_bill_button', 'Pay Bill', '', 'Pay Now', 0, 0, 9, '{\"action\": \"submit\", \"variant\": \"primary\"}', NULL, '2025-11-06 18:57:14', '2025-11-06 18:57:14', NULL, NULL, NULL, NULL),
(344, 72, 33, NULL, 'save_biller_button', 'Save Biller', '', 'Save for Later', 0, 0, 10, '{\"variant\": \"secondary\"}', NULL, '2025-11-06 18:57:14', '2025-11-06 18:57:14', NULL, NULL, NULL, NULL),
(345, 73, 27, NULL, 'cards_title', 'Page Title', '', 'My Cards', 0, 1, 1, '{}', NULL, '2025-11-06 18:57:14', '2025-11-06 18:57:14', NULL, NULL, NULL, NULL),
(346, 73, 28, NULL, 'cards_description', 'Description', '', 'Manage your debit and credit cards', 0, 1, 2, '{}', NULL, '2025-11-06 18:57:14', '2025-11-06 18:57:14', NULL, NULL, NULL, NULL),
(347, 73, 27, NULL, 'active_cards_heading', 'Active Cards', '', 'Your Cards', 0, 1, 3, '{\"level\": \"h3\"}', NULL, '2025-11-06 18:57:14', '2025-11-06 18:57:14', NULL, NULL, NULL, NULL),
(348, 73, 28, NULL, 'cards_list', 'Cards List', '', 'Your cards will appear here.', 0, 1, 4, '{\"type\": \"list\"}', NULL, '2025-11-06 18:57:14', '2025-11-06 18:57:14', NULL, NULL, NULL, NULL),
(349, 73, 33, NULL, 'add_card_button', 'Add Card', '', 'Add New Card', 0, 0, 5, '{\"action\": \"navigate\", \"target\": \"/add-card\", \"variant\": \"primary\"}', NULL, '2025-11-06 18:57:14', '2025-11-06 18:57:14', NULL, NULL, NULL, NULL),
(350, 73, 33, NULL, 'request_card_button', 'Request Card', '', 'Request Physical Card', 0, 0, 6, '{\"variant\": \"secondary\"}', NULL, '2025-11-06 18:57:14', '2025-11-06 18:57:14', NULL, NULL, NULL, NULL),
(351, 73, 27, NULL, 'card_settings_heading', 'Card Settings', '', 'Settings', 0, 1, 7, '{\"level\": \"h3\"}', NULL, '2025-11-06 18:57:14', '2025-11-06 18:57:14', NULL, NULL, NULL, NULL),
(352, 73, 28, NULL, 'daily_limit', 'Daily Limit', '', 'Daily spending limit: $1,000', 0, 1, 8, '{}', NULL, '2025-11-06 18:57:14', '2025-11-06 18:57:14', NULL, NULL, NULL, NULL),
(353, 73, 28, NULL, 'international_usage', 'International Transactions', '', 'Enabled', 0, 1, 9, '{}', NULL, '2025-11-06 18:57:14', '2025-11-06 18:57:14', NULL, NULL, NULL, NULL),
(354, 73, 33, NULL, 'manage_limits_button', 'Manage Limits', '', 'Manage Limits', 0, 0, 10, '{\"variant\": \"secondary\"}', NULL, '2025-11-06 18:57:14', '2025-11-06 18:57:14', NULL, NULL, NULL, NULL),
(355, 74, 27, NULL, 'statements_title', 'Page Title', '', 'Account Statements', 0, 1, 1, '{}', NULL, '2025-11-06 18:57:14', '2025-11-06 18:57:14', NULL, NULL, NULL, NULL),
(356, 74, 28, NULL, 'statements_description', 'Description', '', 'View and download your account statements', 0, 1, 2, '{}', NULL, '2025-11-06 18:57:14', '2025-11-06 18:57:14', NULL, NULL, NULL, NULL),
(357, 74, 10, NULL, 'statement_account', 'Account', 'Select account', '', 0, 0, 3, '{\"options\": [{\"label\": \"All Accounts\", \"value\": \"all\"}, {\"label\": \"Checking Account\", \"value\": \"checking\"}, {\"label\": \"Savings Account\", \"value\": \"savings\"}]}', NULL, '2025-11-06 18:57:14', '2025-11-06 18:57:14', NULL, NULL, NULL, NULL),
(358, 74, 10, NULL, 'statement_year', 'Year', 'Select year', '', 0, 0, 4, '{\"options\": [{\"label\": \"2025\", \"value\": \"2025\"}, {\"label\": \"2024\", \"value\": \"2024\"}, {\"label\": \"2023\", \"value\": \"2023\"}]}', NULL, '2025-11-06 18:57:14', '2025-11-06 18:57:14', NULL, NULL, NULL, NULL),
(359, 74, 27, NULL, 'statements_list_heading', 'Available Statements', '', 'Statements', 0, 1, 5, '{\"level\": \"h3\"}', NULL, '2025-11-06 18:57:14', '2025-11-06 18:57:14', NULL, NULL, NULL, NULL),
(360, 74, 28, NULL, 'statements_data', 'Statements List', '', 'Your statements will appear here.', 0, 1, 6, '{\"type\": \"list\"}', NULL, '2025-11-06 18:57:14', '2025-11-06 18:57:14', NULL, NULL, NULL, NULL),
(361, 74, 33, NULL, 'download_all_button', 'Download All', '', 'Download All', 0, 0, 7, '{\"variant\": \"secondary\"}', NULL, '2025-11-06 18:57:14', '2025-11-06 18:57:14', NULL, NULL, NULL, NULL),
(362, 74, 33, NULL, 'email_statement_button', 'Email Statement', '', 'Email Statement', 0, 0, 8, '{\"variant\": \"secondary\"}', NULL, '2025-11-06 18:57:14', '2025-11-06 18:57:14', NULL, NULL, NULL, NULL),
(363, 75, 27, NULL, 'listings_title', 'Page Title', '', 'Find Your Perfect Stay', 0, 1, 1, '\"{}\"', '\"{}\"', '2025-11-06 19:07:46', '2025-11-10 18:17:40', NULL, NULL, NULL, NULL),
(364, 75, 28, NULL, 'listings_subtitle', 'Subtitle', '', 'Discover unique places to stay around the world', 0, 1, 2, '\"{}\"', '\"{}\"', '2025-11-06 19:07:46', '2025-11-10 18:17:40', NULL, NULL, NULL, NULL),
(365, 75, 1, NULL, 'search_location', 'Location', 'Where are you going?', '', 0, 0, 3, '\"{}\"', '\"{}\"', '2025-11-06 19:07:46', '2025-11-10 18:17:40', NULL, NULL, NULL, NULL),
(366, 75, 17, NULL, 'check_in_date', 'Check-in Date', 'Select date', '', 0, 0, 4, '\"{}\"', '\"{}\"', '2025-11-06 19:07:46', '2025-11-10 18:17:40', NULL, NULL, NULL, NULL),
(367, 75, 17, NULL, 'check_out_date', 'Check-out Date', 'Select date', '', 0, 0, 5, '\"{}\"', '\"{}\"', '2025-11-06 19:07:46', '2025-11-10 18:17:40', NULL, NULL, NULL, NULL),
(368, 75, 8, NULL, 'guests_count', 'Number of Guests', 'How many guests?', '1', 0, 0, 6, '\"{\\\"max\\\":20,\\\"min\\\":1}\"', '\"{}\"', '2025-11-06 19:07:46', '2025-11-10 18:17:40', NULL, NULL, NULL, NULL),
(369, 75, 10, NULL, 'property_type', 'Property Type', 'Any type', '', 0, 0, 7, '\"{\\\"options\\\":[{\\\"label\\\":\\\"Any\\\",\\\"value\\\":\\\"any\\\"},{\\\"label\\\":\\\"Entire Place\\\",\\\"value\\\":\\\"entire\\\"},{\\\"label\\\":\\\"Private Room\\\",\\\"value\\\":\\\"private\\\"},{\\\"label\\\":\\\"Shared Room\\\",\\\"value\\\":\\\"shared\\\"}]}\"', '\"{}\"', '2025-11-06 19:07:46', '2025-11-10 18:17:40', NULL, NULL, NULL, NULL),
(370, 75, 8, NULL, 'min_price', 'Min Price', 'Min $', '', 0, 0, 8, '\"{\\\"prefix\\\":\\\"$\\\",\\\"decimals\\\":0}\"', '\"{}\"', '2025-11-06 19:07:46', '2025-11-10 18:17:40', NULL, NULL, NULL, NULL),
(371, 75, 8, NULL, 'max_price', 'Max Price', 'Max $', '', 0, 0, 9, '\"{\\\"prefix\\\":\\\"$\\\",\\\"decimals\\\":0}\"', '\"{}\"', '2025-11-06 19:07:46', '2025-11-10 18:17:40', NULL, NULL, NULL, NULL),
(372, 75, 33, NULL, 'search_button', 'Search', '', 'Search Properties', 0, 0, 10, '\"{\\\"action\\\":\\\"search\\\",\\\"variant\\\":\\\"primary\\\"}\"', '\"{}\"', '2025-11-06 19:07:46', '2025-11-10 18:17:40', NULL, NULL, NULL, NULL),
(373, 75, 27, NULL, 'results_heading', 'Search Results', '', 'Available Properties', 0, 1, 11, '\"{\\\"level\\\":\\\"h3\\\"}\"', '\"{}\"', '2025-11-06 19:07:46', '2025-11-10 18:17:40', NULL, NULL, NULL, NULL),
(374, 75, 28, NULL, 'properties_list', 'Properties', '', 'Properties will appear here based on your search.', 0, 1, 12, '\"{\\\"type\\\":\\\"list\\\"}\"', '\"{}\"', '2025-11-06 19:07:46', '2025-11-10 18:17:40', NULL, NULL, NULL, NULL),
(375, 76, 27, NULL, 'property_name', 'Property Name', '', 'Luxury Beachfront Villa', 0, 1, 1, '{}', NULL, '2025-11-06 19:07:46', '2025-11-06 19:07:46', NULL, NULL, NULL, NULL),
(376, 76, 28, NULL, 'property_location', 'Location', '', 'Malibu, California', 0, 1, 2, '{}', NULL, '2025-11-06 19:07:46', '2025-11-06 19:07:46', NULL, NULL, NULL, NULL),
(377, 76, 28, NULL, 'property_rating', 'Rating', '', '4.9  (127 reviews)', 0, 1, 3, '{}', NULL, '2025-11-06 19:07:46', '2025-11-06 19:07:46', NULL, NULL, NULL, NULL),
(378, 76, 27, NULL, 'photos_heading', 'Photos', '', 'Property Photos', 0, 1, 4, '{\"level\": \"h3\"}', NULL, '2025-11-06 19:07:46', '2025-11-06 19:07:46', NULL, NULL, NULL, NULL),
(379, 76, 28, NULL, 'photo_gallery', 'Photo Gallery', '', 'Property images will be displayed here.', 0, 1, 5, '{\"type\": \"gallery\"}', NULL, '2025-11-06 19:07:46', '2025-11-06 19:07:46', NULL, NULL, NULL, NULL),
(380, 76, 27, NULL, 'description_heading', 'About', '', 'About This Property', 0, 1, 6, '{\"level\": \"h3\"}', NULL, '2025-11-06 19:07:46', '2025-11-06 19:07:46', NULL, NULL, NULL, NULL),
(381, 76, 28, NULL, 'property_description', 'Description', '', 'Beautiful beachfront villa with stunning ocean views, private pool, and modern amenities. Perfect for families or groups looking for a luxurious getaway.', 0, 1, 7, '{}', NULL, '2025-11-06 19:07:46', '2025-11-06 19:07:46', NULL, NULL, NULL, NULL),
(382, 76, 27, NULL, 'details_heading', 'Property Details', '', 'Details', 0, 1, 8, '{\"level\": \"h3\"}', NULL, '2025-11-06 19:07:46', '2025-11-06 19:07:46', NULL, NULL, NULL, NULL),
(383, 76, 28, NULL, 'bedrooms', 'Bedrooms', '', '4 Bedrooms', 0, 1, 9, '{}', NULL, '2025-11-06 19:07:46', '2025-11-06 19:07:46', NULL, NULL, NULL, NULL),
(384, 76, 28, NULL, 'bathrooms', 'Bathrooms', '', '3 Bathrooms', 0, 1, 10, '{}', NULL, '2025-11-06 19:07:46', '2025-11-06 19:07:46', NULL, NULL, NULL, NULL),
(385, 76, 28, NULL, 'max_guests', 'Max Guests', '', 'Up to 8 guests', 0, 1, 11, '{}', NULL, '2025-11-06 19:07:46', '2025-11-06 19:07:46', NULL, NULL, NULL, NULL),
(386, 76, 27, NULL, 'amenities_heading', 'Amenities', '', 'What This Place Offers', 0, 1, 12, '{\"level\": \"h3\"}', NULL, '2025-11-06 19:07:46', '2025-11-06 19:07:46', NULL, NULL, NULL, NULL),
(387, 76, 28, NULL, 'amenities_list', 'Amenities', '', 'WiFi, Pool, Kitchen, Parking, Air Conditioning, Beach Access', 0, 1, 13, '{\"type\": \"list\"}', NULL, '2025-11-06 19:07:46', '2025-11-06 19:07:46', NULL, NULL, NULL, NULL),
(388, 76, 27, NULL, 'pricing_heading', 'Pricing', '', 'Price', 0, 1, 14, '{\"level\": \"h3\"}', NULL, '2025-11-06 19:07:46', '2025-11-06 19:07:46', NULL, NULL, NULL, NULL),
(389, 76, 8, NULL, 'price_per_night', 'Price Per Night', '', '450', 0, 1, 15, '{\"prefix\": \"$\", \"decimals\": 0}', NULL, '2025-11-06 19:07:46', '2025-11-06 19:07:46', NULL, NULL, NULL, NULL),
(390, 76, 28, NULL, 'cleaning_fee', 'Cleaning Fee', '', 'Cleaning fee: $75', 0, 1, 16, '{}', NULL, '2025-11-06 19:07:46', '2025-11-06 19:07:46', NULL, NULL, NULL, NULL),
(391, 76, 33, NULL, 'book_button', 'Book Now', '', 'Reserve This Property', 0, 0, 17, '{\"action\": \"navigate\", \"target\": \"/booking\", \"variant\": \"primary\"}', NULL, '2025-11-06 19:07:46', '2025-11-06 19:07:46', NULL, NULL, NULL, NULL),
(392, 76, 33, NULL, 'contact_host_button', 'Contact Host', '', 'Message Host', 0, 0, 18, '{\"variant\": \"secondary\"}', NULL, '2025-11-06 19:07:46', '2025-11-06 19:07:46', NULL, NULL, NULL, NULL),
(412, 78, 27, NULL, 'host_name', 'Host Name', '', 'Sarah Johnson', 0, 1, 1, '{}', NULL, '2025-11-06 19:07:46', '2025-11-06 19:07:46', NULL, NULL, NULL, NULL),
(413, 78, 28, NULL, 'host_title', 'Title', '', 'Superhost', 0, 1, 2, '{}', NULL, '2025-11-06 19:07:46', '2025-11-06 19:07:46', NULL, NULL, NULL, NULL),
(414, 78, 28, NULL, 'host_location', 'Location', '', 'Los Angeles, CA', 0, 1, 3, '{}', NULL, '2025-11-06 19:07:46', '2025-11-06 19:07:46', NULL, NULL, NULL, NULL),
(415, 78, 28, NULL, 'member_since', 'Member Since', '', 'Member since 2018', 0, 1, 4, '{}', NULL, '2025-11-06 19:07:46', '2025-11-06 19:07:46', NULL, NULL, NULL, NULL),
(416, 78, 27, NULL, 'stats_heading', 'Host Stats', '', 'About This Host', 0, 1, 5, '{\"level\": \"h3\"}', NULL, '2025-11-06 19:07:46', '2025-11-06 19:07:46', NULL, NULL, NULL, NULL),
(417, 78, 28, NULL, 'total_reviews', 'Reviews', '', '247 Reviews', 0, 1, 6, '{}', NULL, '2025-11-06 19:07:46', '2025-11-06 19:07:46', NULL, NULL, NULL, NULL),
(418, 78, 28, NULL, 'rating_score', 'Rating', '', '4.9  Rating', 0, 1, 7, '{}', NULL, '2025-11-06 19:07:46', '2025-11-06 19:07:46', NULL, NULL, NULL, NULL),
(419, 78, 28, NULL, 'response_rate', 'Response Rate', '', '100% Response rate', 0, 1, 8, '{}', NULL, '2025-11-06 19:07:46', '2025-11-06 19:07:46', NULL, NULL, NULL, NULL),
(420, 78, 28, NULL, 'response_time', 'Response Time', '', 'Responds within an hour', 0, 1, 9, '{}', NULL, '2025-11-06 19:07:46', '2025-11-06 19:07:46', NULL, NULL, NULL, NULL),
(421, 78, 27, NULL, 'about_heading', 'About', '', 'About Sarah', 0, 1, 10, '{\"level\": \"h3\"}', NULL, '2025-11-06 19:07:46', '2025-11-06 19:07:46', NULL, NULL, NULL, NULL),
(422, 78, 28, NULL, 'host_bio', 'Bio', '', 'I love hosting guests and sharing the beauty of California\'s coastline. I\'m passionate about providing exceptional experiences and ensuring every stay is memorable.', 0, 1, 11, '{}', NULL, '2025-11-06 19:07:46', '2025-11-06 19:07:46', NULL, NULL, NULL, NULL),
(423, 78, 27, NULL, 'properties_heading', 'Other Properties', '', 'Sarah\'s Other Listings', 0, 1, 12, '{\"level\": \"h3\"}', NULL, '2025-11-06 19:07:46', '2025-11-06 19:07:46', NULL, NULL, NULL, NULL),
(424, 78, 28, NULL, 'other_properties', 'Properties', '', 'Other properties by this host will appear here.', 0, 1, 13, '{\"type\": \"list\"}', NULL, '2025-11-06 19:07:46', '2025-11-06 19:07:46', NULL, NULL, NULL, NULL),
(425, 78, 33, NULL, 'contact_button', 'Contact Host', '', 'Send Message', 0, 0, 14, '{\"variant\": \"primary\"}', NULL, '2025-11-06 19:07:46', '2025-11-06 19:07:46', NULL, NULL, NULL, NULL),
(426, 78, 33, NULL, 'report_button', 'Report', '', 'Report Host', 0, 0, 15, '{\"variant\": \"secondary\"}', NULL, '2025-11-06 19:07:46', '2025-11-06 19:07:46', NULL, NULL, NULL, NULL),
(427, 79, 27, NULL, 'reviews_title', 'Page Title', '', 'Guest Reviews', 0, 1, 1, '{}', NULL, '2025-11-06 19:07:46', '2025-11-06 19:07:46', NULL, NULL, NULL, NULL),
(428, 79, 28, NULL, 'overall_rating', 'Overall Rating', '', '4.9  (127 reviews)', 0, 1, 2, '{}', NULL, '2025-11-06 19:07:46', '2025-11-06 19:07:46', NULL, NULL, NULL, NULL),
(429, 79, 27, NULL, 'breakdown_heading', 'Rating Breakdown', '', 'Rating Categories', 0, 1, 3, '{\"level\": \"h3\"}', NULL, '2025-11-06 19:07:46', '2025-11-06 19:07:46', NULL, NULL, NULL, NULL),
(430, 79, 28, NULL, 'cleanliness_rating', 'Cleanliness', '', 'Cleanliness: 4.9 ', 0, 1, 4, '{}', NULL, '2025-11-06 19:07:46', '2025-11-06 19:07:46', NULL, NULL, NULL, NULL),
(431, 79, 28, NULL, 'accuracy_rating', 'Accuracy', '', 'Accuracy: 4.8 ', 0, 1, 5, '{}', NULL, '2025-11-06 19:07:46', '2025-11-06 19:07:46', NULL, NULL, NULL, NULL),
(432, 79, 28, NULL, 'communication_rating', 'Communication', '', 'Communication: 5.0 ', 0, 1, 6, '{}', NULL, '2025-11-06 19:07:46', '2025-11-06 19:07:46', NULL, NULL, NULL, NULL),
(433, 79, 28, NULL, 'location_rating', 'Location', '', 'Location: 4.9 ', 0, 1, 7, '{}', NULL, '2025-11-06 19:07:46', '2025-11-06 19:07:46', NULL, NULL, NULL, NULL),
(434, 79, 28, NULL, 'checkin_rating', 'Check-in', '', 'Check-in: 5.0 ', 0, 1, 8, '{}', NULL, '2025-11-06 19:07:46', '2025-11-06 19:07:46', NULL, NULL, NULL, NULL),
(435, 79, 28, NULL, 'value_rating', 'Value', '', 'Value: 4.7 ', 0, 1, 9, '{}', NULL, '2025-11-06 19:07:46', '2025-11-06 19:07:46', NULL, NULL, NULL, NULL),
(436, 79, 27, NULL, 'reviews_list_heading', 'Guest Reviews', '', 'What Guests Are Saying', 0, 1, 10, '{\"level\": \"h3\"}', NULL, '2025-11-06 19:07:46', '2025-11-06 19:07:46', NULL, NULL, NULL, NULL),
(437, 79, 28, NULL, 'reviews_list', 'Reviews', '', 'Guest reviews will appear here.', 0, 1, 11, '{\"type\": \"list\"}', NULL, '2025-11-06 19:07:46', '2025-11-06 19:07:46', NULL, NULL, NULL, NULL),
(438, 79, 27, NULL, 'write_review_heading', 'Write a Review', '', 'Share Your Experience', 0, 1, 12, '{\"level\": \"h3\"}', NULL, '2025-11-06 19:07:46', '2025-11-06 19:07:46', NULL, NULL, NULL, NULL),
(439, 79, 8, NULL, 'review_rating', 'Your Rating', 'Rate 1-5 stars', '', 0, 0, 13, '{\"max\": 5, \"min\": 1}', NULL, '2025-11-06 19:07:46', '2025-11-06 19:07:46', NULL, NULL, NULL, NULL),
(440, 79, 2, NULL, 'review_comment', 'Your Review', 'Share your experience...', '', 0, 0, 14, '{}', NULL, '2025-11-06 19:07:46', '2025-11-06 19:07:46', NULL, NULL, NULL, NULL),
(441, 79, 33, NULL, 'submit_review_button', 'Submit Review', '', 'Submit Review', 0, 0, 15, '{\"action\": \"submit\", \"variant\": \"primary\"}', NULL, '2025-11-06 19:07:46', '2025-11-06 19:07:46', NULL, NULL, NULL, NULL),
(442, 80, 27, NULL, 'search_title', 'Page Title', '', 'Find Your Perfect Stay', 0, 1, 1, '{}', NULL, '2025-11-06 19:07:46', '2025-11-06 19:07:46', NULL, NULL, NULL, NULL),
(443, 80, 28, NULL, 'search_subtitle', 'Subtitle', '', 'Use filters to narrow down your search', 0, 1, 2, '{}', NULL, '2025-11-06 19:07:46', '2025-11-06 19:07:46', NULL, NULL, NULL, NULL),
(444, 80, 27, NULL, 'location_heading', 'Location', '', 'Where', 0, 1, 3, '{\"level\": \"h3\"}', NULL, '2025-11-06 19:07:46', '2025-11-06 19:07:46', NULL, NULL, NULL, NULL),
(445, 80, 1, NULL, 'destination', 'Destination', 'City, region, or country', '', 0, 0, 4, '{}', NULL, '2025-11-06 19:07:46', '2025-11-06 19:07:46', NULL, NULL, NULL, NULL),
(446, 80, 27, NULL, 'dates_heading', 'Dates', '', 'When', 0, 1, 5, '{\"level\": \"h3\"}', NULL, '2025-11-06 19:07:46', '2025-11-06 19:07:46', NULL, NULL, NULL, NULL),
(447, 80, 17, NULL, 'filter_check_in', 'Check-in', 'Select date', '', 0, 0, 6, '{}', NULL, '2025-11-06 19:07:46', '2025-11-06 19:07:46', NULL, NULL, NULL, NULL),
(448, 80, 17, NULL, 'filter_check_out', 'Check-out', 'Select date', '', 0, 0, 7, '{}', NULL, '2025-11-06 19:07:46', '2025-11-06 19:07:46', NULL, NULL, NULL, NULL),
(449, 80, 27, NULL, 'guests_heading', 'Guests', '', 'Who', 0, 1, 8, '{\"level\": \"h3\"}', NULL, '2025-11-06 19:07:46', '2025-11-06 19:07:46', NULL, NULL, NULL, NULL),
(450, 80, 8, NULL, 'adults_count', 'Adults', 'Number of adults', '1', 0, 0, 9, '{\"max\": 16, \"min\": 1}', NULL, '2025-11-06 19:07:46', '2025-11-06 19:07:46', NULL, NULL, NULL, NULL),
(451, 80, 8, NULL, 'children_count', 'Children', 'Number of children', '0', 0, 0, 10, '{\"max\": 10, \"min\": 0}', NULL, '2025-11-06 19:07:46', '2025-11-06 19:07:46', NULL, NULL, NULL, NULL),
(452, 80, 8, NULL, 'infants_count', 'Infants', 'Number of infants', '0', 0, 0, 11, '{\"max\": 5, \"min\": 0}', NULL, '2025-11-06 19:07:46', '2025-11-06 19:07:46', NULL, NULL, NULL, NULL),
(453, 80, 27, NULL, 'type_heading', 'Property Type', '', 'Type of Place', 0, 1, 12, '{\"level\": \"h3\"}', NULL, '2025-11-06 19:07:46', '2025-11-06 19:07:46', NULL, NULL, NULL, NULL);
INSERT INTO `screen_element_instances` (`id`, `screen_id`, `element_id`, `form_id`, `field_key`, `label`, `placeholder`, `default_value`, `is_required`, `is_readonly`, `display_order`, `config`, `validation_rules`, `created_at`, `updated_at`, `primitive_type`, `data_bindings`, `children`, `conditions`) VALUES
(454, 80, 10, NULL, 'place_type', 'Type', 'Select type', '', 0, 0, 13, '{\"options\": [{\"label\": \"Entire Place\", \"value\": \"entire\"}, {\"label\": \"Private Room\", \"value\": \"private\"}, {\"label\": \"Shared Room\", \"value\": \"shared\"}, {\"label\": \"Hotel\", \"value\": \"hotel\"}]}', NULL, '2025-11-06 19:07:46', '2025-11-06 19:07:46', NULL, NULL, NULL, NULL),
(455, 80, 27, NULL, 'price_heading', 'Price Range', '', 'Price Per Night', 0, 1, 14, '{\"level\": \"h3\"}', NULL, '2025-11-06 19:07:46', '2025-11-06 19:07:46', NULL, NULL, NULL, NULL),
(456, 80, 8, NULL, 'filter_min_price', 'Minimum', 'Min $', '0', 0, 0, 15, '{\"prefix\": \"$\", \"decimals\": 0}', NULL, '2025-11-06 19:07:46', '2025-11-06 19:07:46', NULL, NULL, NULL, NULL),
(457, 80, 8, NULL, 'filter_max_price', 'Maximum', 'Max $', '1000', 0, 0, 16, '{\"prefix\": \"$\", \"decimals\": 0}', NULL, '2025-11-06 19:07:46', '2025-11-06 19:07:46', NULL, NULL, NULL, NULL),
(458, 80, 27, NULL, 'rooms_heading', 'Rooms & Beds', '', 'Rooms', 0, 1, 17, '{\"level\": \"h3\"}', NULL, '2025-11-06 19:07:46', '2025-11-06 19:07:46', NULL, NULL, NULL, NULL),
(459, 80, 8, NULL, 'bedrooms_count', 'Bedrooms', 'Any', '0', 0, 0, 18, '{\"max\": 10, \"min\": 0}', NULL, '2025-11-06 19:07:46', '2025-11-06 19:07:46', NULL, NULL, NULL, NULL),
(460, 80, 8, NULL, 'beds_count', 'Beds', 'Any', '0', 0, 0, 19, '{\"max\": 20, \"min\": 0}', NULL, '2025-11-06 19:07:46', '2025-11-06 19:07:46', NULL, NULL, NULL, NULL),
(461, 80, 8, NULL, 'bathrooms_count', 'Bathrooms', 'Any', '0', 0, 0, 20, '{\"max\": 10, \"min\": 0}', NULL, '2025-11-06 19:07:46', '2025-11-06 19:07:46', NULL, NULL, NULL, NULL),
(462, 80, 27, NULL, 'amenities_filter_heading', 'Amenities', '', 'Popular Amenities', 0, 1, 21, '{\"level\": \"h3\"}', NULL, '2025-11-06 19:07:46', '2025-11-06 19:07:46', NULL, NULL, NULL, NULL),
(463, 80, 11, NULL, 'wifi_filter', 'WiFi', '', '0', 0, 0, 22, '{}', NULL, '2025-11-06 19:07:46', '2025-11-06 19:07:46', NULL, NULL, NULL, NULL),
(464, 80, 11, NULL, 'kitchen_filter', 'Kitchen', '', '0', 0, 0, 23, '{}', NULL, '2025-11-06 19:07:46', '2025-11-06 19:07:46', NULL, NULL, NULL, NULL),
(465, 80, 11, NULL, 'parking_filter', 'Free Parking', '', '0', 0, 0, 24, '{}', NULL, '2025-11-06 19:07:46', '2025-11-06 19:07:46', NULL, NULL, NULL, NULL),
(466, 80, 11, NULL, 'pool_filter', 'Pool', '', '0', 0, 0, 25, '{}', NULL, '2025-11-06 19:07:46', '2025-11-06 19:07:46', NULL, NULL, NULL, NULL),
(467, 80, 11, NULL, 'ac_filter', 'Air Conditioning', '', '0', 0, 0, 26, '{}', NULL, '2025-11-06 19:07:46', '2025-11-06 19:07:46', NULL, NULL, NULL, NULL),
(468, 80, 33, NULL, 'apply_filters_button', 'Apply Filters', '', 'Show Results', 0, 0, 27, '{\"action\": \"search\", \"variant\": \"primary\"}', NULL, '2025-11-06 19:07:46', '2025-11-06 19:07:46', NULL, NULL, NULL, NULL),
(469, 80, 33, NULL, 'clear_filters_button', 'Clear All', '', 'Clear Filters', 0, 0, 28, '{\"variant\": \"secondary\"}', NULL, '2025-11-06 19:07:46', '2025-11-06 19:07:46', NULL, NULL, NULL, NULL),
(470, 81, 27, NULL, 'request_title', 'Page Title', '', 'Where to?', 0, 1, 1, '{\"level\": \"h1\"}', NULL, '2025-11-06 19:35:17', '2025-11-06 19:35:17', NULL, NULL, NULL, NULL),
(471, 81, 28, NULL, 'request_subtitle', 'Subtitle', '', 'Enter your destination to get started', 0, 1, 2, '{}', NULL, '2025-11-06 19:35:17', '2025-11-06 19:35:17', NULL, NULL, NULL, NULL),
(472, 81, 1, NULL, 'pickup_location', 'Pickup Location', 'Enter pickup address', '', 1, 0, 3, '{\"icon\": \"MapPin\"}', NULL, '2025-11-06 19:35:17', '2025-11-06 19:35:17', NULL, NULL, NULL, NULL),
(473, 81, 1, NULL, 'destination', 'Destination', 'Where are you going?', '', 1, 0, 4, '{\"icon\": \"Navigation\"}', NULL, '2025-11-06 19:35:17', '2025-11-06 19:35:17', NULL, NULL, NULL, NULL),
(474, 81, 27, NULL, 'ride_type_heading', 'Ride Type', '', 'Choose Your Ride', 0, 1, 5, '{\"level\": \"h3\"}', NULL, '2025-11-06 19:35:17', '2025-11-06 19:35:17', NULL, NULL, NULL, NULL),
(475, 81, 10, NULL, 'ride_type', 'Ride Type', 'Select ride type', 'standard', 1, 0, 6, '{\"options\": [{\"label\": \"Standard\", \"value\": \"standard\", \"description\": \"Affordable rides\"}, {\"label\": \"Premium\", \"value\": \"premium\", \"description\": \"Comfortable sedans\"}, {\"label\": \"XL\", \"value\": \"xl\", \"description\": \"6 seats\"}, {\"label\": \"Luxury\", \"value\": \"luxury\", \"description\": \"High-end vehicles\"}]}', NULL, '2025-11-06 19:35:17', '2025-11-06 19:35:17', NULL, NULL, NULL, NULL),
(476, 81, 27, NULL, 'ride_details_heading', 'Trip Details', '', 'Trip Details', 0, 1, 7, '{\"level\": \"h3\"}', NULL, '2025-11-06 19:35:17', '2025-11-06 19:35:17', NULL, NULL, NULL, NULL),
(477, 81, 8, NULL, 'estimated_fare', 'Estimated Fare', '', '0.00', 0, 1, 8, '{\"prefix\": \"$\", \"decimals\": 2}', NULL, '2025-11-06 19:35:17', '2025-11-06 19:35:17', NULL, NULL, NULL, NULL),
(478, 81, 28, NULL, 'estimated_time', 'Estimated Time', '', 'Calculating...', 0, 1, 9, '{}', NULL, '2025-11-06 19:35:17', '2025-11-06 19:35:17', NULL, NULL, NULL, NULL),
(479, 81, 28, NULL, 'distance', 'Distance', '', 'Calculating...', 0, 1, 10, '{}', NULL, '2025-11-06 19:35:17', '2025-11-06 19:35:17', NULL, NULL, NULL, NULL),
(480, 81, 1, NULL, 'promo_code', 'Promo Code', 'Enter promo code', '', 0, 0, 11, '{}', NULL, '2025-11-06 19:35:17', '2025-11-06 19:35:17', NULL, NULL, NULL, NULL),
(481, 81, 1, NULL, 'ride_notes', 'Special Instructions', 'Add notes for driver', '', 0, 0, 12, '{}', NULL, '2025-11-06 19:35:17', '2025-11-06 19:35:17', NULL, NULL, NULL, NULL),
(482, 81, 33, NULL, 'request_ride_button', 'Request Ride', '', 'Request Ride', 0, 0, 13, '{\"size\": \"large\", \"action\": \"submit\", \"variant\": \"primary\"}', NULL, '2025-11-06 19:35:17', '2025-11-06 19:35:17', NULL, NULL, NULL, NULL),
(483, 82, 27, NULL, 'tracking_title', 'Page Title', '', 'Your Ride', 0, 1, 1, '{}', NULL, '2025-11-06 19:35:17', '2025-11-06 19:35:17', NULL, NULL, NULL, NULL),
(484, 82, 28, NULL, 'ride_status', 'Ride Status', '', 'Driver is on the way', 0, 1, 2, '{\"type\": \"status\"}', NULL, '2025-11-06 19:35:17', '2025-11-06 19:35:17', NULL, NULL, NULL, NULL),
(485, 82, 27, NULL, 'driver_info_heading', 'Driver Information', '', 'Your Driver', 0, 1, 3, '{\"level\": \"h3\"}', NULL, '2025-11-06 19:35:17', '2025-11-06 19:35:17', NULL, NULL, NULL, NULL),
(486, 82, 28, NULL, 'driver_name', 'Driver Name', '', 'John Doe', 0, 1, 4, '{}', NULL, '2025-11-06 19:35:17', '2025-11-06 19:35:17', NULL, NULL, NULL, NULL),
(487, 82, 28, NULL, 'driver_rating', 'Driver Rating', '', '4.8 ', 0, 1, 5, '{}', NULL, '2025-11-06 19:35:17', '2025-11-06 19:35:17', NULL, NULL, NULL, NULL),
(488, 82, 28, NULL, 'vehicle_info', 'Vehicle Info', '', 'Toyota Camry - ABC 123', 0, 1, 6, '{}', NULL, '2025-11-06 19:35:17', '2025-11-06 19:35:17', NULL, NULL, NULL, NULL),
(489, 82, 27, NULL, 'trip_progress_heading', 'Trip Progress', '', 'Trip Details', 0, 1, 7, '{\"level\": \"h3\"}', NULL, '2025-11-06 19:35:17', '2025-11-06 19:35:17', NULL, NULL, NULL, NULL),
(490, 82, 28, NULL, 'eta', 'Estimated Arrival', '', '5 minutes', 0, 1, 8, '{\"icon\": \"Clock\"}', NULL, '2025-11-06 19:35:17', '2025-11-06 19:35:17', NULL, NULL, NULL, NULL),
(491, 82, 28, NULL, 'current_location', 'Current Location', '', 'Updating...', 0, 1, 9, '{\"icon\": \"MapPin\"}', NULL, '2025-11-06 19:35:17', '2025-11-06 19:35:17', NULL, NULL, NULL, NULL),
(492, 82, 28, NULL, 'destination_display', 'Destination', '', '', 0, 1, 10, '{\"icon\": \"Navigation\"}', NULL, '2025-11-06 19:35:17', '2025-11-06 19:35:17', NULL, NULL, NULL, NULL),
(493, 82, 33, NULL, 'call_driver_button', 'Call Driver', '', 'Call Driver', 0, 0, 11, '{\"icon\": \"Phone\", \"variant\": \"secondary\"}', NULL, '2025-11-06 19:35:17', '2025-11-06 19:35:17', NULL, NULL, NULL, NULL),
(494, 82, 33, NULL, 'message_driver_button', 'Message Driver', '', 'Message', 0, 0, 12, '{\"icon\": \"MessageCircle\", \"variant\": \"secondary\"}', NULL, '2025-11-06 19:35:17', '2025-11-06 19:35:17', NULL, NULL, NULL, NULL),
(495, 82, 33, NULL, 'cancel_ride_button', 'Cancel Ride', '', 'Cancel Ride', 0, 0, 13, '{\"variant\": \"danger\"}', NULL, '2025-11-06 19:35:17', '2025-11-06 19:35:17', NULL, NULL, NULL, NULL),
(496, 82, 27, NULL, 'safety_heading', 'Safety', '', 'Safety Features', 0, 1, 14, '{\"level\": \"h3\"}', NULL, '2025-11-06 19:35:17', '2025-11-06 19:35:17', NULL, NULL, NULL, NULL),
(497, 82, 33, NULL, 'share_trip_button', 'Share Trip', '', 'Share Trip Status', 0, 0, 15, '{\"variant\": \"secondary\"}', NULL, '2025-11-06 19:35:17', '2025-11-06 19:35:17', NULL, NULL, NULL, NULL),
(498, 82, 33, NULL, 'emergency_button', 'Emergency', '', 'Emergency', 0, 0, 16, '{\"variant\": \"danger\"}', NULL, '2025-11-06 19:35:17', '2025-11-06 19:35:17', NULL, NULL, NULL, NULL),
(499, 83, 27, NULL, 'history_title', 'Page Title', '', 'Ride History', 0, 1, 1, '{}', NULL, '2025-11-06 19:35:17', '2025-11-06 19:35:17', NULL, NULL, NULL, NULL),
(500, 83, 28, NULL, 'history_description', 'Description', '', 'View all your past rides', 0, 1, 2, '{}', NULL, '2025-11-06 19:35:17', '2025-11-06 19:35:17', NULL, NULL, NULL, NULL),
(501, 83, 17, NULL, 'start_date', 'Start Date', 'From date', '', 0, 0, 3, '{}', NULL, '2025-11-06 19:35:17', '2025-11-06 19:35:17', NULL, NULL, NULL, NULL),
(502, 83, 17, NULL, 'end_date', 'End Date', 'To date', '', 0, 0, 4, '{}', NULL, '2025-11-06 19:35:17', '2025-11-06 19:35:17', NULL, NULL, NULL, NULL),
(503, 83, 10, NULL, 'ride_status_filter', 'Status', 'All Rides', '', 0, 0, 5, '{\"options\": [{\"label\": \"All Rides\", \"value\": \"all\"}, {\"label\": \"Completed\", \"value\": \"completed\"}, {\"label\": \"Cancelled\", \"value\": \"cancelled\"}]}', NULL, '2025-11-06 19:35:17', '2025-11-06 19:35:17', NULL, NULL, NULL, NULL),
(504, 83, 33, NULL, 'apply_filters_button', 'Apply Filters', '', 'Apply', 0, 0, 6, '{\"variant\": \"primary\"}', NULL, '2025-11-06 19:35:17', '2025-11-06 19:35:17', NULL, NULL, NULL, NULL),
(505, 83, 27, NULL, 'rides_list_heading', 'Your Rides', '', 'Past Rides', 0, 1, 7, '{\"level\": \"h3\"}', NULL, '2025-11-06 19:35:17', '2025-11-06 19:35:17', NULL, NULL, NULL, NULL),
(506, 83, 28, NULL, 'rides_list', 'Rides List', '', 'Your ride history will appear here.', 0, 1, 8, '{\"type\": \"list\"}', NULL, '2025-11-06 19:35:17', '2025-11-06 19:35:17', NULL, NULL, NULL, NULL),
(507, 83, 27, NULL, 'stats_heading', 'Statistics', '', 'Your Stats', 0, 1, 9, '{\"level\": \"h3\"}', NULL, '2025-11-06 19:35:17', '2025-11-06 19:35:17', NULL, NULL, NULL, NULL),
(508, 83, 28, NULL, 'total_rides', 'Total Rides', '', '0 rides', 0, 1, 10, '{}', NULL, '2025-11-06 19:35:17', '2025-11-06 19:35:17', NULL, NULL, NULL, NULL),
(509, 83, 28, NULL, 'total_spent', 'Total Spent', '', '$0.00', 0, 1, 11, '{}', NULL, '2025-11-06 19:35:17', '2025-11-06 19:35:17', NULL, NULL, NULL, NULL),
(510, 84, 27, NULL, 'payment_title', 'Page Title', '', 'Payment Methods', 0, 1, 1, '{}', NULL, '2025-11-06 19:35:17', '2025-11-06 19:35:17', NULL, NULL, NULL, NULL),
(511, 84, 28, NULL, 'payment_description', 'Description', '', 'Manage your payment options', 0, 1, 2, '{}', NULL, '2025-11-06 19:35:17', '2025-11-06 19:35:17', NULL, NULL, NULL, NULL),
(512, 84, 27, NULL, 'saved_methods_heading', 'Saved Methods', '', 'Your Payment Methods', 0, 1, 3, '{\"level\": \"h3\"}', NULL, '2025-11-06 19:35:17', '2025-11-06 19:35:17', NULL, NULL, NULL, NULL),
(513, 84, 28, NULL, 'payment_methods_list', 'Payment Methods', '', 'Your saved payment methods will appear here.', 0, 1, 4, '{\"type\": \"list\"}', NULL, '2025-11-06 19:35:17', '2025-11-06 19:35:17', NULL, NULL, NULL, NULL),
(514, 84, 27, NULL, 'add_payment_heading', 'Add New Payment', '', 'Add Payment Method', 0, 1, 5, '{\"level\": \"h3\"}', NULL, '2025-11-06 19:35:17', '2025-11-06 19:35:17', NULL, NULL, NULL, NULL),
(515, 84, 10, NULL, 'payment_type', 'Payment Type', 'Select type', '', 0, 0, 6, '{\"options\": [{\"label\": \"Credit Card\", \"value\": \"credit\"}, {\"label\": \"Debit Card\", \"value\": \"debit\"}, {\"label\": \"PayPal\", \"value\": \"paypal\"}, {\"label\": \"Apple Pay\", \"value\": \"apple_pay\"}, {\"label\": \"Google Pay\", \"value\": \"google_pay\"}]}', NULL, '2025-11-06 19:35:17', '2025-11-06 19:35:17', NULL, NULL, NULL, NULL),
(516, 84, 1, NULL, 'card_number', 'Card Number', 'Enter card number', '', 0, 0, 7, '{\"type\": \"number\"}', NULL, '2025-11-06 19:35:17', '2025-11-06 19:35:17', NULL, NULL, NULL, NULL),
(517, 84, 1, NULL, 'card_name', 'Cardholder Name', 'Name on card', '', 0, 0, 8, '{}', NULL, '2025-11-06 19:35:17', '2025-11-06 19:35:17', NULL, NULL, NULL, NULL),
(518, 84, 17, NULL, 'expiry_date', 'Expiry Date', 'MM/YY', '', 0, 0, 9, '{}', NULL, '2025-11-06 19:35:17', '2025-11-06 19:35:17', NULL, NULL, NULL, NULL),
(519, 84, 1, NULL, 'cvv', 'CVV', 'CVV', '', 0, 0, 10, '{\"type\": \"password\", \"maxLength\": 4}', NULL, '2025-11-06 19:35:17', '2025-11-06 19:35:17', NULL, NULL, NULL, NULL),
(520, 84, 33, NULL, 'add_payment_button', 'Add Payment', '', 'Add Payment Method', 0, 0, 11, '{\"variant\": \"primary\"}', NULL, '2025-11-06 19:35:17', '2025-11-06 19:35:17', NULL, NULL, NULL, NULL),
(521, 84, 27, NULL, 'default_payment_heading', 'Default Payment', '', 'Default Payment Method', 0, 1, 12, '{\"level\": \"h3\"}', NULL, '2025-11-06 19:35:17', '2025-11-06 19:35:17', NULL, NULL, NULL, NULL),
(522, 84, 28, NULL, 'default_payment_info', 'Default Payment', '', 'Set your preferred payment method for rides', 0, 1, 13, '{}', NULL, '2025-11-06 19:35:17', '2025-11-06 19:35:17', NULL, NULL, NULL, NULL),
(523, 85, 27, NULL, 'driver_profile_title', 'Page Title', '', 'Driver Profile', 0, 1, 1, '{}', NULL, '2025-11-06 19:35:17', '2025-11-06 19:35:17', NULL, NULL, NULL, NULL),
(524, 85, 28, NULL, 'driver_photo', 'Driver Photo', '', 'Driver photo placeholder', 0, 1, 2, '{\"type\": \"image\"}', NULL, '2025-11-06 19:35:17', '2025-11-06 19:35:17', NULL, NULL, NULL, NULL),
(525, 85, 27, NULL, 'driver_name_display', 'Driver Name', '', 'John Doe', 0, 1, 3, '{\"level\": \"h2\"}', NULL, '2025-11-06 19:35:17', '2025-11-06 19:35:17', NULL, NULL, NULL, NULL),
(526, 85, 28, NULL, 'driver_rating_display', 'Rating', '', '4.8  (1,234 rides)', 0, 1, 4, '{}', NULL, '2025-11-06 19:35:17', '2025-11-06 19:35:17', NULL, NULL, NULL, NULL),
(527, 85, 28, NULL, 'member_since', 'Member Since', '', 'Member since: Jan 2023', 0, 1, 5, '{}', NULL, '2025-11-06 19:35:17', '2025-11-06 19:35:17', NULL, NULL, NULL, NULL),
(528, 85, 27, NULL, 'vehicle_heading', 'Vehicle', '', 'Vehicle Information', 0, 1, 6, '{\"level\": \"h3\"}', NULL, '2025-11-06 19:35:17', '2025-11-06 19:35:17', NULL, NULL, NULL, NULL),
(529, 85, 28, NULL, 'vehicle_make_model', 'Vehicle', '', 'Toyota Camry 2023', 0, 1, 7, '{}', NULL, '2025-11-06 19:35:17', '2025-11-06 19:35:17', NULL, NULL, NULL, NULL),
(530, 85, 28, NULL, 'vehicle_color', 'Color', '', 'Silver', 0, 1, 8, '{}', NULL, '2025-11-06 19:35:17', '2025-11-06 19:35:17', NULL, NULL, NULL, NULL),
(531, 85, 28, NULL, 'license_plate', 'License Plate', '', 'ABC 123', 0, 1, 9, '{}', NULL, '2025-11-06 19:35:17', '2025-11-06 19:35:17', NULL, NULL, NULL, NULL),
(532, 85, 27, NULL, 'stats_heading', 'Statistics', '', 'Driver Stats', 0, 1, 10, '{\"level\": \"h3\"}', NULL, '2025-11-06 19:35:17', '2025-11-06 19:35:17', NULL, NULL, NULL, NULL),
(533, 85, 28, NULL, 'total_trips', 'Total Trips', '', '1,234 trips', 0, 1, 11, '{}', NULL, '2025-11-06 19:35:17', '2025-11-06 19:35:17', NULL, NULL, NULL, NULL),
(534, 85, 28, NULL, 'acceptance_rate', 'Acceptance Rate', '', '98%', 0, 1, 12, '{}', NULL, '2025-11-06 19:35:17', '2025-11-06 19:35:17', NULL, NULL, NULL, NULL),
(535, 85, 28, NULL, 'cancellation_rate', 'Cancellation Rate', '', '2%', 0, 1, 13, '{}', NULL, '2025-11-06 19:35:17', '2025-11-06 19:35:17', NULL, NULL, NULL, NULL),
(536, 85, 27, NULL, 'reviews_heading', 'Reviews', '', 'Recent Reviews', 0, 1, 14, '{\"level\": \"h3\"}', NULL, '2025-11-06 19:35:17', '2025-11-06 19:35:17', NULL, NULL, NULL, NULL),
(537, 85, 28, NULL, 'reviews_list', 'Reviews', '', 'Driver reviews will appear here.', 0, 1, 15, '{\"type\": \"list\"}', NULL, '2025-11-06 19:35:17', '2025-11-06 19:35:17', NULL, NULL, NULL, NULL),
(538, 85, 33, NULL, 'contact_driver_button', 'Contact Driver', '', 'Contact Driver', 0, 0, 16, '{\"variant\": \"primary\"}', NULL, '2025-11-06 19:35:17', '2025-11-06 19:35:17', NULL, NULL, NULL, NULL),
(539, 85, 33, NULL, 'report_driver_button', 'Report Issue', '', 'Report Issue', 0, 0, 17, '{\"variant\": \"secondary\"}', NULL, '2025-11-06 19:35:17', '2025-11-06 19:35:17', NULL, NULL, NULL, NULL),
(540, 87, 27, NULL, 'search_heading', 'Search', NULL, NULL, 0, 0, 0, NULL, NULL, '2025-11-07 19:25:16', '2025-11-07 19:25:16', NULL, NULL, NULL, NULL),
(541, 87, 1, NULL, 'search_input', 'Search', 'What are you looking for?', NULL, 0, 0, 1, NULL, NULL, '2025-11-07 19:25:16', '2025-11-07 19:25:16', NULL, NULL, NULL, NULL),
(542, 87, 28, NULL, 'popular_section', 'Popular Searches', NULL, NULL, 0, 0, 2, NULL, NULL, '2025-11-07 19:25:16', '2025-11-07 19:25:16', NULL, NULL, NULL, NULL),
(543, 87, 28, NULL, 'popular_1', 'Products', NULL, NULL, 0, 0, 3, NULL, NULL, '2025-11-07 19:25:16', '2025-11-07 19:25:16', NULL, NULL, NULL, NULL),
(544, 87, 28, NULL, 'popular_2', 'Services', NULL, NULL, 0, 0, 4, NULL, NULL, '2025-11-07 19:25:16', '2025-11-07 19:25:16', NULL, NULL, NULL, NULL),
(545, 87, 28, NULL, 'popular_3', 'Articles', NULL, NULL, 0, 0, 5, NULL, NULL, '2025-11-07 19:25:16', '2025-11-07 19:25:16', NULL, NULL, NULL, NULL),
(546, 87, 33, NULL, 'search_button', 'Search', NULL, NULL, 0, 0, 6, NULL, NULL, '2025-11-07 19:25:16', '2025-11-07 19:25:16', NULL, NULL, NULL, NULL),
(547, 89, 27, NULL, 'terms_heading', 'Terms of Service', '', '', 0, 0, 1, '\"{}\"', '\"{}\"', '2025-11-07 19:25:16', '2025-11-14 18:47:02', NULL, NULL, NULL, NULL),
(548, 89, 28, NULL, 'last_updated', 'Last updated: November 2025', '', '', 0, 0, 2, '\"{}\"', '\"{}\"', '2025-11-07 19:25:16', '2025-11-14 18:47:02', NULL, NULL, NULL, NULL),
(549, 89, 27, NULL, 'section1_heading', 'Acceptance of Terms', '', '', 0, 0, 3, '\"{}\"', '\"{}\"', '2025-11-07 19:25:16', '2025-11-14 18:47:02', NULL, NULL, NULL, NULL),
(550, 89, 28, NULL, 'section1_text', 'By accessing our service, you agree to be bound by these terms.', '', '', 0, 0, 4, '\"{}\"', '\"{}\"', '2025-11-07 19:25:16', '2025-11-14 18:47:02', NULL, NULL, NULL, NULL),
(551, 89, 27, NULL, 'section2_heading', 'User Responsibilities', '', '', 0, 0, 5, '\"{}\"', '\"{}\"', '2025-11-07 19:25:16', '2025-11-14 18:47:02', NULL, NULL, NULL, NULL),
(552, 89, 28, NULL, 'section2_text', 'You are responsible for maintaining the confidentiality of your account.', '', '', 0, 0, 6, '\"{}\"', '\"{}\"', '2025-11-07 19:25:16', '2025-11-14 18:47:02', NULL, NULL, NULL, NULL),
(553, 89, 27, NULL, 'section3_heading', 'Termination', '', '', 0, 0, 7, '\"{}\"', '\"{}\"', '2025-11-07 19:25:16', '2025-11-14 18:47:02', NULL, NULL, NULL, NULL),
(554, 89, 28, NULL, 'section3_text', 'We may terminate or suspend access to our service immediately, without prior notice.', '', '', 0, 0, 8, '\"{}\"', '\"{}\"', '2025-11-07 19:25:16', '2025-11-14 18:47:02', NULL, NULL, NULL, NULL),
(555, 52, 27, NULL, 'heading_52_1', 'Home Title', NULL, NULL, 0, 0, 1, NULL, NULL, '2025-11-07 20:04:27', '2025-11-07 20:04:27', NULL, NULL, NULL, NULL),
(556, 53, 27, NULL, 'heading_53_1', 'Restaurant Menu Title', NULL, NULL, 0, 0, 1, NULL, NULL, '2025-11-07 20:04:27', '2025-11-07 20:04:27', NULL, NULL, NULL, NULL),
(557, 54, 27, NULL, 'heading_54_1', 'Cart Title', NULL, NULL, 0, 0, 1, NULL, NULL, '2025-11-07 20:04:27', '2025-11-07 20:04:27', NULL, NULL, NULL, NULL),
(558, 56, 27, NULL, 'heading_56_1', 'Track Order Title', NULL, NULL, 0, 0, 1, NULL, NULL, '2025-11-07 20:04:27', '2025-11-07 20:04:27', NULL, NULL, NULL, NULL),
(559, 57, 27, NULL, 'heading_57_1', 'Order History Title', NULL, NULL, 0, 0, 1, NULL, NULL, '2025-11-07 20:04:27', '2025-11-07 20:04:27', NULL, NULL, NULL, NULL),
(560, 66, 27, NULL, 'heading_66_1', 'Products Title', NULL, NULL, 0, 0, 1, NULL, NULL, '2025-11-07 20:04:27', '2025-11-07 20:04:27', NULL, NULL, NULL, NULL),
(561, 68, 27, NULL, 'heading_68_1', 'Orders Title', NULL, NULL, 0, 0, 1, NULL, NULL, '2025-11-07 20:04:27', '2025-11-07 20:04:27', NULL, NULL, NULL, NULL),
(562, 86, 27, NULL, 'heading_86_1', 'Feed Title', NULL, NULL, 0, 0, 1, NULL, NULL, '2025-11-07 20:04:27', '2025-11-07 20:04:27', NULL, NULL, NULL, NULL),
(563, 88, 27, NULL, 'heading_88_1', 'Messages Title', '', '', 0, 0, 1, '\"{}\"', '\"{}\"', '2025-11-07 20:04:27', '2025-11-14 18:46:37', NULL, NULL, NULL, NULL),
(570, 52, 28, NULL, 'paragraph_52_2', 'Home Description', NULL, NULL, 0, 0, 2, NULL, NULL, '2025-11-07 20:04:53', '2025-11-07 20:04:53', NULL, NULL, NULL, NULL),
(571, 53, 28, NULL, 'paragraph_53_2', 'Restaurant Menu Description', NULL, NULL, 0, 0, 2, NULL, NULL, '2025-11-07 20:04:53', '2025-11-07 20:04:53', NULL, NULL, NULL, NULL),
(572, 54, 28, NULL, 'paragraph_54_2', 'Cart Description', NULL, NULL, 0, 0, 2, NULL, NULL, '2025-11-07 20:04:53', '2025-11-07 20:04:53', NULL, NULL, NULL, NULL),
(573, 56, 28, NULL, 'paragraph_56_2', 'Track Order Description', NULL, NULL, 0, 0, 2, NULL, NULL, '2025-11-07 20:04:53', '2025-11-07 20:04:53', NULL, NULL, NULL, NULL),
(574, 57, 28, NULL, 'paragraph_57_2', 'Order History Description', NULL, NULL, 0, 0, 2, NULL, NULL, '2025-11-07 20:04:53', '2025-11-07 20:04:53', NULL, NULL, NULL, NULL),
(575, 66, 28, NULL, 'paragraph_66_2', 'Products Description', NULL, NULL, 0, 0, 2, NULL, NULL, '2025-11-07 20:04:53', '2025-11-07 20:04:53', NULL, NULL, NULL, NULL),
(576, 68, 28, NULL, 'paragraph_68_2', 'Orders Description', NULL, NULL, 0, 0, 2, NULL, NULL, '2025-11-07 20:04:53', '2025-11-07 20:04:53', NULL, NULL, NULL, NULL),
(577, 86, 28, NULL, 'paragraph_86_2', 'Feed Description', NULL, NULL, 0, 0, 2, NULL, NULL, '2025-11-07 20:04:53', '2025-11-07 20:04:53', NULL, NULL, NULL, NULL),
(578, 88, 28, NULL, 'paragraph_88_2', 'Messages Description', '', '', 0, 0, 2, '\"{}\"', '\"{}\"', '2025-11-07 20:04:53', '2025-11-14 18:46:37', NULL, NULL, NULL, NULL),
(585, 52, 33, NULL, 'button_52_3', 'Action Button', NULL, NULL, 0, 0, 3, NULL, NULL, '2025-11-07 20:04:53', '2025-11-07 20:04:53', NULL, NULL, NULL, NULL),
(586, 53, 33, NULL, 'button_53_3', 'Action Button', NULL, NULL, 0, 0, 3, NULL, NULL, '2025-11-07 20:04:53', '2025-11-07 20:04:53', NULL, NULL, NULL, NULL),
(587, 54, 33, NULL, 'button_54_3', 'Action Button', NULL, NULL, 0, 0, 3, NULL, NULL, '2025-11-07 20:04:53', '2025-11-07 20:04:53', NULL, NULL, NULL, NULL),
(588, 56, 33, NULL, 'button_56_3', 'Action Button', NULL, NULL, 0, 0, 3, NULL, NULL, '2025-11-07 20:04:53', '2025-11-07 20:04:53', NULL, NULL, NULL, NULL),
(589, 57, 33, NULL, 'button_57_3', 'Action Button', NULL, NULL, 0, 0, 3, NULL, NULL, '2025-11-07 20:04:53', '2025-11-07 20:04:53', NULL, NULL, NULL, NULL),
(590, 66, 33, NULL, 'button_66_3', 'Action Button', NULL, NULL, 0, 0, 3, NULL, NULL, '2025-11-07 20:04:53', '2025-11-07 20:04:53', NULL, NULL, NULL, NULL),
(591, 68, 33, NULL, 'button_68_3', 'Action Button', NULL, NULL, 0, 0, 3, NULL, NULL, '2025-11-07 20:04:53', '2025-11-07 20:04:53', NULL, NULL, NULL, NULL),
(592, 86, 33, NULL, 'button_86_3', 'Action Button', NULL, NULL, 0, 0, 3, NULL, NULL, '2025-11-07 20:04:53', '2025-11-07 20:04:53', NULL, NULL, NULL, NULL),
(593, 88, 33, NULL, 'button_88_3', 'Action Button', '', '', 0, 0, 3, '\"{}\"', '\"{}\"', '2025-11-07 20:04:53', '2025-11-14 18:46:37', NULL, NULL, NULL, NULL),
(600, 52, 1, NULL, 'text_field_52_4', 'Input Field', 'Enter text', NULL, 0, 0, 4, NULL, NULL, '2025-11-07 20:04:53', '2025-11-07 20:04:53', NULL, NULL, NULL, NULL),
(601, 53, 1, NULL, 'text_field_53_4', 'Input Field', 'Enter text', NULL, 0, 0, 4, NULL, NULL, '2025-11-07 20:04:53', '2025-11-07 20:04:53', NULL, NULL, NULL, NULL),
(602, 54, 1, NULL, 'text_field_54_4', 'Input Field', 'Enter text', NULL, 0, 0, 4, NULL, NULL, '2025-11-07 20:04:53', '2025-11-07 20:04:53', NULL, NULL, NULL, NULL),
(603, 56, 1, NULL, 'text_field_56_4', 'Input Field', 'Enter text', NULL, 0, 0, 4, NULL, NULL, '2025-11-07 20:04:53', '2025-11-07 20:04:53', NULL, NULL, NULL, NULL),
(604, 57, 1, NULL, 'text_field_57_4', 'Input Field', 'Enter text', NULL, 0, 0, 4, NULL, NULL, '2025-11-07 20:04:53', '2025-11-07 20:04:53', NULL, NULL, NULL, NULL),
(605, 66, 1, NULL, 'text_field_66_4', 'Input Field', 'Enter text', NULL, 0, 0, 4, NULL, NULL, '2025-11-07 20:04:53', '2025-11-07 20:04:53', NULL, NULL, NULL, NULL),
(606, 68, 1, NULL, 'text_field_68_4', 'Input Field', 'Enter text', NULL, 0, 0, 4, NULL, NULL, '2025-11-07 20:04:53', '2025-11-07 20:04:53', NULL, NULL, NULL, NULL),
(607, 86, 1, NULL, 'text_field_86_4', 'Input Field', 'Enter text', NULL, 0, 0, 4, NULL, NULL, '2025-11-07 20:04:53', '2025-11-07 20:04:53', NULL, NULL, NULL, NULL),
(608, 88, 1, NULL, 'text_field_88_4', 'Input Field', 'Enter text', '', 0, 0, 4, '\"{}\"', '\"{}\"', '2025-11-07 20:04:53', '2025-11-14 18:46:37', NULL, NULL, NULL, NULL),
(618, 65, 3, NULL, 'rich_text_editor', 'About Us', '', '', 0, 0, 6, '\"{}\"', '\"{}\"', '2025-11-17 14:38:39', '2025-11-17 14:42:56', NULL, NULL, NULL, NULL),
(619, 95, 1, NULL, 'full_name', 'Full Name', '', '', 1, 0, 0, '\"{}\"', '\"{}\"', '2025-11-18 16:31:03', '2025-11-18 16:31:03', NULL, NULL, NULL, NULL),
(620, 95, 4, NULL, 'email_input', 'Email Input', '', '', 0, 0, 1, '\"{}\"', '\"{}\"', '2025-11-18 16:31:03', '2025-11-18 16:31:03', NULL, NULL, NULL, NULL),
(621, 95, 5, NULL, 'phone_number', 'Phone Number', '', '', 0, 0, 2, '\"{}\"', '\"{}\"', '2025-11-18 16:31:03', '2025-11-18 16:31:03', NULL, NULL, NULL, NULL),
(622, 95, 2, NULL, 'text_area', 'Text Area', '', '', 0, 0, 3, '\"{}\"', '\"{}\"', '2025-11-18 16:31:03', '2025-11-18 16:31:03', NULL, NULL, NULL, NULL),
(623, 58, 47, NULL, 'profile_photo', 'Profile Photo', '', '', 0, 0, 0, NULL, NULL, '2025-11-19 22:00:03', '2025-11-19 22:00:03', NULL, NULL, NULL, NULL),
(624, 112, 113, NULL, 'property_search', 'Property Search', NULL, NULL, 0, 0, 1, '{\"filters\": [\"location\", \"price\", \"guests\"], \"card_layout\": \"grid\", \"default_sort\": \"newest\", \"sort_options\": [\"price_asc\", \"price_desc\", \"newest\"], \"items_per_page\": 20}', NULL, '2025-11-20 20:54:13', '2025-11-20 20:54:13', NULL, NULL, NULL, NULL),
(625, 114, 109, NULL, 'booking_list', 'Booking List', NULL, NULL, 0, 0, 1, '{\"filters\": [\"all\", \"pending\", \"confirmed\", \"cancelled\"], \"card_layout\": \"compact\", \"enable_cancel\": true, \"default_filter\": \"all\", \"items_per_page\": 20, \"pull_to_refresh\": true, \"show_status_badges\": true}', NULL, '2025-11-20 20:54:13', '2025-11-20 20:54:13', NULL, NULL, NULL, NULL),
(626, 116, 111, NULL, 'conversation_list', 'Conversation List', NULL, NULL, 0, 0, 1, '{\"show_avatars\": true, \"enable_archive\": true, \"items_per_page\": 50, \"pull_to_refresh\": true, \"show_unread_badge\": true, \"auto_refresh_interval\": 30000}', NULL, '2025-11-20 20:54:13', '2025-11-20 20:54:13', NULL, NULL, NULL, NULL),
(627, 96, 27, NULL, 'listings_title', 'Page Title', '', 'Find Your Perfect Stay', 0, 0, 1, '{}', NULL, '2025-11-20 21:00:25', '2025-11-20 21:00:25', NULL, NULL, NULL, NULL),
(628, 96, 28, NULL, 'listings_subtitle', 'Subtitle', '', 'Discover unique places to stay around the world', 0, 0, 2, '{}', NULL, '2025-11-20 21:00:25', '2025-11-20 21:00:25', NULL, NULL, NULL, NULL),
(629, 96, 1, NULL, 'search_location', 'Location', 'Where are you going?', '', 0, 0, 3, '{}', NULL, '2025-11-20 21:00:25', '2025-11-20 21:00:25', NULL, NULL, NULL, NULL),
(630, 96, 17, NULL, 'check_in_date', 'Check-in Date', 'Select date', '', 0, 0, 4, '{}', NULL, '2025-11-20 21:00:25', '2025-11-20 21:00:25', NULL, NULL, NULL, NULL),
(631, 96, 17, NULL, 'check_out_date', 'Check-out Date', 'Select date', '', 0, 0, 5, '{}', NULL, '2025-11-20 21:00:25', '2025-11-20 21:00:25', NULL, NULL, NULL, NULL),
(632, 96, 8, NULL, 'guests_count', 'Number of Guests', 'How many guests?', '1', 0, 0, 6, '{\"max\": 20, \"min\": 1}', NULL, '2025-11-20 21:00:25', '2025-11-20 21:00:25', NULL, NULL, NULL, NULL),
(633, 96, 10, NULL, 'property_type', 'Property Type', 'Any type', '', 0, 0, 7, '{\"options\": [{\"label\": \"Any\", \"value\": \"any\"}, {\"label\": \"Entire Place\", \"value\": \"entire\"}, {\"label\": \"Private Room\", \"value\": \"private\"}, {\"label\": \"Shared Room\", \"value\": \"shared\"}]}', NULL, '2025-11-20 21:00:25', '2025-11-20 21:00:25', NULL, NULL, NULL, NULL),
(634, 96, 8, NULL, 'min_price', 'Min Price', 'Min $', '', 0, 0, 8, '{\"prefix\": \"$\", \"decimals\": 0}', NULL, '2025-11-20 21:00:25', '2025-11-20 21:00:25', NULL, NULL, NULL, NULL),
(635, 96, 8, NULL, 'max_price', 'Max Price', 'Max $', '', 0, 0, 9, '{\"prefix\": \"$\", \"decimals\": 0}', NULL, '2025-11-20 21:00:25', '2025-11-20 21:00:25', NULL, NULL, NULL, NULL),
(636, 96, 33, NULL, 'search_button', 'Search', '', 'Search Properties', 0, 0, 10, '{\"action\": \"search\", \"variant\": \"primary\"}', NULL, '2025-11-20 21:00:25', '2025-11-20 21:00:25', NULL, NULL, NULL, NULL),
(637, 96, 27, NULL, 'results_heading', 'Search Results', '', 'Available Properties', 0, 0, 11, '{\"level\": \"h3\"}', NULL, '2025-11-20 21:00:25', '2025-11-20 21:00:25', NULL, NULL, NULL, NULL),
(638, 96, 28, NULL, 'properties_list', 'Properties', '', 'Properties will appear here based on your search.', 0, 0, 12, '{\"type\": \"list\"}', NULL, '2025-11-20 21:00:25', '2025-11-20 21:00:25', NULL, NULL, NULL, NULL),
(657, 98, 27, NULL, 'host_name', 'Host Name', '', 'Sarah Johnson', 0, 0, 1, '{}', NULL, '2025-11-20 21:00:25', '2025-11-20 21:00:25', NULL, NULL, NULL, NULL),
(658, 98, 28, NULL, 'host_title', 'Title', '', 'Superhost', 0, 0, 2, '{}', NULL, '2025-11-20 21:00:25', '2025-11-20 21:00:25', NULL, NULL, NULL, NULL),
(659, 98, 28, NULL, 'host_location', 'Location', '', 'Los Angeles, CA', 0, 0, 3, '{}', NULL, '2025-11-20 21:00:25', '2025-11-20 21:00:25', NULL, NULL, NULL, NULL),
(660, 98, 28, NULL, 'member_since', 'Member Since', '', 'Member since 2018', 0, 0, 4, '{}', NULL, '2025-11-20 21:00:25', '2025-11-20 21:00:25', NULL, NULL, NULL, NULL),
(661, 98, 27, NULL, 'stats_heading', 'Host Stats', '', 'About This Host', 0, 0, 5, '{\"level\": \"h3\"}', NULL, '2025-11-20 21:00:25', '2025-11-20 21:00:25', NULL, NULL, NULL, NULL),
(662, 98, 28, NULL, 'total_reviews', 'Reviews', '', '247 Reviews', 0, 0, 6, '{}', NULL, '2025-11-20 21:00:25', '2025-11-20 21:00:25', NULL, NULL, NULL, NULL),
(663, 98, 28, NULL, 'rating_score', 'Rating', '', '4.9  Rating', 0, 0, 7, '{}', NULL, '2025-11-20 21:00:25', '2025-11-20 21:00:25', NULL, NULL, NULL, NULL),
(664, 98, 28, NULL, 'response_rate', 'Response Rate', '', '100% Response rate', 0, 0, 8, '{}', NULL, '2025-11-20 21:00:25', '2025-11-20 21:00:25', NULL, NULL, NULL, NULL),
(665, 98, 28, NULL, 'response_time', 'Response Time', '', 'Responds within an hour', 0, 0, 9, '{}', NULL, '2025-11-20 21:00:25', '2025-11-20 21:00:25', NULL, NULL, NULL, NULL),
(666, 98, 27, NULL, 'about_heading', 'About', '', 'About Sarah', 0, 0, 10, '{\"level\": \"h3\"}', NULL, '2025-11-20 21:00:25', '2025-11-20 21:00:25', NULL, NULL, NULL, NULL),
(667, 98, 28, NULL, 'host_bio', 'Bio', '', 'I love hosting guests and sharing the beauty of California\'s coastline. I\'m passionate about providing exceptional experiences and ensuring every stay is memorable.', 0, 0, 11, '{}', NULL, '2025-11-20 21:00:25', '2025-11-20 21:00:25', NULL, NULL, NULL, NULL),
(668, 98, 27, NULL, 'properties_heading', 'Other Properties', '', 'Sarah\'s Other Listings', 0, 0, 12, '{\"level\": \"h3\"}', NULL, '2025-11-20 21:00:25', '2025-11-20 21:00:25', NULL, NULL, NULL, NULL),
(669, 98, 28, NULL, 'other_properties', 'Properties', '', 'Other properties by this host will appear here.', 0, 0, 13, '{\"type\": \"list\"}', NULL, '2025-11-20 21:00:25', '2025-11-20 21:00:25', NULL, NULL, NULL, NULL),
(670, 98, 33, NULL, 'contact_button', 'Contact Host', '', 'Send Message', 0, 0, 14, '{\"variant\": \"primary\"}', NULL, '2025-11-20 21:00:25', '2025-11-20 21:00:25', NULL, NULL, NULL, NULL),
(671, 98, 33, NULL, 'report_button', 'Report', '', 'Report Host', 0, 0, 15, '{\"variant\": \"secondary\"}', NULL, '2025-11-20 21:00:25', '2025-11-20 21:00:25', NULL, NULL, NULL, NULL),
(672, 99, 27, NULL, 'reviews_title', 'Page Title', '', 'Guest Reviews', 0, 0, 1, '{}', NULL, '2025-11-20 21:00:25', '2025-11-20 21:00:25', NULL, NULL, NULL, NULL),
(673, 99, 28, NULL, 'overall_rating', 'Overall Rating', '', '4.9  (127 reviews)', 0, 0, 2, '{}', NULL, '2025-11-20 21:00:25', '2025-11-20 21:00:25', NULL, NULL, NULL, NULL),
(674, 99, 27, NULL, 'breakdown_heading', 'Rating Breakdown', '', 'Rating Categories', 0, 0, 3, '{\"level\": \"h3\"}', NULL, '2025-11-20 21:00:25', '2025-11-20 21:00:25', NULL, NULL, NULL, NULL),
(675, 99, 28, NULL, 'cleanliness_rating', 'Cleanliness', '', 'Cleanliness: 4.9 ', 0, 0, 4, '{}', NULL, '2025-11-20 21:00:25', '2025-11-20 21:00:25', NULL, NULL, NULL, NULL),
(676, 99, 28, NULL, 'accuracy_rating', 'Accuracy', '', 'Accuracy: 4.8 ', 0, 0, 5, '{}', NULL, '2025-11-20 21:00:25', '2025-11-20 21:00:25', NULL, NULL, NULL, NULL),
(677, 99, 28, NULL, 'communication_rating', 'Communication', '', 'Communication: 5.0 ', 0, 0, 6, '{}', NULL, '2025-11-20 21:00:25', '2025-11-20 21:00:25', NULL, NULL, NULL, NULL),
(678, 99, 28, NULL, 'location_rating', 'Location', '', 'Location: 4.9 ', 0, 0, 7, '{}', NULL, '2025-11-20 21:00:25', '2025-11-20 21:00:25', NULL, NULL, NULL, NULL),
(679, 99, 28, NULL, 'checkin_rating', 'Check-in', '', 'Check-in: 5.0 ', 0, 0, 8, '{}', NULL, '2025-11-20 21:00:25', '2025-11-20 21:00:25', NULL, NULL, NULL, NULL),
(680, 99, 28, NULL, 'value_rating', 'Value', '', 'Value: 4.7 ', 0, 0, 9, '{}', NULL, '2025-11-20 21:00:25', '2025-11-20 21:00:25', NULL, NULL, NULL, NULL),
(681, 99, 27, NULL, 'reviews_list_heading', 'Guest Reviews', '', 'What Guests Are Saying', 0, 0, 10, '{\"level\": \"h3\"}', NULL, '2025-11-20 21:00:25', '2025-11-20 21:00:25', NULL, NULL, NULL, NULL),
(682, 99, 28, NULL, 'reviews_list', 'Reviews', '', 'Guest reviews will appear here.', 0, 0, 11, '{\"type\": \"list\"}', NULL, '2025-11-20 21:00:25', '2025-11-20 21:00:25', NULL, NULL, NULL, NULL),
(683, 99, 27, NULL, 'write_review_heading', 'Write a Review', '', 'Share Your Experience', 0, 0, 12, '{\"level\": \"h3\"}', NULL, '2025-11-20 21:00:25', '2025-11-20 21:00:25', NULL, NULL, NULL, NULL),
(684, 99, 8, NULL, 'review_rating', 'Your Rating', 'Rate 1-5 stars', '', 0, 0, 13, '{\"max\": 5, \"min\": 1}', NULL, '2025-11-20 21:00:25', '2025-11-20 21:00:25', NULL, NULL, NULL, NULL),
(685, 99, 2, NULL, 'review_comment', 'Your Review', 'Share your experience...', '', 0, 0, 14, '{}', NULL, '2025-11-20 21:00:25', '2025-11-20 21:00:25', NULL, NULL, NULL, NULL),
(686, 99, 33, NULL, 'submit_review_button', 'Submit Review', '', 'Submit Review', 0, 0, 15, '{\"action\": \"submit\", \"variant\": \"primary\"}', NULL, '2025-11-20 21:00:25', '2025-11-20 21:00:25', NULL, NULL, NULL, NULL),
(687, 100, 27, NULL, 'search_title', 'Page Title', '', 'Find Your Perfect Stay', 0, 0, 1, '{}', NULL, '2025-11-20 21:00:25', '2025-11-20 21:00:25', NULL, NULL, NULL, NULL),
(688, 100, 28, NULL, 'search_subtitle', 'Subtitle', '', 'Use filters to narrow down your search', 0, 0, 2, '{}', NULL, '2025-11-20 21:00:25', '2025-11-20 21:00:25', NULL, NULL, NULL, NULL),
(689, 100, 27, NULL, 'location_heading', 'Location', '', 'Where', 0, 0, 3, '{\"level\": \"h3\"}', NULL, '2025-11-20 21:00:25', '2025-11-20 21:00:25', NULL, NULL, NULL, NULL),
(690, 100, 1, NULL, 'destination', 'Destination', 'City, region, or country', '', 0, 0, 4, '{}', NULL, '2025-11-20 21:00:25', '2025-11-20 21:00:25', NULL, NULL, NULL, NULL),
(691, 100, 27, NULL, 'dates_heading', 'Dates', '', 'When', 0, 0, 5, '{\"level\": \"h3\"}', NULL, '2025-11-20 21:00:25', '2025-11-20 21:00:25', NULL, NULL, NULL, NULL),
(692, 100, 17, NULL, 'filter_check_in', 'Check-in', 'Select date', '', 0, 0, 6, '{}', NULL, '2025-11-20 21:00:25', '2025-11-20 21:00:25', NULL, NULL, NULL, NULL),
(693, 100, 17, NULL, 'filter_check_out', 'Check-out', 'Select date', '', 0, 0, 7, '{}', NULL, '2025-11-20 21:00:25', '2025-11-20 21:00:25', NULL, NULL, NULL, NULL),
(694, 100, 27, NULL, 'guests_heading', 'Guests', '', 'Who', 0, 0, 8, '{\"level\": \"h3\"}', NULL, '2025-11-20 21:00:25', '2025-11-20 21:00:25', NULL, NULL, NULL, NULL),
(695, 100, 8, NULL, 'adults_count', 'Adults', 'Number of adults', '1', 0, 0, 9, '{\"max\": 16, \"min\": 1}', NULL, '2025-11-20 21:00:25', '2025-11-20 21:00:25', NULL, NULL, NULL, NULL),
(696, 100, 8, NULL, 'children_count', 'Children', 'Number of children', '0', 0, 0, 10, '{\"max\": 10, \"min\": 0}', NULL, '2025-11-20 21:00:25', '2025-11-20 21:00:25', NULL, NULL, NULL, NULL),
(697, 100, 8, NULL, 'infants_count', 'Infants', 'Number of infants', '0', 0, 0, 11, '{\"max\": 5, \"min\": 0}', NULL, '2025-11-20 21:00:25', '2025-11-20 21:00:25', NULL, NULL, NULL, NULL),
(698, 100, 27, NULL, 'type_heading', 'Property Type', '', 'Type of Place', 0, 0, 12, '{\"level\": \"h3\"}', NULL, '2025-11-20 21:00:25', '2025-11-20 21:00:25', NULL, NULL, NULL, NULL),
(699, 100, 10, NULL, 'place_type', 'Type', 'Select type', '', 0, 0, 13, '{\"options\": [{\"label\": \"Entire Place\", \"value\": \"entire\"}, {\"label\": \"Private Room\", \"value\": \"private\"}, {\"label\": \"Shared Room\", \"value\": \"shared\"}, {\"label\": \"Hotel\", \"value\": \"hotel\"}]}', NULL, '2025-11-20 21:00:25', '2025-11-20 21:00:25', NULL, NULL, NULL, NULL),
(700, 100, 27, NULL, 'price_heading', 'Price Range', '', 'Price Per Night', 0, 0, 14, '{\"level\": \"h3\"}', NULL, '2025-11-20 21:00:25', '2025-11-20 21:00:25', NULL, NULL, NULL, NULL),
(701, 100, 8, NULL, 'filter_min_price', 'Minimum', 'Min $', '0', 0, 0, 15, '{\"prefix\": \"$\", \"decimals\": 0}', NULL, '2025-11-20 21:00:25', '2025-11-20 21:00:25', NULL, NULL, NULL, NULL),
(702, 100, 8, NULL, 'filter_max_price', 'Maximum', 'Max $', '1000', 0, 0, 16, '{\"prefix\": \"$\", \"decimals\": 0}', NULL, '2025-11-20 21:00:25', '2025-11-20 21:00:25', NULL, NULL, NULL, NULL),
(703, 100, 27, NULL, 'rooms_heading', 'Rooms & Beds', '', 'Rooms', 0, 0, 17, '{\"level\": \"h3\"}', NULL, '2025-11-20 21:00:25', '2025-11-20 21:00:25', NULL, NULL, NULL, NULL),
(704, 100, 8, NULL, 'bedrooms_count', 'Bedrooms', 'Any', '0', 0, 0, 18, '{\"max\": 10, \"min\": 0}', NULL, '2025-11-20 21:00:25', '2025-11-20 21:00:25', NULL, NULL, NULL, NULL),
(705, 100, 8, NULL, 'beds_count', 'Beds', 'Any', '0', 0, 0, 19, '{\"max\": 20, \"min\": 0}', NULL, '2025-11-20 21:00:25', '2025-11-20 21:00:25', NULL, NULL, NULL, NULL),
(706, 100, 8, NULL, 'bathrooms_count', 'Bathrooms', 'Any', '0', 0, 0, 20, '{\"max\": 10, \"min\": 0}', NULL, '2025-11-20 21:00:25', '2025-11-20 21:00:25', NULL, NULL, NULL, NULL),
(707, 100, 27, NULL, 'amenities_filter_heading', 'Amenities', '', 'Popular Amenities', 0, 0, 21, '{\"level\": \"h3\"}', NULL, '2025-11-20 21:00:25', '2025-11-20 21:00:25', NULL, NULL, NULL, NULL),
(708, 100, 11, NULL, 'wifi_filter', 'WiFi', '', '0', 0, 0, 22, '{}', NULL, '2025-11-20 21:00:25', '2025-11-20 21:00:25', NULL, NULL, NULL, NULL),
(709, 100, 11, NULL, 'kitchen_filter', 'Kitchen', '', '0', 0, 0, 23, '{}', NULL, '2025-11-20 21:00:25', '2025-11-20 21:00:25', NULL, NULL, NULL, NULL),
(710, 100, 11, NULL, 'parking_filter', 'Free Parking', '', '0', 0, 0, 24, '{}', NULL, '2025-11-20 21:00:25', '2025-11-20 21:00:25', NULL, NULL, NULL, NULL),
(711, 100, 11, NULL, 'pool_filter', 'Pool', '', '0', 0, 0, 25, '{}', NULL, '2025-11-20 21:00:25', '2025-11-20 21:00:25', NULL, NULL, NULL, NULL),
(712, 100, 11, NULL, 'ac_filter', 'Air Conditioning', '', '0', 0, 0, 26, '{}', NULL, '2025-11-20 21:00:25', '2025-11-20 21:00:25', NULL, NULL, NULL, NULL),
(713, 100, 33, NULL, 'apply_filters_button', 'Apply Filters', '', 'Show Results', 0, 0, 27, '{\"action\": \"search\", \"variant\": \"primary\"}', NULL, '2025-11-20 21:00:25', '2025-11-20 21:00:25', NULL, NULL, NULL, NULL),
(714, 100, 33, NULL, 'clear_filters_button', 'Clear All', '', 'Clear Filters', 0, 0, 28, '{\"variant\": \"secondary\"}', NULL, '2025-11-20 21:00:25', '2025-11-20 21:00:25', NULL, NULL, NULL, NULL),
(715, 113, 108, NULL, 'booking_form', 'Booking Form', '', '', 0, 0, 1, '\"{\\\"max_nights\\\":365,\\\"min_nights\\\":1,\\\"require_phone\\\":false,\\\"listing_id_source\\\":\\\"route_param\\\",\\\"success_navigation\\\":\\\"MyBookings\\\",\\\"show_price_breakdown\\\":true,\\\"enable_special_requests\\\":true}\"', '\"{}\"', '2025-11-20 21:00:25', '2025-12-04 19:36:10', NULL, NULL, NULL, NULL),
(716, 115, 110, NULL, 'booking_detail', 'Booking Detail', NULL, NULL, 0, 0, 1, '{\"sections\": [\"property\", \"trip\", \"guest\", \"host\", \"price\", \"timeline\"], \"enable_cancel\": true, \"show_timeline\": true, \"booking_id_source\": \"route_param\", \"enable_contact_host\": true}', NULL, '2025-11-20 21:00:25', '2025-11-20 21:00:25', NULL, NULL, NULL, NULL),
(717, 117, 112, NULL, 'chat_interface', 'Chat Interface', NULL, NULL, 0, 0, 1, '{\"show_timestamps\": true, \"enable_attachments\": false, \"max_message_length\": 1000, \"message_bubble_style\": \"ios\", \"show_date_separators\": true, \"auto_refresh_interval\": 5000, \"conversation_id_source\": \"route_param\"}', NULL, '2025-11-20 21:00:25', '2025-11-20 21:00:25', NULL, NULL, NULL, NULL),
(754, 109, 3, NULL, 'rich_text_editor', 'About Us', '', '', 0, 0, 6, '\"{}\"', '\"{}\"', '2025-11-20 21:19:12', '2025-11-20 21:19:12', NULL, NULL, NULL, NULL),
(755, 108, 28, NULL, 'contact_description', 'We would love to hear from you. Please fill out the form below.', '', '', 0, 0, 1, '\"{}\"', '\"{}\"', '2025-11-20 21:19:12', '2025-11-25 15:34:26', NULL, NULL, NULL, NULL),
(756, 108, 27, NULL, 'contact_heading', 'Contact Us', '', '', 0, 0, 0, '\"{}\"', '\"{}\"', '2025-11-20 21:19:12', '2025-11-25 15:34:26', NULL, NULL, NULL, NULL),
(757, 108, 4, NULL, 'email', 'Email Address', 'your.email@example.com', '', 1, 0, 3, '\"{}\"', '\"{}\"', '2025-11-20 21:19:12', '2025-11-25 15:34:26', NULL, NULL, NULL, NULL),
(758, 108, 1, NULL, 'full_name', 'Full Name', 'Enter your full name', '', 1, 0, 2, '\"{}\"', '\"{}\"', '2025-11-20 21:19:12', '2025-11-25 15:34:26', NULL, NULL, NULL, NULL),
(759, 108, 2, NULL, 'message', 'Message', 'Type your message here...', '', 1, 0, 5, '\"{}\"', '\"{}\"', '2025-11-20 21:19:12', '2025-11-25 15:34:26', NULL, NULL, NULL, NULL),
(760, 108, 5, NULL, 'phone', 'Phone Number', '(555) 123-4567', '', 0, 0, 4, '\"{}\"', '\"{}\"', '2025-11-20 21:19:12', '2025-11-25 15:34:26', NULL, NULL, NULL, NULL),
(761, 108, 33, NULL, 'submit_button', 'Send Message', '', '', 0, 0, 6, '\"{\\\"actionType\\\":\\\"submit\\\",\\\"submitType\\\":\\\"save\\\"}\"', '\"{}\"', '2025-11-20 21:19:12', '2025-11-25 15:34:26', NULL, NULL, NULL, NULL),
(762, 106, 2, NULL, 'bio', 'Bio', 'Tell us about yourself...', '', 0, 0, 6, '\"{}\"', '\"{}\"', '2025-11-20 21:19:12', '2025-11-20 21:19:12', NULL, NULL, NULL, NULL),
(763, 106, 34, NULL, 'change_password_link', 'Change Password', '', '', 0, 0, 10, '\"{}\"', '\"{}\"', '2025-11-20 21:19:12', '2025-11-20 21:19:12', NULL, NULL, NULL, NULL),
(764, 106, 17, NULL, 'date_of_birth', 'Date of Birth', 'Select your date of birth', '', 0, 0, 7, '\"{\\\"mode\\\":\\\"date\\\",\\\"maxDate\\\":\\\"today\\\",\\\"placeholder\\\":\\\"Select your date of birth\\\"}\"', '\"{}\"', '2025-11-20 21:19:12', '2025-11-20 21:19:12', NULL, NULL, NULL, NULL),
(765, 106, 4, NULL, 'email', 'Email Address', 'your.email@example.com', '', 1, 0, 4, '\"{\\\"autoCorrect\\\":false,\\\"keyboardType\\\":\\\"email-address\\\",\\\"autoCapitalize\\\":\\\"none\\\"}\"', '\"{}\"', '2025-11-20 21:19:12', '2025-11-20 21:19:12', NULL, NULL, NULL, NULL),
(766, 106, 1, NULL, 'first_name', 'First Name', 'Enter your first name', '', 1, 0, 2, '\"{}\"', '\"{}\"', '2025-11-20 21:19:12', '2025-11-20 21:19:12', NULL, NULL, NULL, NULL),
(767, 106, 10, NULL, 'gender', 'Gender', 'Select your gender', '', 0, 0, 8, '\"{\\\"options\\\":[{\\\"label\\\":\\\"Male\\\",\\\"value\\\":\\\"male\\\"},{\\\"label\\\":\\\"Female\\\",\\\"value\\\":\\\"female\\\"},{\\\"label\\\":\\\"Prefer not to say\\\",\\\"value\\\":\\\"prefer_not_to_say\\\"}]}\"', '\"{}\"', '2025-11-20 21:19:12', '2025-11-20 21:19:12', NULL, NULL, NULL, NULL),
(768, 106, 1, NULL, 'last_name', 'Last Name', 'Enter your last name', '', 1, 0, 3, '\"{}\"', '\"{}\"', '2025-11-20 21:19:12', '2025-11-20 21:19:12', NULL, NULL, NULL, NULL),
(769, 106, 5, NULL, 'phone', 'Phone Number', '+1 (555) 123-4567', '', 0, 0, 5, '\"{\\\"format\\\":\\\"US\\\",\\\"autoFormat\\\":true,\\\"placeholder\\\":\\\"+1 (555) 123-4567\\\",\\\"keyboardType\\\":\\\"phone-pad\\\"}\"', '\"{}\"', '2025-11-20 21:19:12', '2025-11-20 21:19:12', NULL, NULL, NULL, NULL),
(770, 106, 22, NULL, 'profile_photo', 'Profile Photo', 'Upload profile photo', '', 0, 0, 1, '\"{\\\"maxSize\\\":5,\\\"uploadText\\\":\\\"Upload profile photo\\\",\\\"previewSize\\\":150,\\\"showPreview\\\":true,\\\"acceptedFormats\\\":[\\\"image/jpeg\\\",\\\"image/png\\\",\\\"image/jpg\\\"]}\"', '\"{}\"', '2025-11-20 21:19:12', '2025-11-20 21:19:12', NULL, NULL, NULL, NULL),
(777, 104, 28, NULL, 'resend_link', 'Did not receive code? Resend', '', '', 0, 0, 4, '\"{}\"', '\"{}\"', '2025-11-20 21:19:12', '2025-11-20 21:19:12', NULL, NULL, NULL, NULL),
(778, 104, 43, NULL, 'tags_input', 'Tags Input', '', '', 0, 0, 5, '\"{}\"', '\"{}\"', '2025-11-20 21:19:12', '2025-11-20 21:19:12', NULL, NULL, NULL, NULL),
(779, 104, 1, NULL, 'verification_code', 'Verification Code', 'Enter 6-digit code', '', 1, 0, 2, '\"{}\"', '\"{}\"', '2025-11-20 21:19:12', '2025-11-20 21:19:12', NULL, NULL, NULL, NULL),
(780, 104, 33, NULL, 'verify_button', 'Verify Email', '', '', 0, 0, 3, '\"{}\"', '\"{}\"', '2025-11-20 21:19:12', '2025-11-20 21:19:12', NULL, NULL, NULL, NULL),
(781, 104, 28, NULL, 'verify_description', 'We sent a verification code to your email address. Please enter it below.', '', '', 0, 0, 1, '\"{}\"', '\"{}\"', '2025-11-20 21:19:12', '2025-11-20 21:19:12', NULL, NULL, NULL, NULL),
(782, 104, 27, NULL, 'verify_heading', 'Verify Your Email', '', '', 0, 0, 0, '\"{}\"', '\"{}\"', '2025-11-20 21:19:12', '2025-11-20 21:19:12', NULL, NULL, NULL, NULL),
(784, 103, 4, NULL, 'email', 'Email Address', 'your.email@example.com', NULL, 1, 0, 2, NULL, NULL, '2025-11-20 21:19:12', '2025-11-20 21:19:12', NULL, NULL, NULL, NULL),
(785, 103, 28, NULL, 'forgot_description', 'Enter your email address and we will send you a link to reset your password.', NULL, NULL, 0, 0, 1, NULL, NULL, '2025-11-20 21:19:12', '2025-11-20 21:19:12', NULL, NULL, NULL, NULL),
(786, 103, 27, NULL, 'forgot_heading', 'Forgot Password?', NULL, NULL, 0, 0, 0, NULL, NULL, '2025-11-20 21:19:12', '2025-11-20 21:19:12', NULL, NULL, NULL, NULL),
(787, 103, 28, NULL, 'login_link', 'Remember your password? Login', NULL, NULL, 0, 0, 4, NULL, NULL, '2025-11-20 21:19:12', '2025-11-20 21:19:12', NULL, NULL, NULL, NULL),
(788, 103, 33, NULL, 'send_button', 'Send Reset Link', NULL, NULL, 0, 0, 3, NULL, NULL, '2025-11-20 21:19:12', '2025-11-20 21:19:12', NULL, NULL, NULL, NULL),
(798, 110, 28, NULL, 'last_updated', 'Last updated: November 2025', '', '', 0, 0, 2, '\"{}\"', '\"{}\"', '2025-11-20 21:19:12', '2025-11-20 21:19:12', NULL, NULL, NULL, NULL),
(799, 110, 27, NULL, 'privacy_heading', 'Privacy Policy', '', '', 0, 0, 1, '\"{}\"', '\"{}\"', '2025-11-20 21:19:12', '2025-11-20 21:19:12', NULL, NULL, NULL, NULL),
(800, 110, 27, NULL, 'section1_heading', 'Information We Collect', '', '', 0, 0, 3, '\"{}\"', '\"{}\"', '2025-11-20 21:19:12', '2025-11-20 21:19:12', NULL, NULL, NULL, NULL),
(801, 110, 28, NULL, 'section1_text', 'We collect information you provide directly to us, including name, email, and usage data.', '', '', 0, 0, 4, '\"{}\"', '\"{}\"', '2025-11-20 21:19:12', '2025-11-20 21:19:12', NULL, NULL, NULL, NULL),
(802, 110, 27, NULL, 'section2_heading', 'How We Use Your Information', '', '', 0, 0, 5, '\"{}\"', '\"{}\"', '2025-11-20 21:19:12', '2025-11-20 21:19:12', NULL, NULL, NULL, NULL),
(803, 110, 28, NULL, 'section2_text', 'We use your information to provide, maintain, and improve our services.', '', '', 0, 0, 6, '\"{}\"', '\"{}\"', '2025-11-20 21:19:12', '2025-11-20 21:19:12', NULL, NULL, NULL, NULL),
(804, 110, 27, NULL, 'section3_heading', 'Data Security', '', '', 0, 0, 7, '\"{}\"', '\"{}\"', '2025-11-20 21:19:12', '2025-11-20 21:19:12', NULL, NULL, NULL, NULL),
(805, 110, 28, NULL, 'section3_text', 'We implement appropriate security measures to protect your personal information.', '', '', 0, 0, 8, '\"{}\"', '\"{}\"', '2025-11-20 21:19:12', '2025-11-20 21:19:12', NULL, NULL, NULL, NULL),
(813, 102, 1, NULL, 'confirm_password', 'Confirm Password', 'Re-enter your password', NULL, 1, 0, 7, NULL, NULL, '2025-11-20 21:19:12', '2025-11-20 21:19:12', NULL, NULL, NULL, NULL),
(814, 102, 4, NULL, 'email', 'Email Address', 'your.email@example.com', NULL, 1, 0, 4, NULL, NULL, '2025-11-20 21:19:12', '2025-11-20 21:19:12', NULL, NULL, NULL, NULL),
(815, 102, 1, NULL, 'first_name', 'First Name', 'Enter your first name', NULL, 1, 0, 2, NULL, NULL, '2025-11-20 21:19:12', '2025-11-20 21:19:12', NULL, NULL, NULL, NULL),
(816, 102, 1, NULL, 'last_name', 'Last Name', 'Enter your last name', NULL, 1, 0, 3, NULL, NULL, '2025-11-20 21:19:12', '2025-11-20 21:19:12', NULL, NULL, NULL, NULL),
(817, 102, 34, NULL, 'login_link', 'Already have an account? Login', NULL, NULL, 0, 0, 9, '{\"screenId\": 18, \"actionType\": \"screen\"}', NULL, '2025-11-20 21:19:12', '2025-11-30 05:11:42', NULL, NULL, NULL, NULL),
(818, 102, 1, NULL, 'password', 'Password', 'Create a strong password', NULL, 1, 0, 6, NULL, NULL, '2025-11-20 21:19:12', '2025-11-20 21:19:12', NULL, NULL, NULL, NULL),
(819, 102, 5, NULL, 'phone', 'Phone Number', '(555) 123-4567', NULL, 0, 0, 5, NULL, NULL, '2025-11-20 21:19:12', '2025-11-20 21:19:12', NULL, NULL, NULL, NULL),
(820, 102, 33, NULL, 'signup_button', 'Sign Up', NULL, NULL, 0, 0, 8, '{\"actionType\": \"submit\", \"submitType\": \"register\"}', NULL, '2025-11-20 21:19:12', '2025-11-25 15:32:15', NULL, NULL, NULL, NULL),
(821, 102, 28, NULL, 'signup_description', 'Join us today and get started!', NULL, NULL, 0, 0, 1, NULL, NULL, '2025-11-20 21:19:12', '2025-11-20 21:19:12', NULL, NULL, NULL, NULL);
INSERT INTO `screen_element_instances` (`id`, `screen_id`, `element_id`, `form_id`, `field_key`, `label`, `placeholder`, `default_value`, `is_required`, `is_readonly`, `display_order`, `config`, `validation_rules`, `created_at`, `updated_at`, `primitive_type`, `data_bindings`, `children`, `conditions`) VALUES
(822, 102, 27, NULL, 'signup_heading', 'Create Account', NULL, NULL, 0, 0, 0, NULL, NULL, '2025-11-20 21:19:12', '2025-11-20 21:19:12', NULL, NULL, NULL, NULL),
(828, 101, 47, NULL, 'app_logo', 'App Logo', NULL, NULL, 0, 0, 0, '{\"width\": \"200px\", \"height\": \"200px\", \"altText\": \"App Logo\", \"imageUrl\": \"https://placehold.co/200x200?text=Logo\", \"alignment\": \"center\"}', NULL, '2025-11-20 21:19:12', '2025-11-20 21:19:12', NULL, NULL, NULL, NULL),
(829, 101, 27, NULL, 'app_name', 'App Name', NULL, NULL, 0, 0, 1, NULL, NULL, '2025-11-20 21:19:12', '2025-11-20 21:19:12', NULL, NULL, NULL, NULL),
(830, 101, 28, NULL, 'app_version', 'Version 1.0', NULL, NULL, 0, 0, 2, NULL, NULL, '2025-11-20 21:19:12', '2025-11-20 21:19:12', NULL, NULL, NULL, NULL),
(831, 101, 28, NULL, 'loading_text', 'Loading...', NULL, NULL, 0, 0, 3, NULL, NULL, '2025-11-20 21:19:12', '2025-11-20 21:19:12', NULL, NULL, NULL, NULL),
(835, 111, 28, NULL, 'last_updated', 'Last updated: November 2025', '', '', 0, 0, 1, '\"{}\"', '\"{}\"', '2025-11-20 21:19:12', '2025-11-20 21:19:12', NULL, NULL, NULL, NULL),
(836, 111, 27, NULL, 'section1_heading', 'Acceptance of Terms', '', '', 0, 0, 2, '\"{}\"', '\"{}\"', '2025-11-20 21:19:12', '2025-11-20 21:19:12', NULL, NULL, NULL, NULL),
(837, 111, 28, NULL, 'section1_text', 'By accessing our service, you agree to be bound by these terms.', '', '', 0, 0, 3, '\"{}\"', '\"{}\"', '2025-11-20 21:19:12', '2025-11-20 21:19:12', NULL, NULL, NULL, NULL),
(838, 111, 27, NULL, 'section2_heading', 'User Responsibilities', '', '', 0, 0, 4, '\"{}\"', '\"{}\"', '2025-11-20 21:19:12', '2025-11-20 21:19:12', NULL, NULL, NULL, NULL),
(839, 111, 28, NULL, 'section2_text', 'You are responsible for maintaining the confidentiality of your account.', '', '', 0, 0, 5, '\"{}\"', '\"{}\"', '2025-11-20 21:19:12', '2025-11-20 21:19:12', NULL, NULL, NULL, NULL),
(840, 111, 27, NULL, 'section3_heading', 'Termination', '', '', 0, 0, 6, '\"{}\"', '\"{}\"', '2025-11-20 21:19:12', '2025-11-20 21:19:12', NULL, NULL, NULL, NULL),
(841, 111, 28, NULL, 'section3_text', 'We may terminate or suspend access to our service immediately, without prior notice.', '', '', 0, 0, 7, '\"{}\"', '\"{}\"', '2025-11-20 21:19:12', '2025-11-20 21:19:12', NULL, NULL, NULL, NULL),
(842, 111, 27, NULL, 'terms_heading', 'Terms and Conditions', '', '', 0, 0, 0, '\"{}\"', '\"{}\"', '2025-11-20 21:19:12', '2025-11-20 21:19:12', NULL, NULL, NULL, NULL),
(850, 105, 28, NULL, 'bio', 'Bio', 'Tell us about yourself...', '', 0, 0, 7, '{\"color\": \"#666666\", \"fontSize\": 16, \"textAlign\": \"left\", \"fontWeight\": \"normal\"}', '\"{}\"', '2025-11-20 21:19:12', '2025-11-20 21:19:12', NULL, NULL, NULL, NULL),
(851, 105, 28, NULL, 'email', 'Email', 'your.email@example.com', '', 1, 0, 5, '{\"color\": \"#000000\", \"fontSize\": 16, \"textAlign\": \"left\", \"fontWeight\": \"normal\"}', '\"{}\"', '2025-11-20 21:19:12', '2025-11-20 21:19:12', NULL, NULL, NULL, NULL),
(852, 105, 28, NULL, 'first_name', 'First Name', 'Enter your first name', '', 1, 0, 3, '{\"color\": \"#000000\", \"fontSize\": 16, \"textAlign\": \"left\", \"fontWeight\": \"normal\"}', '\"{}\"', '2025-11-20 21:19:12', '2025-11-20 21:19:12', NULL, NULL, NULL, NULL),
(853, 105, 28, NULL, 'last_name', 'Last Name', 'Enter your last name', '', 1, 0, 4, '{\"color\": \"#000000\", \"fontSize\": 16, \"textAlign\": \"left\", \"fontWeight\": \"normal\"}', '\"{}\"', '2025-11-20 21:19:12', '2025-11-20 21:19:12', NULL, NULL, NULL, NULL),
(854, 105, 28, NULL, 'phone', 'Phone', '(555) 123-4567', '', 0, 0, 6, '{\"color\": \"#000000\", \"fontSize\": 16, \"textAlign\": \"left\", \"fontWeight\": \"normal\"}', '\"{}\"', '2025-11-20 21:19:12', '2025-11-20 21:19:12', NULL, NULL, NULL, NULL),
(855, 105, 28, NULL, 'profile_description', 'Profile information', '', '', 0, 0, 2, '\"{}\"', '\"{}\"', '2025-11-20 21:19:12', '2025-11-20 21:19:12', NULL, NULL, NULL, NULL),
(856, 105, 27, NULL, 'profile_heading', 'My Profile', '', '', 0, 0, 1, '\"{}\"', '\"{}\"', '2025-11-20 21:19:12', '2025-11-20 21:19:12', NULL, NULL, NULL, NULL),
(857, 105, 47, NULL, 'profile_photo', 'Profile Photo', '', '', 0, 0, 0, NULL, NULL, '2025-11-20 21:19:12', '2025-11-20 21:19:12', NULL, NULL, NULL, NULL),
(865, 127, 114, 1, 'property_form', 'Property Details', '', '', 0, 0, 1, '{\"mode\": \"create\"}', '\"{}\"', '2025-11-20 22:39:54', '2025-11-27 23:28:59', NULL, NULL, NULL, NULL),
(870, 128, 115, NULL, 'logout_button', 'Logout', '', '', 0, 0, 1, '\"{\\\"redirectScreenId\\\":18}\"', '\"{}\"', '2025-11-24 20:49:39', '2025-11-24 21:10:40', NULL, NULL, NULL, NULL),
(871, 129, 116, NULL, 'property_list', 'My Properties', NULL, NULL, 0, 0, 1, '{\"ownerOnly\": true, \"showFilters\": true}', NULL, '2025-11-26 22:31:01', '2025-11-26 22:31:01', NULL, NULL, NULL, NULL),
(872, 130, 114, 1, 'property_form', 'Edit Property', NULL, NULL, 0, 0, 1, '{\"mode\": \"edit\"}', NULL, '2025-11-26 22:31:01', '2025-11-27 23:28:43', NULL, NULL, NULL, NULL),
(873, 131, 119, NULL, 'dashboard_stats', 'Dashboard', NULL, NULL, 0, 0, 1, '{\"showBookings\": true, \"showEarnings\": true, \"showListings\": true}', NULL, '2025-11-26 22:31:01', '2025-11-26 22:31:01', NULL, NULL, NULL, NULL),
(874, 132, 109, NULL, 'booking_list', 'Booking Requests', NULL, NULL, 0, 0, 1, '{\"viewType\": \"host\", \"showPending\": true}', NULL, '2025-11-26 22:31:01', '2025-11-26 22:31:01', NULL, NULL, NULL, NULL),
(875, 133, 117, NULL, 'earnings_summary', 'Earnings', NULL, NULL, 0, 0, 1, '{\"showChart\": true, \"showPayouts\": true}', NULL, '2025-11-26 22:31:01', '2025-11-26 22:31:01', NULL, NULL, NULL, NULL),
(876, 134, 120, NULL, 'availability_calendar', 'Set Availability', NULL, NULL, 0, 0, 1, '{\"showLegend\": true, \"allowMultiSelect\": true}', NULL, '2025-11-26 22:31:01', '2025-11-26 22:31:01', NULL, NULL, NULL, NULL),
(877, 135, 118, NULL, 'favorites_list', 'Saved Properties', NULL, NULL, 0, 0, 1, '{\"showRemoveButton\": true}', NULL, '2025-11-26 22:31:01', '2025-11-26 22:31:01', NULL, NULL, NULL, NULL),
(878, 136, 122, NULL, 'pricing_rules', 'Pricing Rules', NULL, NULL, 0, 0, 1, '{}', NULL, '2025-11-28 14:58:51', '2025-11-28 14:58:51', NULL, NULL, NULL, NULL),
(879, 97, 123, NULL, 'property_detail', 'Property Detail', NULL, NULL, 0, 0, 1, '{\"showReviews\": true, \"showAmenities\": true, \"showBookButton\": true, \"showContactHost\": true}', NULL, '2025-11-28 15:14:33', '2025-11-28 15:14:33', NULL, NULL, NULL, NULL),
(880, 137, 27, NULL, 'title', 'About AirPnP', NULL, NULL, 0, 0, 1, '{\"text\": \"About AirPnP\", \"level\": \"h1\"}', NULL, '2025-11-28 16:15:57', '2025-11-28 16:15:57', 'Heading', NULL, NULL, NULL),
(881, 137, 28, NULL, 'description', 'Description', NULL, NULL, 0, 0, 2, '{\"text\": \"AirPnP is your trusted platform for finding and booking unique accommodations.\", \"fontSize\": 16}', NULL, '2025-11-28 16:15:57', '2025-11-28 16:15:57', 'Text', NULL, NULL, NULL),
(882, 137, 31, NULL, 'divider1', '', NULL, NULL, 0, 0, 3, '{\"marginVertical\": 16}', NULL, '2025-11-28 16:15:57', '2025-11-28 16:15:57', 'Divider', NULL, NULL, NULL),
(883, 137, 27, NULL, 'features_title', 'Features', NULL, NULL, 0, 0, 4, '{\"text\": \"Features\", \"level\": \"h3\"}', NULL, '2025-11-28 16:15:57', '2025-11-28 16:15:57', 'Heading', NULL, NULL, NULL),
(884, 137, 28, NULL, 'features', 'Features', NULL, NULL, 0, 0, 5, '{\"text\": \"Search properties, book instantly, message hosts!\", \"fontSize\": 15}', NULL, '2025-11-28 16:15:57', '2025-11-28 16:15:57', 'Text', NULL, NULL, NULL),
(885, 137, 33, NULL, 'search_btn', 'Start Searching', NULL, NULL, 0, 0, 6, '{\"label\": \"Start Searching\", \"action\": \"navigate\", \"target\": \"112\", \"variant\": \"primary\", \"screenName\": \"Search Properties\"}', NULL, '2025-11-28 16:15:57', '2025-11-30 05:34:12', 'Button', NULL, NULL, NULL),
(886, 18, 34, NULL, 'signup_link', 'Don\'t have an account? Sign Up', NULL, NULL, 0, 0, 6, '{\"screenId\": 102, \"actionType\": \"screen\"}', NULL, '2025-11-30 03:37:26', '2025-11-30 03:37:26', NULL, NULL, NULL, NULL),
(887, 17, 33, NULL, 'button', 'Button', '', '', 0, 0, 12, '\"{\\\"actionType\\\":\\\"screen\\\"}\"', '\"{}\"', '2025-12-01 18:36:24', '2025-12-01 18:36:24', NULL, NULL, NULL, NULL),
(888, 139, 27, NULL, 'contact_heading', 'Customer Servcie', '', '', 0, 0, 0, '\"{}\"', '\"{}\"', '2025-12-02 19:50:55', '2025-12-02 19:51:50', NULL, NULL, NULL, NULL),
(889, 139, 28, NULL, 'contact_description', 'We would love to hear from you. Please fill out the form below.', '', '', 0, 0, 1, '\"{}\"', '\"{}\"', '2025-12-02 19:50:55', '2025-12-02 19:51:50', NULL, NULL, NULL, NULL),
(890, 139, 1, NULL, 'full_name', 'Full Name', 'Enter your full name', '', 1, 0, 2, '\"{}\"', '\"{}\"', '2025-12-02 19:50:55', '2025-12-02 19:51:50', NULL, NULL, NULL, NULL),
(891, 139, 4, NULL, 'email', 'Email Address', 'your.email@example.com', '', 1, 0, 3, '\"{}\"', '\"{}\"', '2025-12-02 19:50:55', '2025-12-02 19:51:50', NULL, NULL, NULL, NULL),
(892, 139, 5, NULL, 'phone', 'Phone Number', '(555) 123-4567', '', 0, 0, 4, '\"{}\"', '\"{}\"', '2025-12-02 19:50:55', '2025-12-02 19:51:50', NULL, NULL, NULL, NULL),
(893, 139, 2, NULL, 'message', 'Message', 'Type your message here...', '', 1, 0, 5, '\"{}\"', '\"{}\"', '2025-12-02 19:50:55', '2025-12-02 19:51:50', NULL, NULL, NULL, NULL),
(894, 139, 33, NULL, 'submit_button', 'Send Message', '', '', 0, 0, 6, '\"{\\\"actionType\\\":\\\"submit\\\",\\\"submitType\\\":\\\"save\\\"}\"', '\"{}\"', '2025-12-02 19:50:55', '2025-12-02 19:51:50', NULL, NULL, NULL, NULL),
(895, 140, 27, NULL, 'contact_heading', 'Poll', '', '', 0, 0, 0, '\"{}\"', '\"{}\"', '2025-12-03 16:18:12', '2025-12-03 17:16:56', NULL, NULL, NULL, NULL),
(896, 140, 28, NULL, 'contact_description', 'Fill out this poll', '', '', 0, 0, 1, '\"{}\"', '\"{}\"', '2025-12-03 16:18:12', '2025-12-03 17:09:44', NULL, NULL, NULL, NULL),
(897, 140, 1, NULL, 'full_name', 'Favorite US President', 'Enter name', '', 1, 0, 2, '\"{}\"', '\"{}\"', '2025-12-03 16:18:12', '2025-12-03 17:14:08', NULL, NULL, NULL, NULL),
(898, 140, 4, NULL, 'email', 'Favorite animal?', 'Enter animal', '', 1, 0, 3, '\"{}\"', '\"{}\"', '2025-12-03 16:18:12', '2025-12-03 17:14:08', NULL, NULL, NULL, NULL),
(901, 140, 33, NULL, 'submit_button', 'Save Answers', '', '', 0, 0, 5, '\"{\\\"actionType\\\":\\\"submit\\\",\\\"submitType\\\":\\\"save\\\"}\"', '\"{}\"', '2025-12-03 16:18:12', '2025-12-03 16:33:38', NULL, NULL, NULL, NULL),
(902, 140, 1, NULL, 'closest_planet', 'Favorite planet?', 'Enter Planet', '', 0, 0, 4, '\"{}\"', '\"{}\"', '2025-12-03 16:33:38', '2025-12-03 17:14:08', NULL, NULL, NULL, NULL),
(903, 141, 27, NULL, 'request_title', 'Page Title', '', 'Where to?', 0, 1, 1, '{\"level\": \"h1\"}', NULL, '2025-12-04 12:24:08', '2025-12-04 12:24:08', NULL, NULL, NULL, NULL),
(904, 141, 28, NULL, 'request_subtitle', 'Subtitle', '', 'Enter your destination to get started', 0, 1, 2, '{}', NULL, '2025-12-04 12:24:08', '2025-12-04 12:24:08', NULL, NULL, NULL, NULL),
(905, 141, 1, NULL, 'pickup_location', 'Pickup Location', 'Enter pickup address', '', 1, 0, 3, '{\"icon\": \"MapPin\"}', NULL, '2025-12-04 12:24:08', '2025-12-04 12:24:08', NULL, NULL, NULL, NULL),
(906, 141, 1, NULL, 'destination', 'Destination', 'Where are you going?', '', 1, 0, 4, '{\"icon\": \"Navigation\"}', NULL, '2025-12-04 12:24:08', '2025-12-04 12:24:08', NULL, NULL, NULL, NULL),
(907, 141, 27, NULL, 'ride_type_heading', 'Ride Type', '', 'Choose Your Ride', 0, 1, 5, '{\"level\": \"h3\"}', NULL, '2025-12-04 12:24:08', '2025-12-04 12:24:08', NULL, NULL, NULL, NULL),
(908, 141, 10, NULL, 'ride_type', 'Ride Type', 'Select ride type', 'standard', 1, 0, 6, '{\"options\": [{\"label\": \"Standard\", \"value\": \"standard\", \"description\": \"Affordable rides\"}, {\"label\": \"Premium\", \"value\": \"premium\", \"description\": \"Comfortable sedans\"}, {\"label\": \"XL\", \"value\": \"xl\", \"description\": \"6 seats\"}, {\"label\": \"Luxury\", \"value\": \"luxury\", \"description\": \"High-end vehicles\"}]}', NULL, '2025-12-04 12:24:08', '2025-12-04 12:24:08', NULL, NULL, NULL, NULL),
(909, 141, 27, NULL, 'ride_details_heading', 'Trip Details', '', 'Trip Details', 0, 1, 7, '{\"level\": \"h3\"}', NULL, '2025-12-04 12:24:08', '2025-12-04 12:24:08', NULL, NULL, NULL, NULL),
(910, 141, 8, NULL, 'estimated_fare', 'Estimated Fare', '', '0.00', 0, 1, 8, '{\"prefix\": \"$\", \"decimals\": 2}', NULL, '2025-12-04 12:24:08', '2025-12-04 12:24:08', NULL, NULL, NULL, NULL),
(911, 141, 28, NULL, 'estimated_time', 'Estimated Time', '', 'Calculating...', 0, 1, 9, '{}', NULL, '2025-12-04 12:24:08', '2025-12-04 12:24:08', NULL, NULL, NULL, NULL),
(912, 141, 28, NULL, 'distance', 'Distance', '', 'Calculating...', 0, 1, 10, '{}', NULL, '2025-12-04 12:24:08', '2025-12-04 12:24:08', NULL, NULL, NULL, NULL),
(913, 141, 1, NULL, 'promo_code', 'Promo Code', 'Enter promo code', '', 0, 0, 11, '{}', NULL, '2025-12-04 12:24:08', '2025-12-04 12:24:08', NULL, NULL, NULL, NULL),
(914, 141, 1, NULL, 'ride_notes', 'Special Instructions', 'Add notes for driver', '', 0, 0, 12, '{}', NULL, '2025-12-04 12:24:08', '2025-12-04 12:24:08', NULL, NULL, NULL, NULL),
(915, 141, 33, NULL, 'request_ride_button', 'Request Ride', '', 'Request Ride', 0, 0, 13, '{\"size\": \"large\", \"action\": \"submit\", \"variant\": \"primary\"}', NULL, '2025-12-04 12:24:08', '2025-12-04 12:24:08', NULL, NULL, NULL, NULL),
(916, 142, 27, NULL, 'tracking_title', 'Page Title', '', 'Your Ride', 0, 1, 1, '{}', NULL, '2025-12-04 12:24:08', '2025-12-04 12:24:08', NULL, NULL, NULL, NULL),
(917, 142, 28, NULL, 'ride_status', 'Ride Status', '', 'Driver is on the way', 0, 1, 2, '{\"type\": \"status\"}', NULL, '2025-12-04 12:24:08', '2025-12-04 12:24:08', NULL, NULL, NULL, NULL),
(918, 142, 27, NULL, 'driver_info_heading', 'Driver Information', '', 'Your Driver', 0, 1, 3, '{\"level\": \"h3\"}', NULL, '2025-12-04 12:24:08', '2025-12-04 12:24:08', NULL, NULL, NULL, NULL),
(919, 142, 28, NULL, 'driver_name', 'Driver Name', '', 'John Doe', 0, 1, 4, '{}', NULL, '2025-12-04 12:24:08', '2025-12-04 12:24:08', NULL, NULL, NULL, NULL),
(920, 142, 28, NULL, 'driver_rating', 'Driver Rating', '', '4.8 ', 0, 1, 5, '{}', NULL, '2025-12-04 12:24:08', '2025-12-04 12:24:08', NULL, NULL, NULL, NULL),
(921, 142, 28, NULL, 'vehicle_info', 'Vehicle Info', '', 'Toyota Camry - ABC 123', 0, 1, 6, '{}', NULL, '2025-12-04 12:24:08', '2025-12-04 12:24:08', NULL, NULL, NULL, NULL),
(922, 142, 27, NULL, 'trip_progress_heading', 'Trip Progress', '', 'Trip Details', 0, 1, 7, '{\"level\": \"h3\"}', NULL, '2025-12-04 12:24:08', '2025-12-04 12:24:08', NULL, NULL, NULL, NULL),
(923, 142, 28, NULL, 'eta', 'Estimated Arrival', '', '5 minutes', 0, 1, 8, '{\"icon\": \"Clock\"}', NULL, '2025-12-04 12:24:08', '2025-12-04 12:24:08', NULL, NULL, NULL, NULL),
(924, 142, 28, NULL, 'current_location', 'Current Location', '', 'Updating...', 0, 1, 9, '{\"icon\": \"MapPin\"}', NULL, '2025-12-04 12:24:08', '2025-12-04 12:24:08', NULL, NULL, NULL, NULL),
(925, 142, 28, NULL, 'destination_display', 'Destination', '', '', 0, 1, 10, '{\"icon\": \"Navigation\"}', NULL, '2025-12-04 12:24:08', '2025-12-04 12:24:08', NULL, NULL, NULL, NULL),
(926, 142, 33, NULL, 'call_driver_button', 'Call Driver', '', 'Call Driver', 0, 0, 11, '{\"icon\": \"Phone\", \"variant\": \"secondary\"}', NULL, '2025-12-04 12:24:08', '2025-12-04 12:24:08', NULL, NULL, NULL, NULL),
(927, 142, 33, NULL, 'message_driver_button', 'Message Driver', '', 'Message', 0, 0, 12, '{\"icon\": \"MessageCircle\", \"variant\": \"secondary\"}', NULL, '2025-12-04 12:24:08', '2025-12-04 12:24:08', NULL, NULL, NULL, NULL),
(928, 142, 33, NULL, 'cancel_ride_button', 'Cancel Ride', '', 'Cancel Ride', 0, 0, 13, '{\"variant\": \"danger\"}', NULL, '2025-12-04 12:24:08', '2025-12-04 12:24:08', NULL, NULL, NULL, NULL),
(929, 142, 27, NULL, 'safety_heading', 'Safety', '', 'Safety Features', 0, 1, 14, '{\"level\": \"h3\"}', NULL, '2025-12-04 12:24:08', '2025-12-04 12:24:08', NULL, NULL, NULL, NULL),
(930, 142, 33, NULL, 'share_trip_button', 'Share Trip', '', 'Share Trip Status', 0, 0, 15, '{\"variant\": \"secondary\"}', NULL, '2025-12-04 12:24:08', '2025-12-04 12:24:08', NULL, NULL, NULL, NULL),
(931, 142, 33, NULL, 'emergency_button', 'Emergency', '', 'Emergency', 0, 0, 16, '{\"variant\": \"danger\"}', NULL, '2025-12-04 12:24:08', '2025-12-04 12:24:08', NULL, NULL, NULL, NULL),
(932, 143, 27, NULL, 'history_title', 'Page Title', '', 'Ride History', 0, 1, 1, '{}', NULL, '2025-12-04 12:24:08', '2025-12-04 12:24:08', NULL, NULL, NULL, NULL),
(933, 143, 28, NULL, 'history_description', 'Description', '', 'View all your past rides', 0, 1, 2, '{}', NULL, '2025-12-04 12:24:08', '2025-12-04 12:24:08', NULL, NULL, NULL, NULL),
(934, 143, 17, NULL, 'start_date', 'Start Date', 'From date', '', 0, 0, 3, '{}', NULL, '2025-12-04 12:24:08', '2025-12-04 12:24:08', NULL, NULL, NULL, NULL),
(935, 143, 17, NULL, 'end_date', 'End Date', 'To date', '', 0, 0, 4, '{}', NULL, '2025-12-04 12:24:08', '2025-12-04 12:24:08', NULL, NULL, NULL, NULL),
(936, 143, 10, NULL, 'ride_status_filter', 'Status', 'All Rides', '', 0, 0, 5, '{\"options\": [{\"label\": \"All Rides\", \"value\": \"all\"}, {\"label\": \"Completed\", \"value\": \"completed\"}, {\"label\": \"Cancelled\", \"value\": \"cancelled\"}]}', NULL, '2025-12-04 12:24:08', '2025-12-04 12:24:08', NULL, NULL, NULL, NULL),
(937, 143, 33, NULL, 'apply_filters_button', 'Apply Filters', '', 'Apply', 0, 0, 6, '{\"variant\": \"primary\"}', NULL, '2025-12-04 12:24:08', '2025-12-04 12:24:08', NULL, NULL, NULL, NULL),
(938, 143, 27, NULL, 'rides_list_heading', 'Your Rides', '', 'Past Rides', 0, 1, 7, '{\"level\": \"h3\"}', NULL, '2025-12-04 12:24:08', '2025-12-04 12:24:08', NULL, NULL, NULL, NULL),
(939, 143, 28, NULL, 'rides_list', 'Rides List', '', 'Your ride history will appear here.', 0, 1, 8, '{\"type\": \"list\"}', NULL, '2025-12-04 12:24:08', '2025-12-04 12:24:08', NULL, NULL, NULL, NULL),
(940, 143, 27, NULL, 'stats_heading', 'Statistics', '', 'Your Stats', 0, 1, 9, '{\"level\": \"h3\"}', NULL, '2025-12-04 12:24:08', '2025-12-04 12:24:08', NULL, NULL, NULL, NULL),
(941, 143, 28, NULL, 'total_rides', 'Total Rides', '', '0 rides', 0, 1, 10, '{}', NULL, '2025-12-04 12:24:08', '2025-12-04 12:24:08', NULL, NULL, NULL, NULL),
(942, 143, 28, NULL, 'total_spent', 'Total Spent', '', '$0.00', 0, 1, 11, '{}', NULL, '2025-12-04 12:24:08', '2025-12-04 12:24:08', NULL, NULL, NULL, NULL),
(943, 145, 27, NULL, 'payment_title', 'Page Title', '', 'Payment Methods', 0, 1, 1, '{}', NULL, '2025-12-04 12:24:08', '2025-12-04 12:24:08', NULL, NULL, NULL, NULL),
(944, 145, 28, NULL, 'payment_description', 'Description', '', 'Manage your payment options', 0, 1, 2, '{}', NULL, '2025-12-04 12:24:08', '2025-12-04 12:24:08', NULL, NULL, NULL, NULL),
(945, 145, 27, NULL, 'saved_methods_heading', 'Saved Methods', '', 'Your Payment Methods', 0, 1, 3, '{\"level\": \"h3\"}', NULL, '2025-12-04 12:24:08', '2025-12-04 12:24:08', NULL, NULL, NULL, NULL),
(946, 145, 28, NULL, 'payment_methods_list', 'Payment Methods', '', 'Your saved payment methods will appear here.', 0, 1, 4, '{\"type\": \"list\"}', NULL, '2025-12-04 12:24:08', '2025-12-04 12:24:08', NULL, NULL, NULL, NULL),
(947, 145, 27, NULL, 'add_payment_heading', 'Add New Payment', '', 'Add Payment Method', 0, 1, 5, '{\"level\": \"h3\"}', NULL, '2025-12-04 12:24:08', '2025-12-04 12:24:08', NULL, NULL, NULL, NULL),
(948, 145, 10, NULL, 'payment_type', 'Payment Type', 'Select type', '', 0, 0, 6, '{\"options\": [{\"label\": \"Credit Card\", \"value\": \"credit\"}, {\"label\": \"Debit Card\", \"value\": \"debit\"}, {\"label\": \"PayPal\", \"value\": \"paypal\"}, {\"label\": \"Apple Pay\", \"value\": \"apple_pay\"}, {\"label\": \"Google Pay\", \"value\": \"google_pay\"}]}', NULL, '2025-12-04 12:24:08', '2025-12-04 12:24:08', NULL, NULL, NULL, NULL),
(949, 145, 1, NULL, 'card_number', 'Card Number', 'Enter card number', '', 0, 0, 7, '{\"type\": \"number\"}', NULL, '2025-12-04 12:24:08', '2025-12-04 12:24:08', NULL, NULL, NULL, NULL),
(950, 145, 1, NULL, 'card_name', 'Cardholder Name', 'Name on card', '', 0, 0, 8, '{}', NULL, '2025-12-04 12:24:08', '2025-12-04 12:24:08', NULL, NULL, NULL, NULL),
(951, 145, 17, NULL, 'expiry_date', 'Expiry Date', 'MM/YY', '', 0, 0, 9, '{}', NULL, '2025-12-04 12:24:08', '2025-12-04 12:24:08', NULL, NULL, NULL, NULL),
(952, 145, 1, NULL, 'cvv', 'CVV', 'CVV', '', 0, 0, 10, '{\"type\": \"password\", \"maxLength\": 4}', NULL, '2025-12-04 12:24:08', '2025-12-04 12:24:08', NULL, NULL, NULL, NULL),
(953, 145, 33, NULL, 'add_payment_button', 'Add Payment', '', 'Add Payment Method', 0, 0, 11, '{\"variant\": \"primary\"}', NULL, '2025-12-04 12:24:08', '2025-12-04 12:24:08', NULL, NULL, NULL, NULL),
(954, 145, 27, NULL, 'default_payment_heading', 'Default Payment', '', 'Default Payment Method', 0, 1, 12, '{\"level\": \"h3\"}', NULL, '2025-12-04 12:24:08', '2025-12-04 12:24:08', NULL, NULL, NULL, NULL),
(955, 145, 28, NULL, 'default_payment_info', 'Default Payment', '', 'Set your preferred payment method for rides', 0, 1, 13, '{}', NULL, '2025-12-04 12:24:08', '2025-12-04 12:24:08', NULL, NULL, NULL, NULL),
(966, 147, 27, NULL, 'dashboard_title', 'Driver Dashboard', NULL, NULL, 0, 0, 1, '{\"style\": {\"fontSize\": 24, \"textAlign\": \"center\", \"fontWeight\": \"bold\", \"marginBottom\": 20}}', NULL, '2025-12-04 12:27:48', '2025-12-04 12:27:48', NULL, NULL, NULL, NULL),
(967, 147, 28, NULL, 'welcome_text', 'Welcome back, Driver!', NULL, NULL, 0, 0, 2, '{\"style\": {\"color\": \"#666\", \"fontSize\": 16, \"textAlign\": \"center\", \"marginBottom\": 30}}', NULL, '2025-12-04 12:27:48', '2025-12-04 12:27:48', NULL, NULL, NULL, NULL),
(968, 147, 27, NULL, 'status_heading', 'Your Status', NULL, NULL, 0, 0, 3, '{\"style\": {\"fontSize\": 18, \"fontWeight\": \"600\", \"marginBottom\": 10}}', NULL, '2025-12-04 12:27:48', '2025-12-04 12:27:48', NULL, NULL, NULL, NULL),
(969, 147, 28, NULL, 'status_text', 'You are currently offline', NULL, NULL, 0, 0, 4, '{\"style\": {\"color\": \"#888\", \"fontSize\": 14, \"marginBottom\": 20}}', NULL, '2025-12-04 12:27:48', '2025-12-04 12:27:48', NULL, NULL, NULL, NULL),
(970, 147, 27, NULL, 'earnings_heading', 'Today\'s Earnings', NULL, NULL, 0, 0, 5, '{\"style\": {\"fontSize\": 18, \"fontWeight\": \"600\", \"marginBottom\": 10}}', NULL, '2025-12-04 12:27:48', '2025-12-04 12:27:48', NULL, NULL, NULL, NULL),
(971, 147, 28, NULL, 'earnings_amount', '$0.00', NULL, NULL, 0, 0, 6, '{\"style\": {\"color\": \"#2ecc71\", \"fontSize\": 32, \"fontWeight\": \"bold\", \"marginBottom\": 30}}', NULL, '2025-12-04 12:27:48', '2025-12-04 12:27:48', NULL, NULL, NULL, NULL),
(972, 147, 33, NULL, 'go_online_btn', 'Go Online', NULL, NULL, 0, 0, 7, '{\"style\": {\"padding\": 15, \"borderRadius\": 8, \"backgroundColor\": \"#007AFF\"}, \"screenId\": 150, \"actionType\": \"screen\"}', NULL, '2025-12-04 12:27:48', '2025-12-04 12:32:04', NULL, NULL, NULL, NULL),
(973, 150, 27, NULL, 'rides_title', 'Available Rides', NULL, NULL, 0, 0, 1, '{\"style\": {\"fontSize\": 24, \"textAlign\": \"center\", \"fontWeight\": \"bold\", \"marginBottom\": 20}}', NULL, '2025-12-04 12:39:42', '2025-12-04 12:39:42', NULL, NULL, NULL, NULL),
(974, 150, 28, NULL, 'rides_subtitle', 'Nearby ride requests will appear here', NULL, NULL, 0, 0, 2, '{\"style\": {\"color\": \"#888\", \"fontSize\": 14, \"textAlign\": \"center\", \"marginBottom\": 30}}', NULL, '2025-12-04 12:39:42', '2025-12-04 12:39:42', NULL, NULL, NULL, NULL),
(975, 150, 27, NULL, 'no_rides_heading', 'No Rides Available', NULL, NULL, 0, 0, 3, '{\"style\": {\"fontSize\": 18, \"marginTop\": 50, \"textAlign\": \"center\", \"fontWeight\": \"600\"}}', NULL, '2025-12-04 12:39:42', '2025-12-04 12:39:42', NULL, NULL, NULL, NULL),
(976, 150, 28, NULL, 'no_rides_text', 'Check back soon for new ride requests in your area.', NULL, NULL, 0, 0, 4, '{\"style\": {\"color\": \"#666\", \"fontSize\": 14, \"marginTop\": 10, \"textAlign\": \"center\"}}', NULL, '2025-12-04 12:39:42', '2025-12-04 12:39:42', NULL, NULL, NULL, NULL),
(977, 150, 33, NULL, 'go_offline_btn', 'Go Offline', NULL, NULL, 0, 0, 5, '{\"style\": {\"padding\": 15, \"marginTop\": 40, \"borderRadius\": 8, \"backgroundColor\": \"#FF3B30\"}, \"screenId\": 147, \"actionType\": \"screen\"}', NULL, '2025-12-04 12:39:42', '2025-12-04 12:39:42', NULL, NULL, NULL, NULL),
(978, 148, 27, NULL, 'earnings_title', 'Your Earnings', NULL, NULL, 0, 0, 1, '{\"style\": {\"fontSize\": 24, \"textAlign\": \"center\", \"fontWeight\": \"bold\", \"marginBottom\": 20}}', NULL, '2025-12-04 12:41:41', '2025-12-04 12:41:41', NULL, NULL, NULL, NULL),
(979, 148, 28, NULL, 'total_earnings', '$0.00', NULL, NULL, 0, 0, 2, '{\"style\": {\"color\": \"#2ecc71\", \"fontSize\": 48, \"textAlign\": \"center\", \"fontWeight\": \"bold\", \"marginBottom\": 10}}', NULL, '2025-12-04 12:41:41', '2025-12-04 12:41:41', NULL, NULL, NULL, NULL),
(980, 148, 28, NULL, 'earnings_period', 'This Week', NULL, NULL, 0, 0, 3, '{\"style\": {\"color\": \"#888\", \"fontSize\": 14, \"textAlign\": \"center\", \"marginBottom\": 30}}', NULL, '2025-12-04 12:41:41', '2025-12-04 12:41:41', NULL, NULL, NULL, NULL),
(981, 148, 27, NULL, 'breakdown_heading', 'Earnings Breakdown', NULL, NULL, 0, 0, 4, '{\"style\": {\"fontSize\": 18, \"fontWeight\": \"600\", \"marginBottom\": 15}}', NULL, '2025-12-04 12:41:41', '2025-12-04 12:41:41', NULL, NULL, NULL, NULL),
(982, 148, 28, NULL, 'rides_count', 'Rides Completed: 0', NULL, NULL, 0, 0, 5, '{\"style\": {\"fontSize\": 16, \"marginBottom\": 10}}', NULL, '2025-12-04 12:41:41', '2025-12-04 12:41:41', NULL, NULL, NULL, NULL),
(983, 148, 28, NULL, 'tips_total', 'Tips: $0.00', NULL, NULL, 0, 0, 6, '{\"style\": {\"fontSize\": 16, \"marginBottom\": 10}}', NULL, '2025-12-04 12:41:41', '2025-12-04 12:41:41', NULL, NULL, NULL, NULL),
(984, 148, 28, NULL, 'bonuses_total', 'Bonuses: $0.00', NULL, NULL, 0, 0, 7, '{\"style\": {\"fontSize\": 16, \"marginBottom\": 30}}', NULL, '2025-12-04 12:41:41', '2025-12-04 12:41:41', NULL, NULL, NULL, NULL),
(985, 144, 27, NULL, 'ride_details_title', 'Ride Details', NULL, NULL, 0, 0, 1, '{\"style\": {\"fontSize\": 24, \"textAlign\": \"center\", \"fontWeight\": \"bold\", \"marginBottom\": 20}}', NULL, '2025-12-04 12:41:41', '2025-12-04 12:41:41', NULL, NULL, NULL, NULL),
(986, 144, 28, NULL, 'pickup_label', 'Pickup Location', NULL, NULL, 0, 0, 2, '{\"style\": {\"color\": \"#888\", \"fontSize\": 14, \"marginBottom\": 5}}', NULL, '2025-12-04 12:41:41', '2025-12-04 12:41:41', NULL, NULL, NULL, NULL),
(987, 144, 28, NULL, 'pickup_address', '123 Main Street', NULL, NULL, 0, 0, 3, '{\"style\": {\"fontSize\": 16, \"fontWeight\": \"600\", \"marginBottom\": 20}}', NULL, '2025-12-04 12:41:41', '2025-12-04 12:41:41', NULL, NULL, NULL, NULL),
(988, 144, 28, NULL, 'dropoff_label', 'Drop-off Location', NULL, NULL, 0, 0, 4, '{\"style\": {\"color\": \"#888\", \"fontSize\": 14, \"marginBottom\": 5}}', NULL, '2025-12-04 12:41:41', '2025-12-04 12:41:41', NULL, NULL, NULL, NULL),
(989, 144, 28, NULL, 'dropoff_address', '456 Oak Avenue', NULL, NULL, 0, 0, 5, '{\"style\": {\"fontSize\": 16, \"fontWeight\": \"600\", \"marginBottom\": 20}}', NULL, '2025-12-04 12:41:41', '2025-12-04 12:41:41', NULL, NULL, NULL, NULL),
(990, 144, 28, NULL, 'fare_label', 'Fare', NULL, NULL, 0, 0, 6, '{\"style\": {\"color\": \"#888\", \"fontSize\": 14, \"marginBottom\": 5}}', NULL, '2025-12-04 12:41:41', '2025-12-04 12:41:41', NULL, NULL, NULL, NULL),
(991, 144, 28, NULL, 'fare_amount', '$15.00', NULL, NULL, 0, 0, 7, '{\"style\": {\"color\": \"#2ecc71\", \"fontSize\": 24, \"fontWeight\": \"bold\", \"marginBottom\": 30}}', NULL, '2025-12-04 12:41:41', '2025-12-04 12:41:41', NULL, NULL, NULL, NULL),
(992, 152, 27, NULL, 'rate_title', 'Rate Your Ride', NULL, NULL, 0, 0, 1, '{\"style\": {\"fontSize\": 24, \"textAlign\": \"center\", \"fontWeight\": \"bold\", \"marginBottom\": 20}}', NULL, '2025-12-04 12:41:41', '2025-12-04 12:41:41', NULL, NULL, NULL, NULL),
(993, 152, 28, NULL, 'rate_subtitle', 'How was your experience?', NULL, NULL, 0, 0, 2, '{\"style\": {\"color\": \"#666\", \"fontSize\": 16, \"textAlign\": \"center\", \"marginBottom\": 30}}', NULL, '2025-12-04 12:41:41', '2025-12-04 12:41:41', NULL, NULL, NULL, NULL),
(994, 152, 27, NULL, 'rating_label', 'Rating', NULL, NULL, 0, 0, 3, '{\"style\": {\"fontSize\": 16, \"fontWeight\": \"600\", \"marginBottom\": 10}}', NULL, '2025-12-04 12:41:41', '2025-12-04 12:41:41', NULL, NULL, NULL, NULL),
(995, 152, 28, NULL, 'rating_stars', '', NULL, NULL, 0, 0, 4, '{\"style\": {\"fontSize\": 32, \"textAlign\": \"center\", \"marginBottom\": 30}}', NULL, '2025-12-04 12:41:41', '2025-12-04 12:41:41', NULL, NULL, NULL, NULL),
(996, 152, 27, NULL, 'feedback_label', 'Additional Feedback', NULL, NULL, 0, 0, 5, '{\"style\": {\"fontSize\": 16, \"fontWeight\": \"600\", \"marginBottom\": 10}}', NULL, '2025-12-04 12:41:41', '2025-12-04 12:41:41', NULL, NULL, NULL, NULL),
(997, 152, 2, NULL, 'feedback_text', 'Share your experience...', NULL, NULL, 0, 0, 6, '{\"multiline\": true, \"numberOfLines\": 4}', NULL, '2025-12-04 12:41:41', '2025-12-04 12:41:41', NULL, NULL, NULL, NULL),
(998, 152, 33, NULL, 'submit_rating_btn', 'Submit Rating', NULL, NULL, 0, 0, 7, '{\"style\": {\"padding\": 15, \"marginTop\": 20, \"borderRadius\": 8, \"backgroundColor\": \"#007AFF\"}, \"actionType\": \"submit\", \"submitType\": \"rating\"}', NULL, '2025-12-04 12:41:41', '2025-12-04 12:41:41', NULL, NULL, NULL, NULL),
(999, 107, 125, NULL, 'notification_list', 'Notifications', NULL, NULL, 0, 0, 0, '{\"empty_message\": \"No notifications yet\", \"group_by_date\": true, \"show_unread_badge\": true, \"enable_swipe_actions\": true}', NULL, '2025-12-05 20:07:25', '2025-12-05 20:07:25', NULL, NULL, NULL, NULL);

-- --------------------------------------------------------

--
-- Table structure for table `screen_menu_assignments`
--

CREATE TABLE `screen_menu_assignments` (
  `id` int NOT NULL,
  `screen_id` int NOT NULL,
  `menu_id` int NOT NULL,
  `created_at` timestamp NULL DEFAULT CURRENT_TIMESTAMP
) ENGINE=InnoDB DEFAULT CHARSET=utf8mb4 COLLATE=utf8mb4_unicode_ci;

--
-- Dumping data for table `screen_menu_assignments`
--

INSERT INTO `screen_menu_assignments` (`id`, `screen_id`, `menu_id`, `created_at`) VALUES
(515, 109, 190, '2025-12-01 01:51:09'),
(516, 108, 190, '2025-12-01 01:51:09'),
(517, 127, 190, '2025-12-01 01:51:09'),
(527, 133, 191, '2025-12-01 01:51:09'),
(555, 110, 190, '2025-12-01 20:35:01'),
(556, 110, 191, '2025-12-01 20:35:01'),
(560, 111, 190, '2025-12-01 20:35:01'),
(561, 111, 191, '2025-12-01 20:35:01'),
(581, 109, 198, '2025-12-03 20:19:29'),
(582, 108, 198, '2025-12-03 20:19:29'),
(583, 127, 198, '2025-12-03 20:19:29'),
(588, 110, 198, '2025-12-03 20:19:29'),
(589, 111, 198, '2025-12-03 20:19:29'),
(593, 133, 199, '2025-12-03 20:19:29'),
(594, 110, 199, '2025-12-03 20:19:29'),
(595, 111, 199, '2025-12-03 20:19:29'),
(597, 106, 200, '2025-12-03 20:19:29'),
(598, 110, 200, '2025-12-03 20:19:29'),
(599, 111, 200, '2025-12-03 20:19:29'),
(604, 108, 203, '2025-12-03 22:54:45'),
(605, 108, 204, '2025-12-03 22:54:45'),
(606, 109, 203, '2025-12-03 22:54:45'),
(607, 141, 203, '2025-12-03 22:54:45'),
(608, 143, 203, '2025-12-03 22:54:45'),
(609, 145, 203, '2025-12-03 22:54:45'),
(612, 149, 203, '2025-12-03 22:54:45'),
(614, 151, 203, '2025-12-03 22:54:45'),
(615, 141, 201, '2025-12-04 12:59:15'),
(616, 143, 201, '2025-12-04 12:59:15'),
(617, 145, 201, '2025-12-04 12:59:15'),
(620, 149, 201, '2025-12-04 12:59:15'),
(621, 151, 201, '2025-12-04 12:59:15'),
(629, 108, 208, '2025-12-04 18:14:23'),
(651, 147, 202, '2025-12-04 18:17:52'),
(652, 147, 204, '2025-12-04 18:17:52'),
(653, 148, 202, '2025-12-04 18:17:52'),
(654, 148, 208, '2025-12-04 18:17:52'),
(655, 148, 204, '2025-12-04 18:17:52'),
(656, 107, 202, '2025-12-04 18:17:52'),
(657, 107, 201, '2025-12-04 18:17:52'),
(658, 107, 198, '2025-12-04 18:17:52'),
(659, 107, 208, '2025-12-04 18:17:52'),
(660, 107, 204, '2025-12-04 18:17:52'),
(661, 107, 203, '2025-12-04 18:17:52'),
(662, 107, 190, '2025-12-04 18:17:52'),
(664, 150, 209, '2025-12-04 18:17:59'),
(665, 150, 208, '2025-12-04 18:17:59'),
(666, 150, 204, '2025-12-04 18:17:59'),
(715, 116, 198, '2025-12-08 14:02:50'),
(716, 116, 190, '2025-12-08 14:02:50'),
(717, 116, 189, '2025-12-08 14:02:50'),
(718, 105, 202, '2025-12-08 14:02:50'),
(719, 105, 201, '2025-12-08 14:02:50'),
(721, 105, 208, '2025-12-08 14:02:50'),
(722, 105, 204, '2025-12-08 14:02:50'),
(723, 105, 203, '2025-12-08 14:02:50'),
(724, 105, 198, '2025-12-08 14:02:50'),
(725, 105, 191, '2025-12-08 14:02:50'),
(726, 105, 190, '2025-12-08 14:02:50'),
(727, 105, 200, '2025-12-08 14:02:50'),
(729, 105, 213, '2025-12-08 14:02:50'),
(730, 105, 189, '2025-12-08 14:02:50'),
(731, 109, 8, '2025-12-08 14:51:31'),
(732, 108, 8, '2025-12-08 14:51:31'),
(733, 127, 8, '2025-12-08 14:51:31'),
(734, 116, 8, '2025-12-08 14:51:31'),
(736, 107, 8, '2025-12-08 14:51:31'),
(737, 110, 8, '2025-12-08 14:51:31'),
(739, 111, 8, '2025-12-08 14:51:31'),
(740, 105, 8, '2025-12-08 14:51:31'),
(741, 133, 14, '2025-12-08 14:51:31'),
(744, 110, 14, '2025-12-08 14:51:31'),
(746, 111, 14, '2025-12-08 14:51:31'),
(747, 105, 14, '2025-12-08 14:51:31'),
(749, 116, 7, '2025-12-08 14:51:31'),
(753, 105, 7, '2025-12-08 14:51:31'),
(754, 105, 16, '2025-12-08 14:51:31'),
(757, 97, 214, '2025-12-09 20:19:05'),
(758, 97, 215, '2025-12-09 20:19:05'),
(759, 105, 214, '2025-12-09 20:19:05'),
(760, 105, 215, '2025-12-09 20:19:05'),
(761, 105, 216, '2025-12-09 20:19:05'),
(762, 105, 217, '2025-12-09 20:19:05'),
(763, 107, 215, '2025-12-09 20:19:05'),
(764, 107, 216, '2025-12-09 20:19:05'),
(765, 108, 215, '2025-12-09 20:19:05'),
(766, 108, 216, '2025-12-09 20:19:05'),
(767, 109, 215, '2025-12-09 20:19:05'),
(768, 109, 216, '2025-12-09 20:19:05'),
(769, 110, 215, '2025-12-09 20:19:05'),
(770, 110, 216, '2025-12-09 20:19:05'),
(771, 111, 215, '2025-12-09 20:19:05'),
(772, 111, 216, '2025-12-09 20:19:05'),
(775, 116, 214, '2025-12-09 20:19:05'),
(776, 116, 215, '2025-12-09 20:19:05'),
(777, 116, 216, '2025-12-09 20:19:05'),
(778, 127, 216, '2025-12-09 20:19:05'),
(781, 132, 216, '2025-12-09 20:19:05'),
(782, 133, 216, '2025-12-09 20:19:05'),
(783, 135, 214, '2025-12-09 20:19:05'),
(784, 135, 215, '2025-12-09 20:19:05'),
(789, 116, 218, '2025-12-10 22:26:51'),
(790, 105, 218, '2025-12-10 22:26:51'),
(791, 129, 191, '2025-12-10 22:41:46'),
(792, 129, 199, '2025-12-10 22:41:46'),
(793, 129, 14, '2025-12-10 22:41:46'),
(794, 129, 216, '2025-12-10 22:41:46'),
(795, 129, 218, '2025-12-10 22:41:46'),
(796, 131, 191, '2025-12-10 22:41:46'),
(797, 131, 199, '2025-12-10 22:41:46'),
(798, 131, 14, '2025-12-10 22:41:46'),
(799, 131, 216, '2025-12-10 22:41:46'),
(800, 131, 218, '2025-12-10 22:41:46'),
(801, 112, 214, '2025-12-10 22:41:46'),
(802, 112, 7, '2025-12-10 22:41:46'),
(803, 112, 197, '2025-12-10 22:41:46'),
(804, 112, 189, '2025-12-10 22:41:46'),
(805, 112, 191, '2025-12-10 22:41:46'),
(806, 112, 198, '2025-12-10 22:41:46'),
(807, 112, 199, '2025-12-10 22:41:46'),
(808, 112, 190, '2025-12-10 22:41:46'),
(809, 112, 14, '2025-12-10 22:41:46'),
(810, 112, 215, '2025-12-10 22:41:46'),
(811, 112, 8, '2025-12-10 22:41:46'),
(812, 96, 214, '2025-12-10 22:41:46'),
(813, 96, 7, '2025-12-10 22:41:46'),
(814, 96, 197, '2025-12-10 22:41:46'),
(815, 96, 189, '2025-12-10 22:41:46'),
(816, 96, 215, '2025-12-10 22:41:46'),
(817, 113, 7, '2025-12-10 22:41:46'),
(818, 113, 197, '2025-12-10 22:41:46'),
(819, 113, 189, '2025-12-10 22:41:46'),
(820, 114, 7, '2025-12-10 22:41:46'),
(821, 114, 197, '2025-12-10 22:41:46'),
(822, 114, 189, '2025-12-10 22:41:46'),
(823, 114, 198, '2025-12-10 22:41:46'),
(824, 114, 190, '2025-12-10 22:41:46'),
(825, 114, 8, '2025-12-10 22:41:46'),
(898, 96, 231, '2025-12-11 21:49:12'),
(899, 105, 231, '2025-12-11 21:49:12'),
(900, 105, 232, '2025-12-11 21:49:12'),
(901, 105, 233, '2025-12-11 21:49:12'),
(902, 105, 234, '2025-12-11 21:49:12'),
(903, 107, 232, '2025-12-11 21:49:12'),
(904, 108, 232, '2025-12-11 21:49:12'),
(905, 109, 232, '2025-12-11 21:49:12'),
(906, 110, 232, '2025-12-11 21:49:12'),
(907, 110, 233, '2025-12-11 21:49:12'),
(908, 111, 232, '2025-12-11 21:49:12'),
(909, 111, 233, '2025-12-11 21:49:12'),
(910, 112, 231, '2025-12-11 21:49:12'),
(911, 112, 232, '2025-12-11 21:49:12'),
(912, 112, 233, '2025-12-11 21:49:12'),
(913, 113, 231, '2025-12-11 21:49:12'),
(914, 114, 231, '2025-12-11 21:49:12'),
(915, 114, 232, '2025-12-11 21:49:12'),
(916, 116, 231, '2025-12-11 21:49:12'),
(917, 116, 232, '2025-12-11 21:49:12'),
(918, 127, 232, '2025-12-11 21:49:12'),
(919, 129, 233, '2025-12-11 21:49:12'),
(920, 131, 233, '2025-12-11 21:49:12'),
(921, 133, 233, '2025-12-11 21:49:12');

-- --------------------------------------------------------

--
-- Table structure for table `screen_module_assignments`
--

CREATE TABLE `screen_module_assignments` (
  `id` int NOT NULL,
  `screen_id` int NOT NULL,
  `module_id` int NOT NULL,
  `config` json DEFAULT NULL COMMENT 'Screen-specific module configuration',
  `is_active` tinyint(1) DEFAULT '1',
  `created_at` timestamp NULL DEFAULT CURRENT_TIMESTAMP,
  `updated_at` timestamp NULL DEFAULT CURRENT_TIMESTAMP ON UPDATE CURRENT_TIMESTAMP
) ENGINE=InnoDB DEFAULT CHARSET=utf8mb4 COLLATE=utf8mb4_unicode_ci;

--
-- Dumping data for table `screen_module_assignments`
--

INSERT INTO `screen_module_assignments` (`id`, `screen_id`, `module_id`, `config`, `is_active`, `created_at`, `updated_at`) VALUES
(1, 75, 2, '{\"showLeftIcon\": true, \"showRightIcon\": false}', 1, '2025-11-14 19:34:59', '2025-11-18 19:54:05'),
(3, 78, 2, '{}', 1, '2025-11-14 19:35:08', '2025-11-18 19:53:04'),
(4, 80, 2, '{\"showLeftIcon\": true, \"showRightIcon\": false}', 1, '2025-11-14 19:35:15', '2025-11-18 19:54:05'),
(5, 79, 2, '{}', 1, '2025-11-14 19:35:19', '2025-11-14 19:35:19'),
(6, 58, 2, '{\"elevation\": 2, \"showTitle\": true, \"textColor\": \"#FFFFFF\", \"showLeftIcon\": true, \"showRightIcon\": true, \"backgroundColor\": \"#007AFF\"}', 1, '2025-11-14 19:35:25', '2025-11-18 22:33:38'),
(8, 94, 2, '{\"showLeftIcon\": true, \"showRightIcon\": false}', 1, '2025-11-14 19:35:41', '2025-11-18 19:54:05'),
(9, 95, 2, '{\"showLeftIcon\": true, \"showRightIcon\": false}', 1, '2025-11-14 19:35:44', '2025-11-18 19:54:05'),
(10, 65, 2, '{\"showLeftIcon\": true, \"showRightIcon\": false}', 1, '2025-11-14 19:35:49', '2025-11-18 19:54:05'),
(11, 62, 2, '{\"showLeftIcon\": true, \"showRightIcon\": false}', 1, '2025-11-14 19:35:59', '2025-11-18 20:06:19'),
(12, 89, 2, '{\"showLeftIcon\": true, \"showRightIcon\": false}', 1, '2025-11-14 19:36:02', '2025-11-18 20:06:27'),
(13, 88, 2, '{\"showLeftIcon\": true, \"showRightIcon\": false}', 1, '2025-11-14 19:36:05', '2025-11-18 19:54:05'),
(14, 75, 4, '{}', 1, '2025-11-18 19:54:05', '2025-11-18 19:54:05'),
(16, 79, 3, '{}', 1, '2025-11-18 19:59:45', '2025-11-18 19:59:45'),
(17, 59, 3, '{\"elevation\": 2, \"showTitle\": true, \"textColor\": \"#FFFFFF\", \"leftIconType\": \"back\", \"showLeftIcon\": true, \"showRightIcon\": false, \"backgroundColor\": \"#007AFF\"}', 1, '2025-11-18 20:00:34', '2025-11-18 22:33:38'),
(18, 62, 4, '{}', 1, '2025-11-18 20:06:19', '2025-11-18 20:06:19'),
(19, 89, 4, '{}', 1, '2025-11-18 20:06:27', '2025-11-18 20:06:27'),
(21, 80, 4, '{}', 1, '2025-11-18 21:55:11', '2025-11-18 21:55:11'),
(23, 58, 4, '{}', 1, '2025-11-18 21:56:30', '2025-11-18 21:56:30'),
(24, 59, 4, '{}', 1, '2025-11-18 21:56:43', '2025-11-18 21:56:43'),
(25, 112, 2, '{\"elevation\": 2, \"showTitle\": true, \"textColor\": \"#000000\", \"showLeftIcon\": true, \"showRightIcon\": false, \"backgroundColor\": \"#FFFFFF\"}', 1, '2025-11-20 20:08:12', '2025-11-20 20:08:12'),
(26, 112, 4, '{}', 1, '2025-11-20 20:08:12', '2025-11-20 20:08:12'),
(27, 114, 2, '{\"elevation\": 2, \"showTitle\": true, \"textColor\": \"#000000\", \"showLeftIcon\": true, \"showRightIcon\": false, \"backgroundColor\": \"#FFFFFF\"}', 1, '2025-11-20 20:08:27', '2025-11-20 20:08:27'),
(28, 114, 4, '{}', 1, '2025-11-20 20:08:27', '2025-11-20 20:08:27'),
(29, 116, 2, '{\"elevation\": 2, \"showTitle\": true, \"textColor\": \"#000000\", \"showLeftIcon\": true, \"showRightIcon\": false, \"backgroundColor\": \"#FFFFFF\"}', 1, '2025-11-20 20:08:39', '2025-11-20 20:08:39'),
(31, 105, 2, '{\"elevation\": 2, \"showTitle\": true, \"textColor\": \"#000000\", \"showLeftIcon\": false, \"showRightIcon\": true, \"backgroundColor\": \"#FFFFFF\"}', 1, '2025-11-20 20:09:12', '2025-12-08 14:09:44'),
(32, 107, 2, '{\"elevation\": 2, \"showTitle\": true, \"textColor\": \"#000000\", \"showLeftIcon\": true, \"showRightIcon\": false, \"backgroundColor\": \"#FFFFFF\"}', 1, '2025-11-20 20:09:37', '2025-11-20 20:09:37'),
(33, 109, 2, '{\"elevation\": 2, \"showTitle\": true, \"textColor\": \"#000000\", \"showLeftIcon\": true, \"showRightIcon\": false, \"backgroundColor\": \"#FFFFFF\"}', 1, '2025-11-20 20:09:46', '2025-11-20 20:09:46'),
(34, 108, 2, '{\"elevation\": 2, \"showTitle\": true, \"textColor\": \"#000000\", \"showLeftIcon\": true, \"showRightIcon\": false, \"backgroundColor\": \"#FFFFFF\"}', 1, '2025-11-20 20:09:50', '2025-11-20 20:09:50'),
(36, 111, 3, '{\"showLeftIcon\": true, \"showRightIcon\": true}', 1, '2025-11-20 20:10:36', '2025-11-26 22:59:21'),
(37, 113, 4, '{}', 1, '2025-11-20 21:53:57', '2025-11-20 21:53:57'),
(40, 97, 3, '{\"showLeftIcon\": true, \"showRightIcon\": false}', 1, '2025-11-21 19:15:43', '2025-11-21 19:28:41'),
(41, 106, 3, '{\"leftIconType\": \"back\", \"showLeftIcon\": true, \"showRightIcon\": true}', 1, '2025-11-24 19:27:15', '2025-12-01 20:32:48'),
(44, 107, 4, '{}', 1, '2025-11-25 20:44:49', '2025-11-25 20:44:49'),
(45, 116, 4, '{}', 1, '2025-11-25 21:50:08', '2025-11-25 21:50:08'),
(46, 96, 4, '{}', 1, '2025-11-25 21:53:28', '2025-11-25 21:53:28'),
(50, 131, 2, '{}', 1, '2025-11-26 22:46:29', '2025-12-11 15:56:30'),
(51, 133, 2, '{\"elevation\": 2, \"showTitle\": true, \"textColor\": \"#000000\", \"showLeftIcon\": true, \"showRightIcon\": false, \"backgroundColor\": \"#FFFFFF\"}', 1, '2025-11-26 22:47:01', '2025-11-26 22:47:01'),
(52, 110, 2, '{\"elevation\": 2, \"showTitle\": true, \"textColor\": \"#000000\", \"showLeftIcon\": true, \"showRightIcon\": true, \"backgroundColor\": \"#FFFFFF\"}', 1, '2025-11-26 22:57:56', '2025-11-26 22:59:14'),
(53, 130, 3, '{}', 1, '2025-11-28 13:19:14', '2025-11-28 13:19:14'),
(54, 137, 3, '{}', 1, '2025-11-28 21:02:28', '2025-11-28 21:02:28'),
(55, 17, 3, '{\"showLeftIcon\": false, \"showRightIcon\": true}', 1, '2025-12-01 18:40:24', '2025-12-01 18:42:38'),
(56, 140, 3, '{}', 1, '2025-12-03 16:24:03', '2025-12-03 16:24:03'),
(57, 147, 2, '{\"elevation\": 2, \"showTitle\": true, \"textColor\": \"#000000\", \"showLeftIcon\": true, \"showRightIcon\": false, \"backgroundColor\": \"#FFFFFF\"}', 1, '2025-12-04 18:15:14', '2025-12-04 18:15:14'),
(58, 147, 4, '{}', 1, '2025-12-04 18:15:14', '2025-12-04 18:15:14'),
(59, 105, 4, '{}', 1, '2025-12-04 18:17:52', '2025-12-04 18:17:52'),
(60, 148, 2, '{\"elevation\": 2, \"showTitle\": true, \"textColor\": \"#000000\", \"showLeftIcon\": true, \"showRightIcon\": false, \"backgroundColor\": \"#FFFFFF\"}', 1, '2025-12-04 18:17:52', '2025-12-04 18:17:52'),
(61, 148, 4, '{}', 1, '2025-12-04 18:17:52', '2025-12-04 18:17:52'),
(62, 150, 2, '{\"elevation\": 2, \"showTitle\": true, \"textColor\": \"#000000\", \"showLeftIcon\": true, \"showRightIcon\": false, \"backgroundColor\": \"#FFFFFF\"}', 1, '2025-12-04 18:17:59', '2025-12-04 18:17:59'),
(63, 150, 4, '{}', 1, '2025-12-04 18:17:59', '2025-12-04 18:17:59'),
(64, 113, 3, '{}', 1, '2025-12-04 21:21:54', '2025-12-11 16:24:32'),
(65, 132, 3, '{}', 1, '2025-12-05 14:20:13', '2025-12-05 14:20:13'),
(66, 115, 3, '{}', 1, '2025-12-05 14:39:17', '2025-12-05 14:39:17'),
(67, 134, 3, '{}', 1, '2025-12-05 15:04:49', '2025-12-05 15:04:49'),
(68, 135, 3, '{}', 1, '2025-12-05 15:04:55', '2025-12-05 15:04:55'),
(69, 117, 3, '{}', 1, '2025-12-05 17:01:32', '2025-12-05 17:01:32'),
(70, 98, 3, '{}', 1, '2025-12-08 14:04:38', '2025-12-08 14:04:38'),
(72, 129, 4, '{}', 1, '2025-12-10 22:41:46', '2025-12-10 22:41:46'),
(73, 131, 4, '{}', 1, '2025-12-10 22:41:46', '2025-12-10 22:41:46'),
(74, 96, 2, '{\"elevation\": 2, \"showTitle\": true, \"textColor\": \"#000000\", \"showLeftIcon\": true, \"showRightIcon\": false, \"backgroundColor\": \"#FFFFFF\"}', 1, '2025-12-10 22:41:46', '2025-12-10 22:41:46'),
(76, 129, 2, '{}', 1, '2025-12-11 15:11:23', '2025-12-11 15:11:23'),
(77, 127, 3, '{}', 1, '2025-12-11 15:59:20', '2025-12-11 15:59:20');

-- --------------------------------------------------------

--
-- Table structure for table `screen_role_access`
--

CREATE TABLE `screen_role_access` (
  `id` int NOT NULL,
  `screen_id` int NOT NULL,
  `role_id` int NOT NULL,
  `app_id` int NOT NULL,
  `can_access` tinyint(1) DEFAULT '1',
  `created_at` timestamp NULL DEFAULT CURRENT_TIMESTAMP
) ENGINE=InnoDB DEFAULT CHARSET=utf8mb4 COLLATE=utf8mb4_unicode_ci;

--
-- Dumping data for table `screen_role_access`
--

INSERT INTO `screen_role_access` (`id`, `screen_id`, `role_id`, `app_id`, `can_access`, `created_at`) VALUES
(20, 49, 24, 28, 1, '2025-11-20 16:06:37'),
(21, 50, 24, 28, 1, '2025-11-20 16:06:37'),
(23, 48, 24, 28, 1, '2025-11-20 16:06:37'),
(24, 46, 24, 28, 1, '2025-11-20 16:06:37'),
(27, 80, 24, 28, 1, '2025-11-20 16:06:37'),
(28, 78, 24, 28, 1, '2025-11-20 16:06:37'),
(29, 76, 24, 28, 1, '2025-11-20 16:06:37'),
(30, 75, 24, 28, 1, '2025-11-20 16:06:37'),
(31, 79, 24, 28, 1, '2025-11-20 16:06:37'),
(34, 65, 24, 28, 1, '2025-11-20 16:06:37'),
(35, 95, 24, 28, 1, '2025-11-20 16:06:37'),
(36, 62, 24, 28, 1, '2025-11-20 16:06:37'),
(37, 89, 24, 28, 1, '2025-11-20 16:06:37'),
(41, 49, 25, 28, 1, '2025-11-20 16:06:37'),
(42, 50, 25, 28, 1, '2025-11-20 16:06:37'),
(44, 48, 25, 28, 1, '2025-11-20 16:06:37'),
(45, 46, 25, 28, 1, '2025-11-20 16:06:37'),
(46, 80, 25, 28, 1, '2025-11-20 16:06:37'),
(47, 78, 25, 28, 1, '2025-11-20 16:06:37'),
(48, 76, 25, 28, 1, '2025-11-20 16:06:37'),
(49, 75, 25, 28, 1, '2025-11-20 16:06:37'),
(50, 79, 25, 28, 1, '2025-11-20 16:06:37'),
(51, 65, 25, 28, 1, '2025-11-20 16:06:37'),
(52, 95, 25, 28, 1, '2025-11-20 16:06:37'),
(53, 62, 25, 28, 1, '2025-11-20 16:06:37'),
(54, 89, 25, 28, 1, '2025-11-20 16:06:37'),
(57, 59, 25, 28, 1, '2025-11-20 16:06:37'),
(58, 88, 25, 28, 1, '2025-11-20 16:06:37'),
(59, 94, 25, 28, 1, '2025-11-20 16:06:37'),
(60, 58, 25, 28, 1, '2025-11-20 16:06:37'),
(63, 49, 26, 28, 1, '2025-11-20 16:06:37'),
(67, 46, 26, 28, 1, '2025-11-20 16:06:37'),
(68, 80, 26, 28, 1, '2025-11-20 16:06:37'),
(69, 78, 26, 28, 1, '2025-11-20 16:06:37'),
(70, 76, 26, 28, 1, '2025-11-20 16:06:37'),
(71, 75, 26, 28, 1, '2025-11-20 16:06:37'),
(72, 79, 26, 28, 1, '2025-11-20 16:06:37'),
(73, 65, 26, 28, 1, '2025-11-20 16:06:37'),
(74, 95, 26, 28, 1, '2025-11-20 16:06:37'),
(75, 62, 26, 28, 1, '2025-11-20 16:06:37'),
(76, 89, 26, 28, 1, '2025-11-20 16:06:37'),
(78, 59, 26, 28, 1, '2025-11-20 16:06:37'),
(79, 88, 26, 28, 1, '2025-11-20 16:06:37'),
(80, 94, 26, 28, 1, '2025-11-20 16:06:37'),
(81, 58, 26, 28, 1, '2025-11-20 16:06:37'),
(158, 127, 26, 28, 1, '2025-11-21 01:08:36'),
(159, 128, 26, 28, 1, '2025-11-24 21:17:11'),
(161, 128, 25, 28, 1, '2025-11-24 21:17:20'),
(163, 101, 24, 28, 1, '2025-11-24 21:58:46'),
(164, 129, 26, 28, 1, '2025-11-26 22:28:53'),
(165, 130, 26, 28, 1, '2025-11-26 22:28:53'),
(166, 131, 26, 28, 1, '2025-11-26 22:28:53'),
(167, 132, 26, 28, 1, '2025-11-26 22:28:53'),
(168, 133, 26, 28, 1, '2025-11-26 22:28:53'),
(169, 134, 26, 28, 1, '2025-11-26 22:28:53'),
(170, 135, 25, 28, 1, '2025-11-26 22:28:53'),
(171, 113, 25, 28, 1, '2025-11-26 22:28:53'),
(172, 114, 25, 28, 1, '2025-11-26 22:28:53'),
(173, 115, 25, 28, 1, '2025-11-26 22:28:53'),
(174, 117, 25, 28, 1, '2025-11-26 22:28:53'),
(175, 117, 26, 28, 1, '2025-11-26 22:28:53'),
(176, 112, 24, 28, 1, '2025-11-28 13:53:25'),
(177, 112, 25, 28, 1, '2025-11-28 13:53:25'),
(178, 112, 26, 28, 1, '2025-11-28 13:53:25'),
(182, 93, 24, 28, 1, '2025-11-28 13:54:08'),
(183, 93, 25, 28, 1, '2025-11-28 13:54:08'),
(184, 93, 26, 28, 1, '2025-11-28 13:54:08'),
(185, 136, 26, 28, 1, '2025-11-28 14:58:51'),
(1886, 49, 104, 56, 1, '2025-12-01 01:51:09'),
(1887, 50, 104, 56, 1, '2025-12-01 01:51:09'),
(1888, 48, 104, 56, 1, '2025-12-01 01:51:09'),
(1889, 46, 104, 56, 1, '2025-12-01 01:51:09'),
(1890, 80, 104, 56, 1, '2025-12-01 01:51:09'),
(1891, 78, 104, 56, 1, '2025-12-01 01:51:09'),
(1892, 76, 104, 56, 1, '2025-12-01 01:51:09'),
(1893, 75, 104, 56, 1, '2025-12-01 01:51:09'),
(1894, 79, 104, 56, 1, '2025-12-01 01:51:09'),
(1895, 65, 104, 56, 1, '2025-12-01 01:51:09'),
(1896, 95, 104, 56, 1, '2025-12-01 01:51:09'),
(1897, 62, 104, 56, 1, '2025-12-01 01:51:09'),
(1898, 89, 104, 56, 1, '2025-12-01 01:51:09'),
(1899, 101, 104, 56, 1, '2025-12-01 01:51:09'),
(1900, 112, 104, 56, 1, '2025-12-01 01:51:09'),
(1901, 93, 104, 56, 1, '2025-12-01 01:51:09'),
(1902, 49, 105, 56, 1, '2025-12-01 01:51:09'),
(1903, 46, 105, 56, 1, '2025-12-01 01:51:09'),
(1904, 80, 105, 56, 1, '2025-12-01 01:51:09'),
(1905, 78, 105, 56, 1, '2025-12-01 01:51:09'),
(1906, 76, 105, 56, 1, '2025-12-01 01:51:09'),
(1907, 75, 105, 56, 1, '2025-12-01 01:51:09'),
(1908, 79, 105, 56, 1, '2025-12-01 01:51:09'),
(1909, 65, 105, 56, 1, '2025-12-01 01:51:09'),
(1910, 95, 105, 56, 1, '2025-12-01 01:51:09'),
(1911, 62, 105, 56, 1, '2025-12-01 01:51:09'),
(1912, 89, 105, 56, 1, '2025-12-01 01:51:09'),
(1913, 59, 105, 56, 1, '2025-12-01 01:51:09'),
(1914, 88, 105, 56, 1, '2025-12-01 01:51:09'),
(1915, 94, 105, 56, 1, '2025-12-01 01:51:09'),
(1916, 58, 105, 56, 1, '2025-12-01 01:51:09'),
(1917, 127, 105, 56, 1, '2025-12-01 01:51:09'),
(1918, 128, 105, 56, 1, '2025-12-01 01:51:09'),
(1919, 129, 105, 56, 1, '2025-12-01 01:51:09'),
(1920, 130, 105, 56, 1, '2025-12-01 01:51:09'),
(1921, 131, 105, 56, 1, '2025-12-01 01:51:09'),
(1922, 132, 105, 56, 1, '2025-12-01 01:51:09'),
(1923, 133, 105, 56, 1, '2025-12-01 01:51:09'),
(1924, 134, 105, 56, 1, '2025-12-01 01:51:09'),
(1925, 117, 105, 56, 1, '2025-12-01 01:51:09'),
(1926, 112, 105, 56, 1, '2025-12-01 01:51:09'),
(1927, 93, 105, 56, 1, '2025-12-01 01:51:09'),
(1928, 136, 105, 56, 1, '2025-12-01 01:51:09'),
(1929, 49, 106, 56, 1, '2025-12-01 01:51:09'),
(1930, 50, 106, 56, 1, '2025-12-01 01:51:09'),
(1931, 48, 106, 56, 1, '2025-12-01 01:51:09'),
(1932, 46, 106, 56, 1, '2025-12-01 01:51:09'),
(1933, 80, 106, 56, 1, '2025-12-01 01:51:09'),
(1934, 78, 106, 56, 1, '2025-12-01 01:51:09'),
(1935, 76, 106, 56, 1, '2025-12-01 01:51:09'),
(1936, 75, 106, 56, 1, '2025-12-01 01:51:09'),
(1937, 79, 106, 56, 1, '2025-12-01 01:51:09'),
(1938, 65, 106, 56, 1, '2025-12-01 01:51:09'),
(1939, 95, 106, 56, 1, '2025-12-01 01:51:09'),
(1940, 62, 106, 56, 1, '2025-12-01 01:51:09'),
(1941, 89, 106, 56, 1, '2025-12-01 01:51:09'),
(1942, 59, 106, 56, 1, '2025-12-01 01:51:09'),
(1943, 88, 106, 56, 1, '2025-12-01 01:51:09'),
(1944, 94, 106, 56, 1, '2025-12-01 01:51:09'),
(1945, 58, 106, 56, 1, '2025-12-01 01:51:09'),
(1946, 128, 106, 56, 1, '2025-12-01 01:51:09'),
(1947, 135, 106, 56, 1, '2025-12-01 01:51:09'),
(1948, 113, 106, 56, 1, '2025-12-01 01:51:09'),
(1949, 114, 106, 56, 1, '2025-12-01 01:51:09'),
(1950, 115, 106, 56, 1, '2025-12-01 01:51:09'),
(1951, 117, 106, 56, 1, '2025-12-01 01:51:09'),
(1952, 112, 106, 56, 1, '2025-12-01 01:51:09'),
(1953, 93, 106, 56, 1, '2025-12-01 01:51:09'),
(1954, 139, 105, 56, 1, '2025-12-02 20:08:39'),
(1955, 139, 106, 56, 1, '2025-12-02 20:08:43'),
(1956, 49, 107, 57, 1, '2025-12-03 20:19:28'),
(1957, 50, 107, 57, 1, '2025-12-03 20:19:28'),
(1958, 48, 107, 57, 1, '2025-12-03 20:19:28'),
(1959, 46, 107, 57, 1, '2025-12-03 20:19:28'),
(1960, 80, 107, 57, 1, '2025-12-03 20:19:28'),
(1961, 78, 107, 57, 1, '2025-12-03 20:19:28'),
(1962, 76, 107, 57, 1, '2025-12-03 20:19:28'),
(1963, 75, 107, 57, 1, '2025-12-03 20:19:28'),
(1964, 79, 107, 57, 1, '2025-12-03 20:19:28'),
(1965, 65, 107, 57, 1, '2025-12-03 20:19:28'),
(1966, 95, 107, 57, 1, '2025-12-03 20:19:28'),
(1967, 62, 107, 57, 1, '2025-12-03 20:19:28'),
(1968, 89, 107, 57, 1, '2025-12-03 20:19:28'),
(1969, 101, 107, 57, 1, '2025-12-03 20:19:28'),
(1970, 112, 107, 57, 1, '2025-12-03 20:19:28'),
(1971, 93, 107, 57, 1, '2025-12-03 20:19:28'),
(1972, 49, 108, 57, 1, '2025-12-03 20:19:28'),
(1973, 46, 108, 57, 1, '2025-12-03 20:19:28'),
(1974, 80, 108, 57, 1, '2025-12-03 20:19:28'),
(1975, 78, 108, 57, 1, '2025-12-03 20:19:28'),
(1976, 76, 108, 57, 1, '2025-12-03 20:19:28'),
(1977, 75, 108, 57, 1, '2025-12-03 20:19:28'),
(1978, 79, 108, 57, 1, '2025-12-03 20:19:28'),
(1979, 65, 108, 57, 1, '2025-12-03 20:19:28'),
(1980, 95, 108, 57, 1, '2025-12-03 20:19:28'),
(1981, 62, 108, 57, 1, '2025-12-03 20:19:28'),
(1982, 89, 108, 57, 1, '2025-12-03 20:19:28'),
(1983, 59, 108, 57, 1, '2025-12-03 20:19:28'),
(1984, 88, 108, 57, 1, '2025-12-03 20:19:28'),
(1985, 94, 108, 57, 1, '2025-12-03 20:19:28'),
(1986, 58, 108, 57, 1, '2025-12-03 20:19:28'),
(1987, 127, 108, 57, 1, '2025-12-03 20:19:28'),
(1988, 128, 108, 57, 1, '2025-12-03 20:19:28'),
(1989, 129, 108, 57, 1, '2025-12-03 20:19:28'),
(1990, 130, 108, 57, 1, '2025-12-03 20:19:28'),
(1991, 131, 108, 57, 1, '2025-12-03 20:19:28'),
(1992, 132, 108, 57, 1, '2025-12-03 20:19:28'),
(1993, 133, 108, 57, 1, '2025-12-03 20:19:28'),
(1994, 134, 108, 57, 1, '2025-12-03 20:19:28'),
(1995, 117, 108, 57, 1, '2025-12-03 20:19:28'),
(1996, 112, 108, 57, 1, '2025-12-03 20:19:28'),
(1997, 93, 108, 57, 1, '2025-12-03 20:19:28'),
(1998, 136, 108, 57, 1, '2025-12-03 20:19:28'),
(1999, 49, 109, 57, 1, '2025-12-03 20:19:28'),
(2000, 50, 109, 57, 1, '2025-12-03 20:19:28'),
(2001, 48, 109, 57, 1, '2025-12-03 20:19:28'),
(2002, 46, 109, 57, 1, '2025-12-03 20:19:28'),
(2003, 80, 109, 57, 1, '2025-12-03 20:19:28'),
(2004, 78, 109, 57, 1, '2025-12-03 20:19:28'),
(2005, 76, 109, 57, 1, '2025-12-03 20:19:28'),
(2006, 75, 109, 57, 1, '2025-12-03 20:19:28'),
(2007, 79, 109, 57, 1, '2025-12-03 20:19:28'),
(2008, 65, 109, 57, 1, '2025-12-03 20:19:28'),
(2009, 95, 109, 57, 1, '2025-12-03 20:19:28'),
(2010, 62, 109, 57, 1, '2025-12-03 20:19:28'),
(2011, 89, 109, 57, 1, '2025-12-03 20:19:28'),
(2012, 59, 109, 57, 1, '2025-12-03 20:19:28'),
(2013, 88, 109, 57, 1, '2025-12-03 20:19:28'),
(2014, 94, 109, 57, 1, '2025-12-03 20:19:28'),
(2015, 58, 109, 57, 1, '2025-12-03 20:19:28'),
(2016, 128, 109, 57, 1, '2025-12-03 20:19:28'),
(2017, 135, 109, 57, 1, '2025-12-03 20:19:28'),
(2018, 113, 109, 57, 1, '2025-12-03 20:19:28'),
(2019, 114, 109, 57, 1, '2025-12-03 20:19:28'),
(2020, 115, 109, 57, 1, '2025-12-03 20:19:28'),
(2021, 117, 109, 57, 1, '2025-12-03 20:19:28'),
(2022, 112, 109, 57, 1, '2025-12-03 20:19:28'),
(2023, 93, 109, 57, 1, '2025-12-03 20:19:29'),
(2034, 105, 111, 58, 1, '2025-12-03 22:54:45'),
(2035, 105, 110, 58, 1, '2025-12-03 22:54:45'),
(2036, 106, 111, 58, 1, '2025-12-03 22:54:45'),
(2037, 106, 110, 58, 1, '2025-12-03 22:54:45'),
(2038, 107, 111, 58, 1, '2025-12-03 22:54:45'),
(2039, 107, 110, 58, 1, '2025-12-03 22:54:45'),
(2040, 108, 111, 58, 1, '2025-12-03 22:54:45'),
(2041, 108, 110, 58, 1, '2025-12-03 22:54:45'),
(2042, 109, 111, 58, 1, '2025-12-03 22:54:45'),
(2043, 109, 110, 58, 1, '2025-12-03 22:54:45'),
(2044, 110, 111, 58, 1, '2025-12-03 22:54:45'),
(2045, 110, 110, 58, 1, '2025-12-03 22:54:45'),
(2046, 111, 111, 58, 1, '2025-12-03 22:54:45'),
(2047, 111, 110, 58, 1, '2025-12-03 22:54:45'),
(2048, 128, 111, 58, 1, '2025-12-03 22:54:45'),
(2049, 128, 110, 58, 1, '2025-12-03 22:54:45'),
(2050, 141, 111, 58, 1, '2025-12-03 22:54:45'),
(2051, 142, 111, 58, 1, '2025-12-03 22:54:45'),
(2052, 142, 110, 58, 1, '2025-12-03 22:54:45'),
(2053, 143, 111, 58, 1, '2025-12-03 22:54:45'),
(2054, 144, 111, 58, 1, '2025-12-03 22:54:45'),
(2055, 144, 110, 58, 1, '2025-12-03 22:54:45'),
(2056, 145, 111, 58, 1, '2025-12-03 22:54:45'),
(2057, 146, 111, 58, 1, '2025-12-03 22:54:45'),
(2058, 147, 110, 58, 1, '2025-12-03 22:54:45'),
(2059, 148, 110, 58, 1, '2025-12-03 22:54:45'),
(2060, 149, 111, 58, 1, '2025-12-03 22:54:45'),
(2061, 150, 110, 58, 1, '2025-12-03 22:54:45'),
(2062, 151, 111, 58, 1, '2025-12-03 22:54:45'),
(2063, 152, 111, 58, 1, '2025-12-03 22:54:45'),
(2064, 141, 110, 58, 1, '2025-12-04 02:47:23'),
(2065, 143, 110, 58, 1, '2025-12-04 02:47:23'),
(2067, 115, 105, 56, 1, '2025-12-05 14:32:39'),
(2068, 116, 105, 56, 1, '2025-12-05 14:33:03'),
(2069, 116, 106, 56, 1, '2025-12-05 14:33:03'),
(2070, 96, 113, 60, 1, '2025-12-09 20:19:05'),
(2071, 96, 114, 60, 1, '2025-12-09 20:19:05'),
(2072, 96, 112, 60, 1, '2025-12-09 20:19:05'),
(2073, 97, 113, 60, 1, '2025-12-09 20:19:05'),
(2074, 97, 114, 60, 1, '2025-12-09 20:19:05'),
(2075, 97, 112, 60, 1, '2025-12-09 20:19:05'),
(2076, 101, 113, 60, 1, '2025-12-09 20:19:05'),
(2077, 112, 113, 60, 1, '2025-12-09 20:19:05'),
(2078, 112, 114, 60, 1, '2025-12-09 20:19:05'),
(2079, 112, 112, 60, 1, '2025-12-09 20:19:05'),
(2080, 113, 113, 60, 1, '2025-12-09 20:19:05'),
(2081, 114, 113, 60, 1, '2025-12-09 20:19:05'),
(2082, 115, 113, 60, 1, '2025-12-09 20:19:05'),
(2083, 116, 113, 60, 1, '2025-12-09 20:19:05'),
(2084, 116, 114, 60, 1, '2025-12-09 20:19:05'),
(2085, 116, 112, 60, 1, '2025-12-09 20:19:05'),
(2086, 117, 113, 60, 1, '2025-12-09 20:19:05'),
(2087, 117, 114, 60, 1, '2025-12-09 20:19:05'),
(2088, 117, 112, 60, 1, '2025-12-09 20:19:05'),
(2089, 127, 114, 60, 1, '2025-12-09 20:19:05'),
(2090, 127, 112, 60, 1, '2025-12-09 20:19:05'),
(2091, 128, 113, 60, 1, '2025-12-09 20:19:05'),
(2092, 128, 114, 60, 1, '2025-12-09 20:19:05'),
(2093, 128, 112, 60, 1, '2025-12-09 20:19:05'),
(2094, 129, 114, 60, 1, '2025-12-09 20:19:05'),
(2095, 129, 112, 60, 1, '2025-12-09 20:19:05'),
(2096, 130, 114, 60, 1, '2025-12-09 20:19:05'),
(2097, 130, 112, 60, 1, '2025-12-09 20:19:05'),
(2098, 131, 114, 60, 1, '2025-12-09 20:19:05'),
(2099, 131, 112, 60, 1, '2025-12-09 20:19:05'),
(2100, 132, 114, 60, 1, '2025-12-09 20:19:05'),
(2101, 132, 112, 60, 1, '2025-12-09 20:19:05'),
(2102, 133, 112, 60, 1, '2025-12-09 20:19:05'),
(2103, 135, 113, 60, 1, '2025-12-09 20:19:05'),
(2104, 135, 114, 60, 1, '2025-12-09 20:19:05'),
(2105, 135, 112, 60, 1, '2025-12-09 20:19:05'),
(2310, 46, 124, 65, 1, '2025-12-11 21:49:11'),
(2311, 46, 125, 65, 1, '2025-12-11 21:49:11'),
(2312, 46, 126, 65, 1, '2025-12-11 21:49:11'),
(2313, 48, 124, 65, 1, '2025-12-11 21:49:11'),
(2314, 48, 126, 65, 1, '2025-12-11 21:49:11'),
(2315, 49, 124, 65, 1, '2025-12-11 21:49:11'),
(2316, 49, 125, 65, 1, '2025-12-11 21:49:11'),
(2317, 49, 126, 65, 1, '2025-12-11 21:49:11'),
(2318, 50, 124, 65, 1, '2025-12-11 21:49:11'),
(2319, 50, 126, 65, 1, '2025-12-11 21:49:11'),
(2320, 58, 125, 65, 1, '2025-12-11 21:49:11'),
(2321, 58, 126, 65, 1, '2025-12-11 21:49:11'),
(2322, 59, 125, 65, 1, '2025-12-11 21:49:11'),
(2323, 59, 126, 65, 1, '2025-12-11 21:49:11'),
(2324, 62, 124, 65, 1, '2025-12-11 21:49:11'),
(2325, 62, 125, 65, 1, '2025-12-11 21:49:11'),
(2326, 62, 126, 65, 1, '2025-12-11 21:49:11'),
(2327, 65, 124, 65, 1, '2025-12-11 21:49:11'),
(2328, 65, 125, 65, 1, '2025-12-11 21:49:11'),
(2329, 65, 126, 65, 1, '2025-12-11 21:49:11'),
(2330, 75, 124, 65, 1, '2025-12-11 21:49:11'),
(2331, 75, 125, 65, 1, '2025-12-11 21:49:11'),
(2332, 75, 126, 65, 1, '2025-12-11 21:49:11'),
(2333, 76, 124, 65, 1, '2025-12-11 21:49:11'),
(2334, 76, 125, 65, 1, '2025-12-11 21:49:11'),
(2335, 76, 126, 65, 1, '2025-12-11 21:49:11'),
(2336, 78, 124, 65, 1, '2025-12-11 21:49:11'),
(2337, 78, 125, 65, 1, '2025-12-11 21:49:11'),
(2338, 78, 126, 65, 1, '2025-12-11 21:49:11'),
(2339, 79, 124, 65, 1, '2025-12-11 21:49:11'),
(2340, 79, 125, 65, 1, '2025-12-11 21:49:11'),
(2341, 79, 126, 65, 1, '2025-12-11 21:49:11'),
(2342, 80, 124, 65, 1, '2025-12-11 21:49:11'),
(2343, 80, 125, 65, 1, '2025-12-11 21:49:11'),
(2344, 80, 126, 65, 1, '2025-12-11 21:49:11'),
(2345, 88, 125, 65, 1, '2025-12-11 21:49:11'),
(2346, 88, 126, 65, 1, '2025-12-11 21:49:11'),
(2347, 89, 124, 65, 1, '2025-12-11 21:49:11'),
(2348, 89, 125, 65, 1, '2025-12-11 21:49:11'),
(2349, 89, 126, 65, 1, '2025-12-11 21:49:11'),
(2350, 93, 124, 65, 1, '2025-12-11 21:49:11'),
(2351, 93, 125, 65, 1, '2025-12-11 21:49:11'),
(2352, 93, 126, 65, 1, '2025-12-11 21:49:11'),
(2353, 94, 125, 65, 1, '2025-12-11 21:49:11'),
(2354, 94, 126, 65, 1, '2025-12-11 21:49:11'),
(2355, 95, 124, 65, 1, '2025-12-11 21:49:11'),
(2356, 95, 125, 65, 1, '2025-12-11 21:49:11'),
(2357, 95, 126, 65, 1, '2025-12-11 21:49:11'),
(2358, 101, 124, 65, 1, '2025-12-11 21:49:11'),
(2359, 112, 124, 65, 1, '2025-12-11 21:49:11'),
(2360, 112, 125, 65, 1, '2025-12-11 21:49:11'),
(2361, 112, 126, 65, 1, '2025-12-11 21:49:11'),
(2362, 113, 126, 65, 1, '2025-12-11 21:49:11'),
(2363, 114, 126, 65, 1, '2025-12-11 21:49:11'),
(2364, 115, 126, 65, 1, '2025-12-11 21:49:11'),
(2365, 117, 125, 65, 1, '2025-12-11 21:49:11'),
(2366, 117, 126, 65, 1, '2025-12-11 21:49:11'),
(2367, 127, 125, 65, 1, '2025-12-11 21:49:11'),
(2368, 128, 125, 65, 1, '2025-12-11 21:49:11'),
(2369, 128, 126, 65, 1, '2025-12-11 21:49:11'),
(2370, 129, 125, 65, 1, '2025-12-11 21:49:11'),
(2371, 130, 125, 65, 1, '2025-12-11 21:49:11'),
(2372, 131, 125, 65, 1, '2025-12-11 21:49:11'),
(2373, 132, 125, 65, 1, '2025-12-11 21:49:11'),
(2374, 133, 125, 65, 1, '2025-12-11 21:49:11'),
(2375, 134, 125, 65, 1, '2025-12-11 21:49:11'),
(2376, 135, 126, 65, 1, '2025-12-11 21:49:11'),
(2377, 136, 125, 65, 1, '2025-12-11 21:49:11');

-- --------------------------------------------------------

--
-- Table structure for table `screen_submissions`
--

CREATE TABLE `screen_submissions` (
  `id` int NOT NULL,
  `app_id` int NOT NULL,
  `screen_id` int NOT NULL,
  `user_id` int DEFAULT NULL,
  `submission_data` json NOT NULL,
  `device_info` varchar(255) CHARACTER SET utf8mb4 COLLATE utf8mb4_unicode_ci DEFAULT NULL,
  `ip_address` varchar(45) CHARACTER SET utf8mb4 COLLATE utf8mb4_unicode_ci DEFAULT NULL,
  `created_at` timestamp NULL DEFAULT CURRENT_TIMESTAMP,
  `updated_at` timestamp NULL DEFAULT CURRENT_TIMESTAMP ON UPDATE CURRENT_TIMESTAMP
) ENGINE=InnoDB DEFAULT CHARSET=utf8mb4 COLLATE=utf8mb4_unicode_ci;

--
-- Dumping data for table `screen_submissions`
--

INSERT INTO `screen_submissions` (`id`, `app_id`, `screen_id`, `user_id`, `submission_data`, `device_info`, `ip_address`, `created_at`, `updated_at`) VALUES
(2, 28, 58, NULL, '{\"bio\": \"this is a test\", \"email\": \"Larry@bluestoneapps.com\", \"phone\": \"7897654444\", \"last_name\": \"Allen\", \"first_name\": \"Larry\", \"save_button\": \"\", \"profile_heading\": \"\", \"profile_description\": \"\"}', NULL, '::ffff:142.250.105.94', '2025-11-18 22:05:10', '2025-11-18 22:05:10'),
(3, 28, 59, NULL, '{\"bio\": \"this is my bio\", \"email\": \"john@test.com\", \"phone\": \"8976543454\", \"gender\": \"male\", \"last_name\": \"Jackson\", \"first_name\": \"John\", \"date_of_birth\": \"1989-11-19\", \"profile_photo\": \"file:///Users/lallen30/Library/Developer/CoreSimulator/Devices/809B3635-C9A6-4E8E-855E-2CDBF7874C95/data/Containers/Data/Application/6C678E89-008C-48C7-ADBE-CBD00AD80FFE/tmp/A1589253-47D1-4EF3-980A-AEFA2BB9AC68.jpg\", \"change_password_link\": \"\"}', NULL, '::ffff:142.250.105.94', '2025-11-19 16:03:42', '2025-11-19 16:03:42'),
(4, 28, 59, NULL, '{\"bio\": \"this is my bio\", \"email\": \"john@test.com\", \"phone\": \"8656657321\", \"gender\": \"male\", \"last_name\": \"Test\", \"first_name\": \"John\", \"date_of_birth\": \"1974-11-19\", \"profile_photo\": \"file:///Users/lallen30/Library/Developer/CoreSimulator/Devices/809B3635-C9A6-4E8E-855E-2CDBF7874C95/data/Containers/Data/Application/6C678E89-008C-48C7-ADBE-CBD00AD80FFE/tmp/4B7CD466-19F8-467C-BFA7-5244AE771A87.jpg\", \"change_password_link\": \"\"}', NULL, '::ffff:142.250.105.94', '2025-11-19 16:07:59', '2025-11-19 16:07:59'),
(5, 28, 58, NULL, '{\"bio\": \"this is my bio\", \"email\": \"john@test.com\", \"phone\": \"8656657321\", \"gender\": \"male\", \"last_name\": \"Test\", \"first_name\": \"John\", \"date_of_birth\": \"1974-11-19\", \"profile_photo\": \"file:///Users/lallen30/Library/Developer/CoreSimulator/Devices/809B3635-C9A6-4E8E-855E-2CDBF7874C95/data/Containers/Data/Application/6C678E89-008C-48C7-ADBE-CBD00AD80FFE/tmp/4B7CD466-19F8-467C-BFA7-5244AE771A87.jpg\", \"change_password_link\": \"\"}', NULL, '::ffff:142.250.105.94', '2025-11-19 16:07:59', '2025-11-19 16:07:59'),
(6, 28, 59, NULL, '{\"bio\": \"this is my bio\", \"email\": \"john@test.com\", \"phone\": \"8656657321\", \"gender\": \"male\", \"last_name\": \"Test\", \"first_name\": \"John Seth\", \"date_of_birth\": \"1974-11-19\", \"profile_photo\": \"file:///Users/lallen30/Library/Developer/CoreSimulator/Devices/809B3635-C9A6-4E8E-855E-2CDBF7874C95/data/Containers/Data/Application/6C678E89-008C-48C7-ADBE-CBD00AD80FFE/tmp/4B7CD466-19F8-467C-BFA7-5244AE771A87.jpg\", \"change_password_link\": \"\"}', NULL, '::ffff:142.250.105.94', '2025-11-19 21:31:58', '2025-11-19 21:31:58'),
(7, 28, 59, NULL, '{\"bio\": \"this is my bio\", \"email\": \"john@test.com\", \"phone\": \"8656657321\", \"gender\": \"male\", \"last_name\": \"Test\", \"first_name\": \"John Seth\", \"date_of_birth\": \"1974-11-19\", \"profile_photo\": \"file:///Users/lallen30/Library/Developer/CoreSimulator/Devices/809B3635-C9A6-4E8E-855E-2CDBF7874C95/data/Containers/Data/Application/6C678E89-008C-48C7-ADBE-CBD00AD80FFE/tmp/4B7CD466-19F8-467C-BFA7-5244AE771A87.jpg\", \"change_password_link\": \"\"}', NULL, '::ffff:142.250.105.94', '2025-11-19 21:44:01', '2025-11-19 21:44:01'),
(8, 28, 59, NULL, '{\"bio\": \"this is my bio\", \"email\": \"john@test.com\", \"phone\": \"8656657321\", \"gender\": \"male\", \"last_name\": \"Test\", \"first_name\": \"Jack\", \"date_of_birth\": \"1974-11-19\", \"profile_photo\": \"file:///Users/lallen30/Library/Developer/CoreSimulator/Devices/809B3635-C9A6-4E8E-855E-2CDBF7874C95/data/Containers/Data/Application/6C678E89-008C-48C7-ADBE-CBD00AD80FFE/tmp/4B7CD466-19F8-467C-BFA7-5244AE771A87.jpg\", \"change_password_link\": \"\"}', NULL, '::ffff:142.250.105.94', '2025-11-19 21:44:52', '2025-11-19 21:44:52'),
(9, 28, 59, NULL, '{\"bio\": \"this is my bio\", \"email\": \"john@test.com\", \"phone\": \"8656657321\", \"gender\": \"male\", \"last_name\": \"Johnson\", \"first_name\": \"Jack\", \"date_of_birth\": \"1974-11-19\", \"profile_photo\": \"file:///Users/lallen30/Library/Developer/CoreSimulator/Devices/809B3635-C9A6-4E8E-855E-2CDBF7874C95/data/Containers/Data/Application/6C678E89-008C-48C7-ADBE-CBD00AD80FFE/tmp/4B7CD466-19F8-467C-BFA7-5244AE771A87.jpg\", \"change_password_link\": \"\"}', NULL, '::ffff:142.250.105.94', '2025-11-19 21:47:24', '2025-11-19 21:47:24'),
(10, 28, 59, NULL, '{\"bio\": \"this is my bio\", \"email\": \"john@test.com\", \"phone\": \"8656657321\", \"gender\": \"male\", \"last_name\": \"Johnson\", \"first_name\": \"Jason\", \"date_of_birth\": \"1974-11-19\", \"profile_photo\": \"file:///Users/lallen30/Library/Developer/CoreSimulator/Devices/809B3635-C9A6-4E8E-855E-2CDBF7874C95/data/Containers/Data/Application/6C678E89-008C-48C7-ADBE-CBD00AD80FFE/tmp/4B7CD466-19F8-467C-BFA7-5244AE771A87.jpg\", \"change_password_link\": \"\"}', NULL, '::ffff:142.250.105.94', '2025-11-19 21:49:30', '2025-11-19 21:49:30'),
(11, 28, 58, NULL, '{\"bio\": \"this is my bio\", \"email\": \"john@test.com\", \"phone\": \"8656657321\", \"gender\": \"male\", \"last_name\": \"Johnson\", \"first_name\": \"Jason\", \"date_of_birth\": \"1974-11-19\", \"profile_photo\": \"file:///Users/lallen30/Library/Developer/CoreSimulator/Devices/809B3635-C9A6-4E8E-855E-2CDBF7874C95/data/Containers/Data/Application/6C678E89-008C-48C7-ADBE-CBD00AD80FFE/tmp/4B7CD466-19F8-467C-BFA7-5244AE771A87.jpg\", \"change_password_link\": \"\"}', NULL, '::ffff:142.250.105.94', '2025-11-19 21:49:30', '2025-11-19 21:49:30'),
(12, 28, 59, NULL, '{\"bio\": \"this is my bio\", \"email\": \"john@test.com\", \"phone\": \"8656657321\", \"gender\": \"male\", \"last_name\": \"Test\", \"first_name\": \"John\", \"date_of_birth\": \"1974-11-19\", \"profile_photo\": \"file:///Users/lallen30/Library/Developer/CoreSimulator/Devices/809B3635-C9A6-4E8E-855E-2CDBF7874C95/data/Containers/Data/Application/6C678E89-008C-48C7-ADBE-CBD00AD80FFE/tmp/4B7CD466-19F8-467C-BFA7-5244AE771A87.jpg\", \"change_password_link\": \"\"}', NULL, '::ffff:142.250.105.94', '2025-11-19 21:51:52', '2025-11-19 21:51:52'),
(13, 28, 58, NULL, '{\"bio\": \"this is my bio\", \"email\": \"john@test.com\", \"phone\": \"8656657321\", \"gender\": \"male\", \"last_name\": \"Test\", \"first_name\": \"John\", \"date_of_birth\": \"1974-11-19\", \"profile_photo\": \"file:///Users/lallen30/Library/Developer/CoreSimulator/Devices/809B3635-C9A6-4E8E-855E-2CDBF7874C95/data/Containers/Data/Application/6C678E89-008C-48C7-ADBE-CBD00AD80FFE/tmp/4B7CD466-19F8-467C-BFA7-5244AE771A87.jpg\", \"change_password_link\": \"\"}', NULL, '::ffff:142.250.105.94', '2025-11-19 21:51:52', '2025-11-19 21:51:52'),
(14, 28, 59, NULL, '{\"bio\": \"this is my bio\", \"email\": \"john@test.com\", \"phone\": \"8656657321\", \"gender\": \"male\", \"last_name\": \"Test\", \"first_name\": \"John\", \"date_of_birth\": \"1974-11-19\", \"profile_photo\": \"file:///Users/lallen30/Library/Developer/CoreSimulator/Devices/809B3635-C9A6-4E8E-855E-2CDBF7874C95/data/Containers/Data/Application/26999CB9-2F98-40BF-9EB0-A8C06DE74695/tmp/29CC7785-E8DA-4DA4-89B0-FB1DB51B1C33.jpg\", \"change_password_link\": \"\"}', NULL, '::ffff:142.250.105.94', '2025-11-19 21:55:32', '2025-11-19 21:55:32'),
(15, 28, 58, NULL, '{\"bio\": \"this is my bio\", \"email\": \"john@test.com\", \"phone\": \"8656657321\", \"gender\": \"male\", \"last_name\": \"Test\", \"first_name\": \"John\", \"date_of_birth\": \"1974-11-19\", \"profile_photo\": \"file:///Users/lallen30/Library/Developer/CoreSimulator/Devices/809B3635-C9A6-4E8E-855E-2CDBF7874C95/data/Containers/Data/Application/26999CB9-2F98-40BF-9EB0-A8C06DE74695/tmp/29CC7785-E8DA-4DA4-89B0-FB1DB51B1C33.jpg\", \"change_password_link\": \"\"}', NULL, '::ffff:142.250.105.94', '2025-11-19 21:55:32', '2025-11-19 21:55:32'),
(16, 28, 106, 22, '{\"bio\": \"This is my bio\", \"email\": \"user1@knoxweb.com\", \"phone\": \"8655468873\", \"gender\": \"male\", \"last_name\": \"Furley\", \"first_name\": \"Ralph\", \"date_of_birth\": \"1998-11-24\", \"profile_photo\": \"http://localhost:3000/uploads/general/25DCC15F-FBC4-4C71-B78A-57A9D1D87AE5-1764013094942-155782943.jpg\", \"change_password_link\": \"\"}', NULL, '::ffff:172.217.215.95', '2025-11-24 19:38:33', '2025-11-24 19:38:33'),
(17, 28, 105, 22, '{\"bio\": \"This is my bio\", \"email\": \"user1@knoxweb.com\", \"phone\": \"8655468873\", \"gender\": \"male\", \"last_name\": \"Furley\", \"first_name\": \"Ralph\", \"date_of_birth\": \"1998-11-24\", \"profile_photo\": \"http://localhost:3000/uploads/general/25DCC15F-FBC4-4C71-B78A-57A9D1D87AE5-1764013094942-155782943.jpg\", \"change_password_link\": \"\"}', NULL, '::ffff:172.217.215.95', '2025-11-24 19:38:33', '2025-11-24 19:38:33'),
(18, 28, 106, 22, '{\"bio\": \"\", \"email\": \"user1@knoxweb.com\", \"phone\": \"8655468873\", \"gender\": \"\", \"last_name\": \"Furley\", \"first_name\": \"Ralph test\", \"date_of_birth\": \"\", \"profile_photo\": \"\", \"change_password_link\": \"\"}', NULL, '::ffff:172.217.215.95', '2025-11-24 19:38:56', '2025-11-24 19:38:56'),
(19, 28, 105, 22, '{\"bio\": \"\", \"email\": \"user1@knoxweb.com\", \"phone\": \"8655468873\", \"gender\": \"\", \"last_name\": \"Furley\", \"first_name\": \"Ralph test\", \"date_of_birth\": \"\", \"profile_photo\": \"\", \"change_password_link\": \"\"}', NULL, '::ffff:172.217.215.95', '2025-11-24 19:38:56', '2025-11-24 19:38:56'),
(20, 56, 139, 94, '{\"email\": \"jason@email.com\", \"phone\": \"1234567890\", \"message\": \"This is Jason\'s test message\", \"full_name\": \"Jason Argonaut\", \"submit_button\": \"\", \"contact_heading\": \"\", \"contact_description\": \"\"}', NULL, '::ffff:172.253.124.95', '2025-12-02 20:11:24', '2025-12-02 22:01:19'),
(21, 56, 139, 94, '{\"email\": \"george@emil.com\", \"phone\": \"1234432112\", \"message\": \"This is Georges test message\", \"full_name\": \"George Washington\", \"submit_button\": \"\", \"contact_heading\": \"\", \"contact_description\": \"\"}', NULL, '::ffff:172.253.124.95', '2025-12-02 20:12:29', '2025-12-02 22:01:12'),
(22, 56, 140, 94, '{\"email\": \"Dogs\", \"phone\": \"\", \"full_name\": \"Alex\", \"submit_button\": \"\", \"contact_heading\": \"\", \"contact_description\": \"\"}', NULL, '::ffff:172.253.124.95', '2025-12-03 16:26:47', '2025-12-03 16:26:47'),
(23, 56, 140, 94, '{\"email\": \"Cat\", \"full_name\": \"Doug\", \"submit_button\": \"\", \"closest_planet\": \"Pluto\", \"contact_heading\": \"Poll\", \"contact_description\": \"\"}', NULL, '::ffff:172.253.124.95', '2025-12-03 17:56:55', '2025-12-03 17:56:55');

-- --------------------------------------------------------

--
-- Table structure for table `screen_templates`
--

CREATE TABLE `screen_templates` (
  `id` int NOT NULL,
  `name` varchar(100) NOT NULL,
  `description` text,
  `category` varchar(50) DEFAULT NULL,
  `icon` varchar(50) DEFAULT NULL,
  `is_active` tinyint(1) DEFAULT '1',
  `created_at` timestamp NULL DEFAULT CURRENT_TIMESTAMP
) ENGINE=InnoDB DEFAULT CHARSET=utf8mb4 COLLATE=utf8mb4_0900_ai_ci;

--
-- Dumping data for table `screen_templates`
--

INSERT INTO `screen_templates` (`id`, `name`, `description`, `category`, `icon`, `is_active`, `created_at`) VALUES
(1, 'Contact Form', 'A simple contact form with name, email, phone, and message fields', 'Forms', 'mail', 1, '2025-11-03 17:12:27'),
(2, 'User Profile', 'User profile screen with personal information fields', 'User', 'user', 1, '2025-11-03 17:12:27'),
(3, 'Login Screen', 'Standard login screen with email and password fields', 'Authentication', 'log-in', 1, '2025-11-03 17:12:27'),
(4, 'Sign Up', 'User registration form with email, password, and personal information', 'Authentication', 'user-plus', 1, '2025-11-03 17:35:25'),
(5, 'Forgot Password', 'Password recovery screen with email input', 'Authentication', 'key', 1, '2025-11-03 17:35:25'),
(6, 'Reset Password', 'Enter new password after recovery', 'Authentication', 'lock', 1, '2025-11-03 17:35:25'),
(7, 'Email Verification', 'Verify email address with code input', 'Authentication', 'mail-check', 1, '2025-11-03 17:35:25'),
(8, 'Settings', 'App settings and preferences screen', 'Settings', 'settings', 1, '2025-11-03 17:35:25'),
(9, 'Notifications List', 'Display all user notifications', 'Notifications', 'bell', 1, '2025-11-03 17:35:25'),
(10, 'Search', 'Search functionality with results', 'Navigation', 'search', 1, '2025-11-03 17:35:25'),
(11, 'About Us', 'Company information and description', 'Information', 'info', 1, '2025-11-03 17:35:25'),
(12, 'FAQ', 'Frequently asked questions', 'Support', 'help-circle', 1, '2025-11-03 17:35:25'),
(13, 'Product Details', 'E-commerce product information page', 'E-Commerce', 'shopping-bag', 1, '2025-11-03 17:35:25'),
(14, 'Shopping Cart', 'View and manage items in shopping cart', 'E-Commerce', 'shopping-cart', 1, '2025-11-03 17:38:15'),
(15, 'Checkout', 'Complete purchase with payment and shipping', 'E-Commerce', 'credit-card', 1, '2025-11-03 17:38:15'),
(16, 'Order Confirmation', 'Order success and details screen', 'E-Commerce', 'check-circle', 1, '2025-11-03 17:38:15'),
(17, 'Dashboard', 'Main dashboard with overview and stats', 'Navigation', 'layout-dashboard', 1, '2025-11-03 17:38:15'),
(18, 'Chat Message', 'One-on-one messaging screen', 'Communication', 'message-circle', 1, '2025-11-03 17:38:15'),
(19, 'Write Review', 'Submit product or service review', 'Communication', 'star', 1, '2025-11-03 17:38:15'),
(20, 'Privacy Policy', 'Privacy policy and data usage information', 'Legal', 'shield', 1, '2025-11-03 17:38:15'),
(21, 'Terms of Service', 'Terms and conditions of use', 'Legal', 'file-text', 1, '2025-11-03 17:38:15'),
(22, 'Booking Form', 'Schedule appointment or reservation', 'Booking', 'calendar', 1, '2025-11-03 17:38:15'),
(23, 'Payment Method', 'Add or select payment method', 'Payment', 'credit-card', 1, '2025-11-03 17:38:15'),
(24, 'Splash Screen', 'App logo and branding while loading', 'Onboarding', 'zap', 1, '2025-11-03 18:08:12'),
(25, 'Onboarding', 'Welcome tutorial slides introducing the app', 'Onboarding', 'book-open', 1, '2025-11-03 18:08:12'),
(26, 'Edit Profile', 'Update user profile information including name, email, phone, bio, and profile photo', 'User Profile & Account', NULL, 1, '2025-11-03 19:05:03');

-- --------------------------------------------------------

--
-- Table structure for table `screen_versions`
--

CREATE TABLE `screen_versions` (
  `id` int NOT NULL,
  `screen_id` int NOT NULL,
  `version_number` int NOT NULL,
  `name` varchar(255) CHARACTER SET utf8mb4 COLLATE utf8mb4_unicode_ci NOT NULL,
  `description` text CHARACTER SET utf8mb4 COLLATE utf8mb4_unicode_ci,
  `category` varchar(50) CHARACTER SET utf8mb4 COLLATE utf8mb4_unicode_ci DEFAULT NULL,
  `icon` varchar(50) CHARACTER SET utf8mb4 COLLATE utf8mb4_unicode_ci DEFAULT NULL,
  `snapshot_data` json NOT NULL COMMENT 'Full snapshot of screen and elements at this version',
  `created_by` int DEFAULT NULL,
  `created_at` timestamp NULL DEFAULT CURRENT_TIMESTAMP
) ENGINE=InnoDB DEFAULT CHARSET=utf8mb4 COLLATE=utf8mb4_unicode_ci;

-- --------------------------------------------------------

--
-- Table structure for table `template_elements`
--

CREATE TABLE `template_elements` (
  `id` int NOT NULL,
  `template_id` int NOT NULL,
  `element_id` int NOT NULL,
  `label` varchar(255) DEFAULT NULL,
  `field_key` varchar(100) DEFAULT NULL,
  `placeholder` text,
  `default_value` text,
  `is_required` tinyint(1) DEFAULT '0',
  `is_readonly` tinyint(1) DEFAULT '0',
  `display_order` int DEFAULT '0',
  `config` json DEFAULT NULL
) ENGINE=InnoDB DEFAULT CHARSET=utf8mb4 COLLATE=utf8mb4_0900_ai_ci;

--
-- Dumping data for table `template_elements`
--

INSERT INTO `template_elements` (`id`, `template_id`, `element_id`, `label`, `field_key`, `placeholder`, `default_value`, `is_required`, `is_readonly`, `display_order`, `config`) VALUES
(1, 1, 27, 'Contact Us', 'contact_heading', NULL, NULL, 0, 0, 0, NULL),
(2, 1, 28, 'We would love to hear from you. Please fill out the form below.', 'contact_description', NULL, NULL, 0, 0, 1, NULL),
(3, 1, 1, 'Full Name', 'full_name', 'Enter your full name', NULL, 1, 0, 2, NULL),
(4, 1, 4, 'Email Address', 'email', 'your.email@example.com', NULL, 1, 0, 3, NULL),
(5, 1, 5, 'Phone Number', 'phone', '(555) 123-4567', NULL, 0, 0, 4, NULL),
(6, 1, 2, 'Message', 'message', 'Type your message here...', NULL, 1, 0, 5, NULL),
(7, 1, 33, 'Send Message', 'submit_button', NULL, NULL, 0, 0, 6, NULL),
(8, 2, 27, 'My Profile', 'profile_heading', NULL, NULL, 0, 0, 0, NULL),
(9, 2, 28, 'Update your personal information below.', 'profile_description', NULL, NULL, 0, 0, 1, NULL),
(10, 2, 1, 'First Name', 'first_name', 'Enter your first name', NULL, 1, 0, 2, NULL),
(11, 2, 1, 'Last Name', 'last_name', 'Enter your last name', NULL, 1, 0, 3, NULL),
(12, 2, 4, 'Email', 'email', 'your.email@example.com', NULL, 1, 0, 4, NULL),
(13, 2, 5, 'Phone', 'phone', '(555) 123-4567', NULL, 0, 0, 5, NULL),
(14, 2, 2, 'Bio', 'bio', 'Tell us about yourself...', NULL, 0, 0, 6, NULL),
(15, 2, 33, 'Save Changes', 'save_button', NULL, NULL, 0, 0, 7, NULL),
(16, 3, 27, 'Welcome Back', 'login_heading', NULL, NULL, 0, 0, 0, NULL),
(17, 3, 28, 'Please sign in to continue.', 'login_description', NULL, NULL, 0, 0, 1, NULL),
(18, 3, 4, 'Email Address', 'email', 'your.email@example.com', NULL, 1, 0, 2, NULL),
(19, 3, 1, 'Password', 'password', 'Enter your password', NULL, 1, 0, 3, NULL),
(20, 3, 33, 'Sign In', 'login_button', NULL, NULL, 0, 0, 4, NULL),
(21, 3, 28, 'Forgot your password?', 'forgot_password_link', NULL, NULL, 0, 0, 5, NULL),
(22, 4, 27, 'Create Account', 'signup_heading', NULL, NULL, 0, 0, 0, NULL),
(23, 4, 28, 'Join us today and get started!', 'signup_description', NULL, NULL, 0, 0, 1, NULL),
(24, 4, 1, 'First Name', 'first_name', 'Enter your first name', NULL, 1, 0, 2, NULL),
(25, 4, 1, 'Last Name', 'last_name', 'Enter your last name', NULL, 1, 0, 3, NULL),
(26, 4, 4, 'Email Address', 'email', 'your.email@example.com', NULL, 1, 0, 4, NULL),
(27, 4, 5, 'Phone Number', 'phone', '(555) 123-4567', NULL, 0, 0, 5, NULL),
(28, 4, 1, 'Password', 'password', 'Create a strong password', NULL, 1, 0, 6, NULL),
(29, 4, 1, 'Confirm Password', 'confirm_password', 'Re-enter your password', NULL, 1, 0, 7, NULL),
(30, 4, 33, 'Sign Up', 'signup_button', NULL, NULL, 0, 0, 8, NULL),
(31, 4, 28, 'Already have an account? Login', 'login_link', NULL, NULL, 0, 0, 9, NULL),
(32, 5, 27, 'Forgot Password?', 'forgot_heading', NULL, NULL, 0, 0, 0, NULL),
(33, 5, 28, 'Enter your email address and we will send you a link to reset your password.', 'forgot_description', NULL, NULL, 0, 0, 1, NULL),
(34, 5, 4, 'Email Address', 'email', 'your.email@example.com', NULL, 1, 0, 2, NULL),
(35, 5, 33, 'Send Reset Link', 'send_button', NULL, NULL, 0, 0, 3, NULL),
(36, 5, 28, 'Remember your password? Login', 'login_link', NULL, NULL, 0, 0, 4, NULL),
(37, 6, 27, 'Reset Password', 'reset_heading', NULL, NULL, 0, 0, 0, NULL),
(38, 6, 28, 'Please enter your new password below.', 'reset_description', NULL, NULL, 0, 0, 1, NULL),
(39, 6, 1, 'New Password', 'new_password', 'Enter new password', NULL, 1, 0, 2, NULL),
(40, 6, 1, 'Confirm Password', 'confirm_password', 'Re-enter new password', NULL, 1, 0, 3, NULL),
(41, 6, 33, 'Reset Password', 'reset_button', NULL, NULL, 0, 0, 4, NULL),
(42, 7, 27, 'Verify Your Email', 'verify_heading', NULL, NULL, 0, 0, 0, NULL),
(43, 7, 28, 'We sent a verification code to your email address. Please enter it below.', 'verify_description', NULL, NULL, 0, 0, 1, NULL),
(44, 7, 1, 'Verification Code', 'verification_code', 'Enter 6-digit code', NULL, 1, 0, 2, NULL),
(45, 7, 33, 'Verify Email', 'verify_button', NULL, NULL, 0, 0, 3, NULL),
(46, 7, 28, 'Did not receive code? Resend', 'resend_link', NULL, NULL, 0, 0, 4, NULL),
(47, 8, 27, 'Settings', 'settings_heading', NULL, NULL, 0, 0, 0, NULL),
(48, 8, 28, 'Manage your app preferences', 'settings_description', NULL, NULL, 0, 0, 1, NULL),
(49, 8, 27, 'Account', 'account_section', NULL, NULL, 0, 0, 2, NULL),
(50, 8, 28, 'Edit Profile', 'edit_profile_link', NULL, NULL, 0, 0, 3, NULL),
(51, 8, 28, 'Change Password', 'change_password_link', NULL, NULL, 0, 0, 4, NULL),
(52, 8, 27, 'Notifications', 'notifications_section', NULL, NULL, 0, 0, 5, NULL),
(53, 8, 28, 'Push Notifications', 'push_notifications_toggle', NULL, NULL, 0, 0, 6, NULL),
(54, 8, 28, 'Email Notifications', 'email_notifications_toggle', NULL, NULL, 0, 0, 7, NULL),
(55, 8, 27, 'Privacy', 'privacy_section', NULL, NULL, 0, 0, 8, NULL),
(56, 8, 28, 'Privacy Policy', 'privacy_policy_link', NULL, NULL, 0, 0, 9, NULL),
(57, 8, 28, 'Terms of Service', 'terms_link', NULL, NULL, 0, 0, 10, NULL),
(58, 8, 33, 'Logout', 'logout_button', NULL, NULL, 0, 0, 11, NULL),
(59, 9, 27, 'Notifications', 'notifications_heading', NULL, NULL, 0, 0, 0, NULL),
(60, 9, 28, 'Stay updated with your latest activities', 'notifications_description', NULL, NULL, 0, 0, 1, NULL),
(61, 9, 28, 'You have a new message', 'notification_1', NULL, NULL, 0, 0, 2, NULL),
(62, 9, 28, 'Your order has been shipped', 'notification_2', NULL, NULL, 0, 0, 3, NULL),
(63, 9, 28, 'New friend request', 'notification_3', NULL, NULL, 0, 0, 4, NULL),
(64, 9, 33, 'Mark All as Read', 'mark_read_button', NULL, NULL, 0, 0, 5, NULL),
(65, 10, 27, 'Search', 'search_heading', NULL, NULL, 0, 0, 0, NULL),
(66, 10, 1, 'Search', 'search_input', 'What are you looking for?', NULL, 0, 0, 1, NULL),
(67, 10, 28, 'Popular Searches', 'popular_section', NULL, NULL, 0, 0, 2, NULL),
(68, 10, 28, 'Products', 'popular_1', NULL, NULL, 0, 0, 3, NULL),
(69, 10, 28, 'Services', 'popular_2', NULL, NULL, 0, 0, 4, NULL),
(70, 10, 28, 'Articles', 'popular_3', NULL, NULL, 0, 0, 5, NULL),
(71, 10, 33, 'Search', 'search_button', NULL, NULL, 0, 0, 6, NULL),
(72, 11, 27, 'About Us', 'about_heading', NULL, NULL, 0, 0, 0, NULL),
(73, 11, 28, 'Learn more about our company and mission', 'about_subtitle', NULL, NULL, 0, 0, 1, NULL),
(74, 11, 27, 'Our Story', 'story_heading', NULL, NULL, 0, 0, 2, NULL),
(75, 11, 28, 'We are a company dedicated to providing the best service to our customers. Founded in 2020, we have grown to serve thousands of users worldwide.', 'story_text', NULL, NULL, 0, 0, 3, NULL),
(76, 11, 27, 'Our Mission', 'mission_heading', NULL, NULL, 0, 0, 4, NULL),
(77, 11, 28, 'To deliver innovative solutions that make a difference in people lives.', 'mission_text', NULL, NULL, 0, 0, 5, NULL),
(78, 11, 27, 'Contact Information', 'contact_heading', NULL, NULL, 0, 0, 6, NULL),
(79, 11, 4, 'Email', 'contact_email', 'info@company.com', NULL, 0, 0, 7, NULL),
(80, 11, 5, 'Phone', 'contact_phone', '(555) 123-4567', NULL, 0, 0, 8, NULL),
(81, 11, 33, 'Contact Us', 'contact_button', NULL, NULL, 0, 0, 9, NULL),
(82, 12, 27, 'Frequently Asked Questions', 'faq_heading', NULL, NULL, 0, 0, 0, NULL),
(83, 12, 28, 'Find answers to common questions', 'faq_description', NULL, NULL, 0, 0, 1, NULL),
(84, 12, 27, 'How do I create an account?', 'faq_q1', NULL, NULL, 0, 0, 2, NULL),
(85, 12, 28, 'Click on the Sign Up button and fill in your details to create a new account.', 'faq_a1', NULL, NULL, 0, 0, 3, NULL),
(86, 12, 27, 'How do I reset my password?', 'faq_q2', NULL, NULL, 0, 0, 4, NULL),
(87, 12, 28, 'Click on Forgot Password on the login screen and follow the instructions sent to your email.', 'faq_a2', NULL, NULL, 0, 0, 5, NULL),
(88, 12, 27, 'How do I contact support?', 'faq_q3', NULL, NULL, 0, 0, 6, NULL),
(89, 12, 28, 'You can reach our support team through the Contact Us page or email us at support@company.com', 'faq_a3', NULL, NULL, 0, 0, 7, NULL),
(90, 12, 33, 'Contact Support', 'contact_support_button', NULL, NULL, 0, 0, 8, NULL),
(91, 13, 27, 'Product Name', 'product_name', NULL, NULL, 0, 0, 0, NULL),
(92, 13, 28, 'Premium Quality Product', 'product_subtitle', NULL, NULL, 0, 0, 1, NULL),
(93, 13, 27, 'Price', 'price_label', NULL, NULL, 0, 0, 2, NULL),
(94, 13, 28, '$99.99', 'product_price', NULL, NULL, 0, 0, 3, NULL),
(95, 13, 27, 'Description', 'description_label', NULL, NULL, 0, 0, 4, NULL),
(96, 13, 28, 'This is a high-quality product designed to meet your needs. Made with premium materials and built to last.', 'product_description', NULL, NULL, 0, 0, 5, NULL),
(97, 13, 27, 'Features', 'features_label', NULL, NULL, 0, 0, 6, NULL),
(98, 13, 28, ' Premium quality materials\n Durable construction\n Easy to use\n 1-year warranty', 'product_features', NULL, NULL, 0, 0, 7, NULL),
(99, 13, 27, 'Quantity', 'quantity_label', NULL, NULL, 0, 0, 8, NULL),
(100, 13, 11, 'Quantity', 'quantity', '1', NULL, 0, 0, 9, NULL),
(101, 13, 33, 'Add to Cart', 'add_to_cart_button', NULL, NULL, 0, 0, 10, NULL),
(102, 13, 33, 'Buy Now', 'buy_now_button', NULL, NULL, 0, 0, 11, NULL),
(103, 14, 27, 'Shopping Cart', 'cart_heading', NULL, NULL, 0, 0, 0, NULL),
(104, 14, 28, 'Review your items before checkout', 'cart_description', NULL, NULL, 0, 0, 1, NULL),
(105, 14, 28, 'Cart Items (3)', 'cart_items_label', NULL, NULL, 0, 0, 2, NULL),
(106, 14, 27, 'Order Summary', 'summary_heading', NULL, NULL, 0, 0, 3, NULL),
(107, 14, 28, 'Subtotal: $299.97', 'subtotal', NULL, NULL, 0, 0, 4, NULL),
(108, 14, 28, 'Shipping: $10.00', 'shipping', NULL, NULL, 0, 0, 5, NULL),
(109, 14, 28, 'Tax: $24.00', 'tax', NULL, NULL, 0, 0, 6, NULL),
(110, 14, 27, 'Total: $333.97', 'total', NULL, NULL, 0, 0, 7, NULL),
(111, 14, 33, 'Proceed to Checkout', 'checkout_button', NULL, NULL, 0, 0, 8, NULL),
(112, 14, 33, 'Continue Shopping', 'continue_shopping_button', NULL, NULL, 0, 0, 9, NULL),
(113, 15, 27, 'Checkout', 'checkout_heading', NULL, NULL, 0, 0, 0, NULL),
(114, 15, 27, 'Shipping Address', 'shipping_heading', NULL, NULL, 0, 0, 1, NULL),
(115, 15, 1, 'Full Name', 'shipping_name', 'Enter full name', NULL, 1, 0, 2, NULL),
(116, 15, 1, 'Address Line 1', 'address_line1', 'Street address', NULL, 1, 0, 3, NULL),
(117, 15, 1, 'Address Line 2', 'address_line2', 'Apt, suite, etc. (optional)', NULL, 0, 0, 4, NULL),
(118, 15, 1, 'City', 'city', 'City', NULL, 1, 0, 5, NULL),
(119, 15, 1, 'State/Province', 'state', 'State', NULL, 1, 0, 6, NULL),
(120, 15, 1, 'ZIP/Postal Code', 'zip', 'ZIP code', NULL, 1, 0, 7, NULL),
(121, 15, 5, 'Phone', 'phone', '(555) 123-4567', NULL, 1, 0, 8, NULL),
(122, 15, 27, 'Payment Method', 'payment_heading', NULL, NULL, 0, 0, 9, NULL),
(123, 15, 28, 'Credit/Debit Card', 'payment_method', NULL, NULL, 0, 0, 10, NULL),
(124, 15, 33, 'Place Order', 'place_order_button', NULL, NULL, 0, 0, 11, NULL),
(125, 16, 27, 'Order Confirmed!', 'confirmation_heading', NULL, NULL, 0, 0, 0, NULL),
(126, 16, 28, 'Thank you for your purchase. Your order has been successfully placed.', 'confirmation_message', NULL, NULL, 0, 0, 1, NULL),
(127, 16, 27, 'Order Number', 'order_number_label', NULL, NULL, 0, 0, 2, NULL),
(128, 16, 28, '#ORD-123456', 'order_number', NULL, NULL, 0, 0, 3, NULL),
(129, 16, 27, 'Estimated Delivery', 'delivery_label', NULL, NULL, 0, 0, 4, NULL),
(130, 16, 28, '3-5 business days', 'delivery_time', NULL, NULL, 0, 0, 5, NULL),
(131, 16, 27, 'Order Total', 'total_label', NULL, NULL, 0, 0, 6, NULL),
(132, 16, 28, '$333.97', 'order_total', NULL, NULL, 0, 0, 7, NULL),
(133, 16, 33, 'Track Order', 'track_button', NULL, NULL, 0, 0, 8, NULL),
(134, 16, 33, 'Continue Shopping', 'continue_button', NULL, NULL, 0, 0, 9, NULL),
(135, 17, 27, 'Dashboard', 'dashboard_heading', NULL, NULL, 0, 0, 0, NULL),
(136, 17, 28, 'Welcome back! Here is your overview', 'dashboard_subtitle', NULL, NULL, 0, 0, 1, NULL),
(137, 17, 27, 'Quick Stats', 'stats_heading', NULL, NULL, 0, 0, 2, NULL),
(138, 17, 28, 'Total Orders: 24', 'stat_orders', NULL, NULL, 0, 0, 3, NULL),
(139, 17, 28, 'Active Projects: 5', 'stat_projects', NULL, NULL, 0, 0, 4, NULL),
(140, 17, 28, 'Messages: 12', 'stat_messages', NULL, NULL, 0, 0, 5, NULL),
(141, 17, 27, 'Recent Activity', 'activity_heading', NULL, NULL, 0, 0, 6, NULL),
(142, 17, 28, 'New order received', 'activity_1', NULL, NULL, 0, 0, 7, NULL),
(143, 17, 28, 'Profile updated', 'activity_2', NULL, NULL, 0, 0, 8, NULL),
(144, 17, 28, 'Payment processed', 'activity_3', NULL, NULL, 0, 0, 9, NULL),
(145, 18, 27, 'Chat', 'chat_heading', NULL, NULL, 0, 0, 0, NULL),
(146, 18, 28, 'John Doe', 'contact_name', NULL, NULL, 0, 0, 1, NULL),
(147, 18, 28, 'Online', 'contact_status', NULL, NULL, 0, 0, 2, NULL),
(148, 18, 28, 'Message history will appear here', 'messages_placeholder', NULL, NULL, 0, 0, 3, NULL),
(149, 18, 2, 'Type a message', 'message_input', 'Type your message...', NULL, 0, 0, 4, NULL),
(150, 18, 33, 'Send', 'send_button', NULL, NULL, 0, 0, 5, NULL),
(151, 19, 27, 'Write a Review', 'review_heading', NULL, NULL, 0, 0, 0, NULL),
(152, 19, 28, 'Share your experience with others', 'review_description', NULL, NULL, 0, 0, 1, NULL),
(153, 19, 27, 'Rating', 'rating_label', NULL, NULL, 0, 0, 2, NULL),
(154, 19, 28, ' (5 stars)', 'rating_display', NULL, NULL, 0, 0, 3, NULL),
(155, 19, 1, 'Review Title', 'review_title', 'Summarize your experience', NULL, 1, 0, 4, NULL),
(156, 19, 2, 'Your Review', 'review_text', 'Tell us about your experience...', NULL, 1, 0, 5, NULL),
(157, 19, 33, 'Submit Review', 'submit_button', NULL, NULL, 0, 0, 6, NULL),
(158, 20, 27, 'Privacy Policy', 'privacy_heading', NULL, NULL, 0, 0, 0, NULL),
(159, 20, 28, 'Last updated: November 2025', 'last_updated', NULL, NULL, 0, 0, 1, NULL),
(160, 20, 27, 'Information We Collect', 'section1_heading', NULL, NULL, 0, 0, 2, NULL),
(161, 20, 28, 'We collect information you provide directly to us, including name, email, and usage data.', 'section1_text', NULL, NULL, 0, 0, 3, NULL),
(162, 20, 27, 'How We Use Your Information', 'section2_heading', NULL, NULL, 0, 0, 4, NULL),
(163, 20, 28, 'We use your information to provide, maintain, and improve our services.', 'section2_text', NULL, NULL, 0, 0, 5, NULL),
(164, 20, 27, 'Data Security', 'section3_heading', NULL, NULL, 0, 0, 6, NULL),
(165, 20, 28, 'We implement appropriate security measures to protect your personal information.', 'section3_text', NULL, NULL, 0, 0, 7, NULL),
(166, 21, 27, 'Terms of Service', 'terms_heading', NULL, NULL, 0, 0, 0, NULL),
(167, 21, 28, 'Last updated: November 2025', 'last_updated', NULL, NULL, 0, 0, 1, NULL),
(168, 21, 27, 'Acceptance of Terms', 'section1_heading', NULL, NULL, 0, 0, 2, NULL),
(169, 21, 28, 'By accessing our service, you agree to be bound by these terms.', 'section1_text', NULL, NULL, 0, 0, 3, NULL),
(170, 21, 27, 'User Responsibilities', 'section2_heading', NULL, NULL, 0, 0, 4, NULL),
(171, 21, 28, 'You are responsible for maintaining the confidentiality of your account.', 'section2_text', NULL, NULL, 0, 0, 5, NULL),
(172, 21, 27, 'Termination', 'section3_heading', NULL, NULL, 0, 0, 6, NULL),
(173, 21, 28, 'We may terminate or suspend access to our service immediately, without prior notice.', 'section3_text', NULL, NULL, 0, 0, 7, NULL),
(174, 22, 27, 'Book Appointment', 'booking_heading', NULL, NULL, 0, 0, 0, NULL),
(175, 22, 28, 'Schedule your appointment', 'booking_description', NULL, NULL, 0, 0, 1, NULL),
(176, 22, 1, 'Full Name', 'full_name', 'Enter your name', NULL, 1, 0, 2, NULL),
(177, 22, 4, 'Email', 'email', 'your.email@example.com', NULL, 1, 0, 3, NULL),
(178, 22, 5, 'Phone', 'phone', '(555) 123-4567', NULL, 1, 0, 4, NULL),
(179, 22, 12, 'Preferred Date', 'booking_date', NULL, NULL, 1, 0, 5, NULL),
(180, 22, 1, 'Preferred Time', 'booking_time', 'Select time', NULL, 1, 0, 6, NULL),
(181, 22, 2, 'Additional Notes', 'notes', 'Any special requests...', NULL, 0, 0, 7, NULL),
(182, 22, 33, 'Confirm Booking', 'confirm_button', NULL, NULL, 0, 0, 8, NULL),
(183, 23, 27, 'Payment Method', 'payment_heading', NULL, NULL, 0, 0, 0, NULL),
(184, 23, 28, 'Add a payment method to your account', 'payment_description', NULL, NULL, 0, 0, 1, NULL),
(185, 23, 1, 'Cardholder Name', 'cardholder_name', 'Name on card', NULL, 1, 0, 2, NULL),
(186, 23, 1, 'Card Number', 'card_number', '1234 5678 9012 3456', NULL, 1, 0, 3, NULL),
(187, 23, 1, 'Expiry Date', 'expiry_date', 'MM/YY', NULL, 1, 0, 4, NULL),
(188, 23, 1, 'CVV', 'cvv', '123', NULL, 1, 0, 5, NULL),
(189, 23, 1, 'Billing ZIP Code', 'billing_zip', 'ZIP code', NULL, 1, 0, 6, NULL),
(190, 23, 33, 'Save Payment Method', 'save_button', NULL, NULL, 0, 0, 7, NULL),
(191, 24, 47, 'App Logo', 'app_logo', NULL, NULL, 0, 0, 0, '{\"width\": \"200px\", \"height\": \"200px\", \"altText\": \"App Logo\", \"imageUrl\": \"https://placehold.co/200x200?text=Logo\", \"alignment\": \"center\"}'),
(192, 24, 27, 'App Name', 'app_name', NULL, NULL, 0, 0, 1, NULL),
(193, 24, 28, 'Version 1.0', 'app_version', NULL, NULL, 0, 0, 2, NULL),
(194, 24, 28, 'Loading...', 'loading_text', NULL, NULL, 0, 0, 3, NULL),
(195, 25, 27, 'Welcome!', 'onboarding_heading', NULL, NULL, 0, 0, 0, NULL),
(196, 25, 47, 'Feature Image 1', 'feature_image_1', NULL, NULL, 0, 0, 1, '{\"width\": \"100%\", \"height\": \"auto\", \"altText\": \"Feature 1\", \"imageUrl\": \"https://placehold.co/300x200?text=Feature+1\", \"alignment\": \"center\"}'),
(197, 25, 27, 'Easy to Use', 'feature_1_title', NULL, NULL, 0, 0, 2, NULL),
(198, 25, 28, 'Our app is designed with simplicity in mind. Get started in seconds!', 'feature_1_description', NULL, NULL, 0, 0, 3, NULL),
(199, 25, 47, 'Feature Image 2', 'feature_image_2', NULL, NULL, 0, 0, 4, '{\"width\": \"100%\", \"height\": \"auto\", \"altText\": \"Feature 2\", \"imageUrl\": \"https://placehold.co/300x200?text=Feature+2\", \"alignment\": \"center\"}'),
(200, 25, 27, 'Powerful Features', 'feature_2_title', NULL, NULL, 0, 0, 5, NULL),
(201, 25, 28, 'Access all the tools you need to be productive and efficient.', 'feature_2_description', NULL, NULL, 0, 0, 6, NULL),
(202, 25, 47, 'Feature Image 3', 'feature_image_3', NULL, NULL, 0, 0, 7, '{\"width\": \"100%\", \"height\": \"auto\", \"altText\": \"Feature 3\", \"imageUrl\": \"https://placehold.co/300x200?text=Feature+3\", \"alignment\": \"center\"}'),
(203, 25, 27, 'Secure & Private', 'feature_3_title', NULL, NULL, 0, 0, 8, NULL),
(204, 25, 28, 'Your data is protected with industry-standard security measures.', 'feature_3_description', NULL, NULL, 0, 0, 9, NULL),
(205, 25, 33, 'Get Started', 'get_started_button', NULL, NULL, 0, 0, 10, NULL),
(206, 25, 28, 'Skip', 'skip_link', NULL, NULL, 0, 0, 11, NULL),
(207, 26, 47, 'Profile Photo', 'profile_photo', 'Upload profile photo', '', 0, 0, 1, '{\"width\": \"150px\", \"height\": \"150px\", \"altText\": \"Profile Photo\", \"imageUrl\": \"https://placehold.co/150x150?text=Photo\", \"alignment\": \"center\"}'),
(208, 26, 1, 'First Name', 'first_name', 'Enter your first name', '', 1, 0, 2, NULL),
(209, 26, 1, 'Last Name', 'last_name', 'Enter your last name', '', 1, 0, 3, NULL),
(210, 26, 4, 'Email Address', 'email', 'your.email@example.com', '', 1, 0, 4, NULL),
(211, 26, 5, 'Phone Number', 'phone', '+1 (555) 123-4567', '', 0, 0, 5, NULL),
(212, 26, 2, 'Bio', 'bio', 'Tell us about yourself...', '', 0, 0, 6, NULL),
(213, 26, 17, 'Date of Birth', 'date_of_birth', 'Select your date of birth', '', 0, 0, 7, NULL),
(214, 26, 10, 'Gender', 'gender', 'Select your gender', '', 0, 0, 8, '{\"options\": [{\"label\": \"Male\", \"value\": \"male\"}, {\"label\": \"Female\", \"value\": \"female\"}, {\"label\": \"Non-binary\", \"value\": \"non_binary\"}, {\"label\": \"Prefer not to say\", \"value\": \"prefer_not_to_say\"}]}'),
(215, 26, 33, 'Save Changes', 'save_button', '', '', 0, 0, 9, NULL),
(216, 26, 34, 'Change Password', 'change_password_link', '', '', 0, 0, 10, NULL);

-- --------------------------------------------------------

--
-- Table structure for table `users`
--

CREATE TABLE `users` (
  `id` int NOT NULL,
  `email` varchar(255) CHARACTER SET utf8mb4 COLLATE utf8mb4_unicode_ci NOT NULL,
  `password_hash` varchar(255) CHARACTER SET utf8mb4 COLLATE utf8mb4_unicode_ci NOT NULL,
  `first_name` varchar(100) CHARACTER SET utf8mb4 COLLATE utf8mb4_unicode_ci NOT NULL,
  `last_name` varchar(100) CHARACTER SET utf8mb4 COLLATE utf8mb4_unicode_ci NOT NULL,
  `role_id` int NOT NULL,
  `is_active` tinyint(1) DEFAULT '1',
  `last_login` timestamp NULL DEFAULT NULL,
  `created_at` timestamp NULL DEFAULT CURRENT_TIMESTAMP,
  `updated_at` timestamp NULL DEFAULT CURRENT_TIMESTAMP ON UPDATE CURRENT_TIMESTAMP
) ENGINE=InnoDB DEFAULT CHARSET=utf8mb4 COLLATE=utf8mb4_unicode_ci;

--
-- Dumping data for table `users`
--

INSERT INTO `users` (`id`, `email`, `password_hash`, `first_name`, `last_name`, `role_id`, `is_active`, `last_login`, `created_at`, `updated_at`) VALUES
(1, 'admin@knoxweb.com', '$2a$10$lMrmU.rnlpkRV/8d2vkobOsAF6nZciqCPpMQ.8eG/FAtlYZuMwVmq', 'Master', 'Administrator', 1, 1, '2025-12-15 13:58:24', '2025-10-31 13:21:45', '2025-12-15 13:58:24'),
(2, 'user1@knoxweb.com', '$2a$10$fcr9XkWwxN5RPWGDTmleCOtCTsecALyN1XOGQh/CLhamx64xvAU7u', 'Blue', 'Stone', 2, 1, '2025-11-10 18:30:57', '2025-10-31 13:21:45', '2025-12-01 01:09:28'),
(3, 'user2@knoxweb.com', '$2a$10$eLW2E6JKL/5xfwwv4ktQIegPxQD0A8tGQ5fAIPyY1GGP1dz7/8kQ.', 'Sarah', 'Johnson', 3, 1, '2025-12-10 20:03:27', '2025-10-31 13:21:45', '2025-12-10 20:03:27'),
(4, 'user3@knoxweb.com', '$2a$10$8q9FEMfJA/kizISo4eYfJOefu1nREhK5GOkUr141hHlOGPzY5V33q', 'Mike', 'Davis', 3, 1, NULL, '2025-10-31 13:21:45', '2025-10-31 13:21:45'),
(5, 'user4@knoxweb.com', '$2a$10$8q9FEMfJA/kizISo4eYfJOefu1nREhK5GOkUr141hHlOGPzY5V33q', 'Emily', 'Wilson', 3, 1, NULL, '2025-10-31 13:21:45', '2025-10-31 13:21:45'),
(6, 'user5@knoxweb.com', '$2a$10$8q9FEMfJA/kizISo4eYfJOefu1nREhK5GOkUr141hHlOGPzY5V33q', 'David', 'Brown', 2, 1, NULL, '2025-10-31 13:21:45', '2025-12-01 01:09:10');

-- --------------------------------------------------------

--
-- Table structure for table `user_activity_log`
--

CREATE TABLE `user_activity_log` (
  `id` int NOT NULL,
  `user_id` int NOT NULL,
  `app_id` int NOT NULL,
  `action` varchar(100) CHARACTER SET utf8mb4 COLLATE utf8mb4_unicode_ci NOT NULL,
  `resource_type` varchar(50) CHARACTER SET utf8mb4 COLLATE utf8mb4_unicode_ci DEFAULT NULL,
  `resource_id` int DEFAULT NULL,
  `ip_address` varchar(45) CHARACTER SET utf8mb4 COLLATE utf8mb4_unicode_ci DEFAULT NULL,
  `user_agent` text CHARACTER SET utf8mb4 COLLATE utf8mb4_unicode_ci,
  `metadata` json DEFAULT NULL,
  `created_at` timestamp NULL DEFAULT CURRENT_TIMESTAMP
) ENGINE=InnoDB DEFAULT CHARSET=utf8mb4 COLLATE=utf8mb4_unicode_ci;

--
-- Dumping data for table `user_activity_log`
--

INSERT INTO `user_activity_log` (`id`, `user_id`, `app_id`, `action`, `resource_type`, `resource_id`, `ip_address`, `user_agent`, `metadata`, `created_at`) VALUES
(50, 22, 28, 'login', NULL, NULL, '::ffff:172.217.215.95', 'PropertyListings/1 CFNetwork/1568.200.51 Darwin/24.6.0', NULL, '2025-11-20 16:36:52'),
(51, 22, 28, 'login', NULL, NULL, '::ffff:172.217.215.95', 'PropertyListings/1 CFNetwork/1568.200.51 Darwin/24.6.0', NULL, '2025-11-20 16:46:06'),
(52, 22, 28, 'login', NULL, NULL, '::ffff:172.217.215.95', 'PropertyListings/1 CFNetwork/1568.200.51 Darwin/24.6.0', NULL, '2025-11-20 19:41:32'),
(53, 22, 28, 'login', NULL, NULL, '::ffff:172.217.215.95', 'PropertyListings/1 CFNetwork/1568.200.51 Darwin/24.6.0', NULL, '2025-11-20 20:22:27'),
(54, 22, 28, 'login', NULL, NULL, '::ffff:172.217.215.95', 'PropertyListings/1 CFNetwork/1568.200.51 Darwin/24.6.0', NULL, '2025-11-20 20:29:04'),
(55, 22, 28, 'login', NULL, NULL, '::ffff:172.217.215.95', 'PropertyListings/1 CFNetwork/1568.200.51 Darwin/24.6.0', NULL, '2025-11-20 20:41:44'),
(56, 22, 28, 'login', NULL, NULL, '::ffff:172.217.215.95', 'PropertyListings/1 CFNetwork/1568.200.51 Darwin/24.6.0', NULL, '2025-11-20 23:03:35'),
(57, 22, 28, 'login', NULL, NULL, '::ffff:172.217.215.95', 'PropertyListings/1 CFNetwork/1568.200.51 Darwin/24.6.0', NULL, '2025-11-21 22:14:42'),
(58, 22, 28, 'login', NULL, NULL, '::ffff:172.217.215.95', 'PropertyListings/1 CFNetwork/1568.200.51 Darwin/24.6.0', NULL, '2025-11-24 13:38:20'),
(59, 22, 28, 'login', NULL, NULL, '::ffff:172.217.215.95', 'PropertyListings/1 CFNetwork/1568.200.51 Darwin/24.6.0', NULL, '2025-11-24 17:14:55'),
(60, 22, 28, 'login', NULL, NULL, '::ffff:172.217.215.95', 'PropertyListings/1 CFNetwork/1568.200.51 Darwin/24.6.0', NULL, '2025-11-24 19:15:45'),
(61, 22, 28, 'login', NULL, NULL, '::ffff:172.217.215.95', 'PropertyListings/1 CFNetwork/1568.200.51 Darwin/24.6.0', NULL, '2025-11-24 20:23:47'),
(62, 22, 28, 'login', NULL, NULL, '::ffff:172.217.215.95', 'PropertyListings/1 CFNetwork/1568.200.51 Darwin/24.6.0', NULL, '2025-11-24 21:25:56'),
(63, 22, 28, 'login', NULL, NULL, '::ffff:172.217.215.95', 'PropertyListings/1 CFNetwork/1568.200.51 Darwin/24.6.0', NULL, '2025-11-25 15:34:58'),
(64, 22, 28, 'login', NULL, NULL, '::ffff:172.217.215.95', 'PropertyListings/1 CFNetwork/1568.200.51 Darwin/24.6.0', NULL, '2025-11-25 15:35:07'),
(65, 22, 28, 'login', NULL, NULL, '::ffff:172.217.215.95', 'PropertyListings/1 CFNetwork/1568.200.51 Darwin/24.6.0', NULL, '2025-11-25 15:43:40'),
(66, 22, 28, 'login', NULL, NULL, '::ffff:172.217.215.95', 'PropertyListings/1 CFNetwork/1568.200.51 Darwin/24.6.0', NULL, '2025-11-25 15:46:23'),
(67, 22, 28, 'login', NULL, NULL, '::ffff:172.217.215.95', 'PropertyListings/1 CFNetwork/1568.200.51 Darwin/24.6.0', NULL, '2025-11-25 15:46:27'),
(68, 22, 28, 'login', NULL, NULL, '::ffff:172.217.215.95', 'PropertyListings/1 CFNetwork/1568.200.51 Darwin/24.6.0', NULL, '2025-11-25 15:46:28'),
(69, 22, 28, 'login', NULL, NULL, '::ffff:172.217.215.95', 'PropertyListings/1 CFNetwork/1568.200.51 Darwin/24.6.0', NULL, '2025-11-25 15:46:35'),
(70, 22, 28, 'login', NULL, NULL, '::ffff:172.217.215.95', 'PropertyListings/1 CFNetwork/1568.200.51 Darwin/24.6.0', NULL, '2025-11-25 15:49:09'),
(71, 22, 28, 'login', NULL, NULL, '::ffff:172.217.215.95', 'PropertyListings/1 CFNetwork/1568.200.51 Darwin/24.6.0', NULL, '2025-11-25 15:49:20'),
(72, 22, 28, 'login', NULL, NULL, '::ffff:172.217.215.95', 'PropertyListings/1 CFNetwork/1568.200.51 Darwin/24.6.0', NULL, '2025-11-25 15:51:26'),
(73, 22, 28, 'login', NULL, NULL, '::ffff:172.217.215.95', 'PropertyListings/1 CFNetwork/1568.200.51 Darwin/24.6.0', NULL, '2025-11-25 15:52:42'),
(74, 22, 28, 'login', NULL, NULL, '::ffff:172.217.215.95', 'PropertyListings/1 CFNetwork/1568.200.51 Darwin/24.6.0', NULL, '2025-11-25 15:52:50'),
(75, 22, 28, 'login', NULL, NULL, '::ffff:172.217.215.95', 'PropertyListings/1 CFNetwork/1568.200.51 Darwin/24.6.0', NULL, '2025-11-25 15:52:51'),
(76, 22, 28, 'login', NULL, NULL, '::ffff:172.217.215.95', 'PropertyListings/1 CFNetwork/1568.200.51 Darwin/24.6.0', NULL, '2025-11-25 15:53:21'),
(77, 22, 28, 'login', NULL, NULL, '::ffff:172.217.215.95', 'PropertyListings/1 CFNetwork/1568.200.51 Darwin/24.6.0', NULL, '2025-11-25 16:04:07'),
(78, 22, 28, 'login', NULL, NULL, '::ffff:172.217.215.95', 'PropertyListings/1 CFNetwork/1568.200.51 Darwin/24.6.0', NULL, '2025-11-25 16:07:46'),
(79, 22, 28, 'login', NULL, NULL, '::ffff:172.217.215.95', 'PropertyListings/1 CFNetwork/1568.200.51 Darwin/24.6.0', NULL, '2025-11-25 16:15:50'),
(80, 22, 28, 'login', NULL, NULL, '::ffff:172.217.215.95', 'PropertyListings/1 CFNetwork/1568.200.51 Darwin/24.6.0', NULL, '2025-11-25 16:20:24'),
(81, 22, 28, 'login', NULL, NULL, '::ffff:172.217.215.95', 'PropertyListings/1 CFNetwork/1568.200.51 Darwin/24.6.0', NULL, '2025-11-25 16:27:44'),
(82, 22, 28, 'login', NULL, NULL, '::ffff:172.217.215.95', 'PropertyListings/1 CFNetwork/1568.200.51 Darwin/24.6.0', NULL, '2025-11-25 16:31:09'),
(83, 22, 28, 'login', NULL, NULL, '::ffff:172.217.215.95', 'PropertyListings/1 CFNetwork/1568.200.51 Darwin/24.6.0', NULL, '2025-11-25 16:31:32'),
(84, 22, 28, 'login', NULL, NULL, '::ffff:172.217.215.95', 'PropertyListings/1 CFNetwork/1568.200.51 Darwin/24.6.0', NULL, '2025-11-25 16:43:58'),
(85, 22, 28, 'login', NULL, NULL, '::ffff:172.217.215.95', 'PropertyListings/1 CFNetwork/1568.200.51 Darwin/24.6.0', NULL, '2025-11-25 16:44:23'),
(86, 22, 28, 'login', NULL, NULL, '::ffff:172.217.215.95', 'PropertyListings/1 CFNetwork/1568.200.51 Darwin/24.6.0', NULL, '2025-11-25 16:44:28'),
(87, 22, 28, 'login', NULL, NULL, '::ffff:172.217.215.95', 'PropertyListings/1 CFNetwork/1568.200.51 Darwin/24.6.0', NULL, '2025-11-25 16:44:29'),
(88, 22, 28, 'login', NULL, NULL, '::ffff:172.217.215.95', 'PropertyListings/1 CFNetwork/1568.200.51 Darwin/24.6.0', NULL, '2025-11-25 16:44:30'),
(89, 22, 28, 'login', NULL, NULL, '::ffff:172.217.215.95', 'PropertyListings/1 CFNetwork/1568.200.51 Darwin/24.6.0', NULL, '2025-11-25 16:51:08'),
(90, 22, 28, 'login', NULL, NULL, '::ffff:172.217.215.95', 'PropertyListings/1 CFNetwork/1568.200.51 Darwin/24.6.0', NULL, '2025-11-25 16:55:33'),
(91, 22, 28, 'login', NULL, NULL, '::ffff:172.217.215.95', 'PropertyListings/1 CFNetwork/1568.200.51 Darwin/24.6.0', NULL, '2025-11-25 16:55:57'),
(92, 22, 28, 'login', NULL, NULL, '::ffff:172.217.215.95', 'PropertyListings/1 CFNetwork/1568.200.51 Darwin/24.6.0', NULL, '2025-11-25 16:59:00'),
(93, 22, 28, 'login', NULL, NULL, '::ffff:172.217.215.95', 'PropertyListings/1 CFNetwork/1568.200.51 Darwin/24.6.0', NULL, '2025-11-25 17:03:01'),
(94, 22, 28, 'login', NULL, NULL, '::ffff:172.217.215.95', 'PropertyListings/1 CFNetwork/1568.200.51 Darwin/24.6.0', NULL, '2025-11-25 17:05:26'),
(95, 22, 28, 'login', NULL, NULL, '::ffff:172.217.215.95', 'PropertyListings/1 CFNetwork/1568.200.51 Darwin/24.6.0', NULL, '2025-11-25 17:11:37'),
(96, 22, 28, 'login', NULL, NULL, '::ffff:172.217.215.95', 'PropertyListings/1 CFNetwork/1568.200.51 Darwin/24.6.0', NULL, '2025-11-25 17:18:32'),
(97, 22, 28, 'login', NULL, NULL, '::ffff:172.217.215.95', 'PropertyListings/1 CFNetwork/1568.200.51 Darwin/24.6.0', NULL, '2025-11-25 17:25:29'),
(98, 22, 28, 'login', NULL, NULL, '::ffff:172.217.215.95', 'PropertyListings/1 CFNetwork/1568.200.51 Darwin/24.6.0', NULL, '2025-11-25 17:30:39'),
(99, 22, 28, 'login', NULL, NULL, '::ffff:172.217.215.95', 'PropertyListings/1 CFNetwork/1568.200.51 Darwin/24.6.0', NULL, '2025-11-25 17:35:19'),
(100, 22, 28, 'login', NULL, NULL, '::ffff:172.217.215.95', 'PropertyListings/1 CFNetwork/1568.200.51 Darwin/24.6.0', NULL, '2025-11-25 20:41:12'),
(101, 22, 28, 'login', NULL, NULL, '::ffff:172.217.215.95', 'PropertyListings/1 CFNetwork/1568.200.51 Darwin/24.6.0', NULL, '2025-11-25 20:44:09'),
(102, 22, 28, 'login', NULL, NULL, '::ffff:172.217.215.95', 'PropertyListings/1 CFNetwork/1568.200.51 Darwin/24.6.0', NULL, '2025-11-25 20:45:19'),
(103, 22, 28, 'login', NULL, NULL, '::ffff:173.194.219.94', 'PropertyListings/1 CFNetwork/1568.200.51 Darwin/24.6.0', NULL, '2025-11-25 21:41:04'),
(104, 22, 28, 'login', NULL, NULL, '::ffff:173.194.219.94', 'PropertyListings/1 CFNetwork/1568.200.51 Darwin/24.6.0', NULL, '2025-11-25 21:42:36'),
(105, 22, 28, 'login', NULL, NULL, '::ffff:172.253.124.95', 'PropertyListings/1 CFNetwork/1568.200.51 Darwin/24.6.0', NULL, '2025-11-25 23:36:33'),
(106, 22, 28, 'login', NULL, NULL, '::ffff:172.253.124.95', 'PropertyListings/1 CFNetwork/1568.200.51 Darwin/24.6.0', NULL, '2025-11-25 23:45:08'),
(107, 22, 28, 'login', NULL, NULL, '::ffff:172.253.124.95', 'PropertyListings/1 CFNetwork/1568.200.51 Darwin/24.6.0', NULL, '2025-11-26 00:15:13'),
(108, 22, 28, 'login', NULL, NULL, '::ffff:172.253.124.95', 'PropertyListings/1 CFNetwork/1568.300.101 Darwin/24.6.0', NULL, '2025-11-26 00:50:29'),
(109, 22, 28, 'login', NULL, NULL, '::ffff:172.253.124.95', 'PropertyListings/1 CFNetwork/1568.300.101 Darwin/24.6.0', NULL, '2025-11-27 23:23:55'),
(110, 22, 28, 'login', NULL, NULL, '::ffff:172.253.124.95', 'PropertyListings/1 CFNetwork/1568.300.101 Darwin/24.6.0', NULL, '2025-11-28 12:36:22'),
(111, 22, 28, 'login', NULL, NULL, '::ffff:172.253.124.95', 'PropertyListings/1 CFNetwork/1568.300.101 Darwin/24.6.0', NULL, '2025-11-28 12:39:45'),
(115, 22, 28, 'login', NULL, NULL, '::ffff:172.253.124.95', 'PropertyListings/1 CFNetwork/1568.300.101 Darwin/24.6.0', NULL, '2025-11-29 22:20:05'),
(117, 24, 28, 'login', NULL, NULL, '::ffff:172.253.124.95', 'PropertyListings/1 CFNetwork/1568.300.101 Darwin/24.6.0', NULL, '2025-11-30 01:20:44'),
(124, 93, 56, 'login', NULL, NULL, '::ffff:172.253.124.95', 'PropertyListings/1 CFNetwork/1568.300.101 Darwin/24.6.0', NULL, '2025-12-01 18:17:54'),
(125, 94, 56, 'login', NULL, NULL, '::ffff:172.253.124.95', 'PropertyListings/1 CFNetwork/1568.300.101 Darwin/24.6.0', NULL, '2025-12-01 18:19:14'),
(126, 94, 56, 'login', NULL, NULL, '::ffff:172.253.124.95', 'PropertyListings/1 CFNetwork/1568.300.101 Darwin/24.6.0', NULL, '2025-12-01 20:31:51'),
(127, 94, 56, 'login', NULL, NULL, '::ffff:172.253.124.95', 'PropertyListings/1 CFNetwork/1568.300.101 Darwin/24.6.0', NULL, '2025-12-03 16:25:54'),
(128, 24, 28, 'login', NULL, NULL, '::ffff:172.253.124.95', 'PropertyListings/1 CFNetwork/1568.300.101 Darwin/24.6.0', NULL, '2025-12-03 19:35:11'),
(129, 93, 56, 'login', NULL, NULL, '::ffff:172.253.124.95', 'PropertyListings/1 CFNetwork/1568.300.101 Darwin/24.6.0', NULL, '2025-12-03 20:21:48'),
(130, 99, 57, 'login', NULL, NULL, '::ffff:172.253.124.95', 'PropertyListings/1 CFNetwork/1568.300.101 Darwin/24.6.0', NULL, '2025-12-03 20:38:59'),
(131, 105, 58, 'login', NULL, NULL, '::ffff:172.253.124.95', 'Rideshare/1 CFNetwork/1568.300.101 Darwin/24.6.0', NULL, '2025-12-04 02:23:57'),
(132, 105, 58, 'login', NULL, NULL, '::ffff:172.253.124.95', 'Rideshare/1 CFNetwork/1568.300.101 Darwin/24.6.0', NULL, '2025-12-04 02:56:45'),
(133, 105, 58, 'login', NULL, NULL, '::ffff:172.253.124.95', 'Rideshare/1 CFNetwork/1568.300.101 Darwin/24.6.0', NULL, '2025-12-04 13:28:19'),
(134, 94, 56, 'login', NULL, NULL, '::ffff:172.253.124.95', 'PropertyListings/1 CFNetwork/1568.300.101 Darwin/24.6.0', NULL, '2025-12-04 18:38:48'),
(135, 94, 56, 'login', NULL, NULL, '::ffff:172.253.124.95', 'PropertyListings/1 CFNetwork/1568.300.101 Darwin/24.6.0', NULL, '2025-12-04 21:17:20'),
(136, 98, 56, 'login', NULL, NULL, '::ffff:172.253.124.95', 'PropertyListings/1 CFNetwork/1568.300.101 Darwin/24.6.0', NULL, '2025-12-04 21:38:55'),
(137, 98, 56, 'login', NULL, NULL, '::ffff:172.253.124.95', 'PropertyListings/1 CFNetwork/1568.300.101 Darwin/24.6.0', NULL, '2025-12-04 21:44:03'),
(138, 98, 56, 'login', NULL, NULL, '::ffff:172.253.124.95', 'PropertyListings/1 CFNetwork/1568.300.101 Darwin/24.6.0', NULL, '2025-12-04 21:51:49'),
(139, 94, 56, 'login', NULL, NULL, '::ffff:172.253.124.95', 'PropertyListings/1 CFNetwork/1490.0.4 Darwin/24.6.0', NULL, '2025-12-05 16:49:25'),
(140, 94, 56, 'login', NULL, NULL, '::ffff:172.253.124.95', 'PropertyListings/1 CFNetwork/3826.500.111.2.2 Darwin/24.6.0', NULL, '2025-12-05 16:57:44'),
(141, 93, 56, 'login', NULL, NULL, '::ffff:172.253.124.95', 'PropertyListings/1 CFNetwork/1568.300.101 Darwin/24.6.0', NULL, '2025-12-05 22:05:20'),
(142, 94, 56, 'login', NULL, NULL, '::ffff:172.253.124.95', 'PropertyListings/1 CFNetwork/3826.500.111.2.2 Darwin/24.6.0', NULL, '2025-12-08 14:00:17'),
(143, 93, 56, 'login', NULL, NULL, '::ffff:172.253.124.95', 'PropertyListings/1 CFNetwork/1568.300.101 Darwin/24.6.0', NULL, '2025-12-08 14:16:08'),
(144, 93, 56, 'login', NULL, NULL, '::ffff:172.253.124.95', 'PropertyListings/1 CFNetwork/1568.300.101 Darwin/24.6.0', NULL, '2025-12-08 17:16:59'),
(145, 94, 56, 'login', NULL, NULL, '::ffff:172.253.124.95', 'PropertyListings/1 CFNetwork/3826.500.111.2.2 Darwin/24.6.0', NULL, '2025-12-08 17:17:01'),
(146, 94, 56, 'login', NULL, NULL, '::ffff:172.253.124.95', 'PropertyListings/1 CFNetwork/3826.500.111.2.2 Darwin/24.6.0', NULL, '2025-12-08 20:36:48'),
(147, 94, 56, 'login', NULL, NULL, '::ffff:172.253.124.95', 'PropertyListings/1 CFNetwork/3826.500.111.2.2 Darwin/24.6.0', NULL, '2025-12-08 20:48:01'),
(148, 94, 56, 'login', NULL, NULL, '::ffff:172.253.124.95', 'PropertyListings/1 CFNetwork/3826.500.111.2.2 Darwin/24.6.0', NULL, '2025-12-10 18:18:24'),
(149, 93, 56, 'login', NULL, NULL, '::ffff:172.253.124.95', 'PropertyListings/1 CFNetwork/1568.300.101 Darwin/24.6.0', NULL, '2025-12-10 18:32:20'),
(150, 93, 56, 'login', NULL, NULL, '::ffff:172.253.124.95', 'PropertyListings/1 CFNetwork/1568.300.101 Darwin/24.6.0', NULL, '2025-12-10 20:21:21'),
(151, 93, 56, 'login', NULL, NULL, '::ffff:172.253.124.95', 'PropertyListings/1 CFNetwork/3826.500.111.2.2 Darwin/24.6.0', NULL, '2025-12-10 21:44:42');

-- --------------------------------------------------------

--
-- Table structure for table `user_app_permissions`
--

CREATE TABLE `user_app_permissions` (
  `id` int NOT NULL,
  `user_id` int NOT NULL,
  `app_id` int NOT NULL,
  `role_id` int DEFAULT '3',
  `can_view` tinyint(1) DEFAULT '1',
  `can_edit` tinyint(1) DEFAULT '0',
  `can_delete` tinyint(1) DEFAULT '0',
  `can_publish` tinyint(1) DEFAULT '0',
  `can_manage_users` tinyint(1) DEFAULT '0',
  `can_manage_admins` tinyint(1) DEFAULT '0',
  `can_manage_settings` tinyint(1) DEFAULT '0',
  `custom_permissions` json DEFAULT NULL COMMENT 'Store additional custom permissions as JSON',
  `granted_by` int NOT NULL COMMENT 'User ID who granted these permissions',
  `created_at` timestamp NULL DEFAULT CURRENT_TIMESTAMP,
  `updated_at` timestamp NULL DEFAULT CURRENT_TIMESTAMP ON UPDATE CURRENT_TIMESTAMP
) ENGINE=InnoDB DEFAULT CHARSET=utf8mb4 COLLATE=utf8mb4_unicode_ci;

--
-- Dumping data for table `user_app_permissions`
--

INSERT INTO `user_app_permissions` (`id`, `user_id`, `app_id`, `role_id`, `can_view`, `can_edit`, `can_delete`, `can_publish`, `can_manage_users`, `can_manage_admins`, `can_manage_settings`, `custom_permissions`, `granted_by`, `created_at`, `updated_at`) VALUES
(17, 2, 28, 2, 1, 1, 1, 1, 1, 1, 1, '{\"screens\": {\"18\": {\"can_menu_config\": false, \"can_edit_content\": true, \"can_module_config\": false, \"can_toggle_publish\": true}, \"96\": {\"can_menu_config\": true, \"can_edit_content\": true, \"can_module_config\": true, \"can_toggle_publish\": true}, \"97\": {\"can_menu_config\": false, \"can_edit_content\": false, \"can_module_config\": false, \"can_toggle_publish\": false}, \"98\": {\"can_menu_config\": true, \"can_edit_content\": true, \"can_module_config\": true, \"can_toggle_publish\": true}, \"99\": {\"can_menu_config\": true, \"can_edit_content\": true, \"can_module_config\": true, \"can_toggle_publish\": true}, \"100\": {\"can_menu_config\": true, \"can_edit_content\": true, \"can_module_config\": true, \"can_toggle_publish\": true}, \"101\": {\"can_menu_config\": false, \"can_edit_content\": false, \"can_module_config\": false, \"can_toggle_publish\": false}, \"102\": {\"can_menu_config\": false, \"can_edit_content\": true, \"can_module_config\": false, \"can_toggle_publish\": true}, \"103\": {\"can_menu_config\": false, \"can_edit_content\": true, \"can_module_config\": false, \"can_toggle_publish\": true}, \"104\": {\"can_menu_config\": false, \"can_edit_content\": true, \"can_module_config\": false, \"can_toggle_publish\": false}, \"105\": {\"can_menu_config\": true, \"can_edit_content\": true, \"can_module_config\": true, \"can_toggle_publish\": true}, \"106\": {\"can_menu_config\": true, \"can_edit_content\": true, \"can_module_config\": true, \"can_toggle_publish\": true}, \"107\": {\"can_menu_config\": true, \"can_edit_content\": false, \"can_module_config\": true, \"can_toggle_publish\": false}, \"108\": {\"can_menu_config\": true, \"can_edit_content\": true, \"can_module_config\": true, \"can_toggle_publish\": true}, \"109\": {\"can_menu_config\": true, \"can_edit_content\": true, \"can_module_config\": true, \"can_toggle_publish\": true}, \"110\": {\"can_menu_config\": true, \"can_edit_content\": true, \"can_module_config\": true, \"can_toggle_publish\": true}, \"111\": {\"can_menu_config\": true, \"can_edit_content\": true, \"can_module_config\": true, \"can_toggle_publish\": true}, \"112\": {\"can_menu_config\": true, \"can_edit_content\": false, \"can_module_config\": true, \"can_toggle_publish\": false}, \"113\": {\"can_menu_config\": true, \"can_edit_content\": false, \"can_module_config\": true, \"can_toggle_publish\": true}, \"114\": {\"can_menu_config\": true, \"can_edit_content\": false, \"can_module_config\": true, \"can_toggle_publish\": false}, \"115\": {\"can_menu_config\": false, \"can_edit_content\": false, \"can_module_config\": false, \"can_toggle_publish\": false}, \"116\": {\"can_menu_config\": true, \"can_edit_content\": false, \"can_module_config\": true, \"can_toggle_publish\": false}, \"117\": {\"can_menu_config\": false, \"can_edit_content\": false, \"can_module_config\": false, \"can_toggle_publish\": false}, \"127\": {\"can_menu_config\": true, \"can_edit_content\": false, \"can_module_config\": true, \"can_toggle_publish\": false}, \"128\": {\"can_menu_config\": false, \"can_edit_content\": false, \"can_module_config\": false, \"can_toggle_publish\": false}, \"129\": {\"can_menu_config\": true, \"can_edit_content\": false, \"can_module_config\": true, \"can_toggle_publish\": false}, \"130\": {\"can_menu_config\": true, \"can_edit_content\": false, \"can_module_config\": true, \"can_toggle_publish\": false}, \"131\": {\"can_menu_config\": true, \"can_edit_content\": false, \"can_module_config\": true, \"can_toggle_publish\": false}, \"132\": {\"can_menu_config\": true, \"can_edit_content\": false, \"can_module_config\": true, \"can_toggle_publish\": false}, \"133\": {\"can_menu_config\": true, \"can_edit_content\": false, \"can_module_config\": true, \"can_toggle_publish\": false}, \"134\": {\"can_menu_config\": true, \"can_edit_content\": false, \"can_module_config\": true, \"can_toggle_publish\": false}, \"135\": {\"can_menu_config\": true, \"can_edit_content\": false, \"can_module_config\": true, \"can_toggle_publish\": false}, \"137\": {\"can_menu_config\": false, \"can_edit_content\": false, \"can_module_config\": false, \"can_toggle_publish\": false}}, \"menu_access\": {\"menus\": true, \"bookings\": true, \"property_listings\": true, \"contact_submissions\": true}}', 1, '2025-11-29 23:36:00', '2025-12-01 01:14:08'),
(19, 3, 28, 2, 1, 1, 1, 1, 1, 1, 1, '{\"screens\": {\"18\": {\"can_menu_config\": false, \"can_edit_content\": true, \"can_module_config\": false, \"can_toggle_publish\": true}, \"96\": {\"can_menu_config\": true, \"can_edit_content\": true, \"can_module_config\": true, \"can_toggle_publish\": true}, \"97\": {\"can_menu_config\": false, \"can_edit_content\": false, \"can_module_config\": false, \"can_toggle_publish\": false}, \"98\": {\"can_menu_config\": true, \"can_edit_content\": true, \"can_module_config\": true, \"can_toggle_publish\": true}, \"99\": {\"can_menu_config\": true, \"can_edit_content\": true, \"can_module_config\": true, \"can_toggle_publish\": true}, \"100\": {\"can_menu_config\": true, \"can_edit_content\": true, \"can_module_config\": true, \"can_toggle_publish\": true}, \"101\": {\"can_menu_config\": false, \"can_edit_content\": false, \"can_module_config\": false, \"can_toggle_publish\": false}, \"102\": {\"can_menu_config\": false, \"can_edit_content\": true, \"can_module_config\": false, \"can_toggle_publish\": true}, \"103\": {\"can_menu_config\": false, \"can_edit_content\": true, \"can_module_config\": false, \"can_toggle_publish\": true}, \"104\": {\"can_menu_config\": false, \"can_edit_content\": true, \"can_module_config\": false, \"can_toggle_publish\": false}, \"105\": {\"can_menu_config\": true, \"can_edit_content\": true, \"can_module_config\": true, \"can_toggle_publish\": true}, \"106\": {\"can_menu_config\": true, \"can_edit_content\": true, \"can_module_config\": true, \"can_toggle_publish\": true}, \"107\": {\"can_menu_config\": true, \"can_edit_content\": false, \"can_module_config\": true, \"can_toggle_publish\": false}, \"108\": {\"can_menu_config\": true, \"can_edit_content\": true, \"can_module_config\": true, \"can_toggle_publish\": true}, \"109\": {\"can_menu_config\": true, \"can_edit_content\": true, \"can_module_config\": true, \"can_toggle_publish\": true}, \"110\": {\"can_menu_config\": true, \"can_edit_content\": true, \"can_module_config\": true, \"can_toggle_publish\": true}, \"111\": {\"can_menu_config\": true, \"can_edit_content\": true, \"can_module_config\": true, \"can_toggle_publish\": true}, \"112\": {\"can_menu_config\": true, \"can_edit_content\": false, \"can_module_config\": true, \"can_toggle_publish\": false}, \"113\": {\"can_menu_config\": true, \"can_edit_content\": false, \"can_module_config\": true, \"can_toggle_publish\": true}, \"114\": {\"can_menu_config\": true, \"can_edit_content\": false, \"can_module_config\": true, \"can_toggle_publish\": false}, \"115\": {\"can_menu_config\": false, \"can_edit_content\": false, \"can_module_config\": false, \"can_toggle_publish\": false}, \"116\": {\"can_menu_config\": true, \"can_edit_content\": false, \"can_module_config\": true, \"can_toggle_publish\": false}, \"117\": {\"can_menu_config\": false, \"can_edit_content\": false, \"can_module_config\": false, \"can_toggle_publish\": false}, \"127\": {\"can_menu_config\": true, \"can_edit_content\": false, \"can_module_config\": true, \"can_toggle_publish\": false}, \"128\": {\"can_menu_config\": false, \"can_edit_content\": false, \"can_module_config\": false, \"can_toggle_publish\": false}, \"129\": {\"can_menu_config\": true, \"can_edit_content\": false, \"can_module_config\": true, \"can_toggle_publish\": false}, \"130\": {\"can_menu_config\": true, \"can_edit_content\": false, \"can_module_config\": true, \"can_toggle_publish\": false}, \"131\": {\"can_menu_config\": true, \"can_edit_content\": false, \"can_module_config\": true, \"can_toggle_publish\": false}, \"132\": {\"can_menu_config\": true, \"can_edit_content\": false, \"can_module_config\": true, \"can_toggle_publish\": false}, \"133\": {\"can_menu_config\": true, \"can_edit_content\": false, \"can_module_config\": true, \"can_toggle_publish\": false}, \"134\": {\"can_menu_config\": true, \"can_edit_content\": false, \"can_module_config\": true, \"can_toggle_publish\": false}, \"135\": {\"can_menu_config\": true, \"can_edit_content\": false, \"can_module_config\": true, \"can_toggle_publish\": false}, \"137\": {\"can_menu_config\": false, \"can_edit_content\": false, \"can_module_config\": false, \"can_toggle_publish\": false}}, \"menu_access\": {\"menus\": true, \"bookings\": true, \"property_listings\": true, \"contact_submissions\": true}}', 1, '2025-11-29 23:36:21', '2025-12-01 01:14:08'),
(43, 2, 56, 2, 1, 1, 1, 1, 1, 1, 1, '{\"screens\": {\"18\": {\"can_menu_config\": false, \"can_edit_content\": true, \"can_module_config\": false, \"can_toggle_publish\": true}, \"96\": {\"can_menu_config\": true, \"can_edit_content\": true, \"can_module_config\": true, \"can_toggle_publish\": true}, \"97\": {\"can_menu_config\": false, \"can_edit_content\": false, \"can_module_config\": false, \"can_toggle_publish\": false}, \"98\": {\"can_menu_config\": true, \"can_edit_content\": true, \"can_module_config\": true, \"can_toggle_publish\": true}, \"99\": {\"can_menu_config\": true, \"can_edit_content\": true, \"can_module_config\": true, \"can_toggle_publish\": true}, \"100\": {\"can_menu_config\": true, \"can_edit_content\": true, \"can_module_config\": true, \"can_toggle_publish\": true}, \"101\": {\"can_menu_config\": false, \"can_edit_content\": false, \"can_module_config\": false, \"can_toggle_publish\": false}, \"102\": {\"can_menu_config\": false, \"can_edit_content\": true, \"can_module_config\": false, \"can_toggle_publish\": true}, \"103\": {\"can_menu_config\": false, \"can_edit_content\": true, \"can_module_config\": false, \"can_toggle_publish\": true}, \"104\": {\"can_menu_config\": false, \"can_edit_content\": true, \"can_module_config\": false, \"can_toggle_publish\": false}, \"105\": {\"can_menu_config\": true, \"can_edit_content\": true, \"can_module_config\": true, \"can_toggle_publish\": true}, \"106\": {\"can_menu_config\": true, \"can_edit_content\": true, \"can_module_config\": true, \"can_toggle_publish\": true}, \"107\": {\"can_menu_config\": true, \"can_edit_content\": false, \"can_module_config\": true, \"can_toggle_publish\": false}, \"108\": {\"can_menu_config\": true, \"can_edit_content\": true, \"can_module_config\": true, \"can_toggle_publish\": true}, \"109\": {\"can_menu_config\": true, \"can_edit_content\": true, \"can_module_config\": true, \"can_toggle_publish\": true}, \"110\": {\"can_menu_config\": true, \"can_edit_content\": true, \"can_module_config\": true, \"can_toggle_publish\": true}, \"111\": {\"can_menu_config\": true, \"can_edit_content\": true, \"can_module_config\": true, \"can_toggle_publish\": true}, \"112\": {\"can_menu_config\": true, \"can_edit_content\": false, \"can_module_config\": true, \"can_toggle_publish\": false}, \"113\": {\"can_menu_config\": true, \"can_edit_content\": false, \"can_module_config\": true, \"can_toggle_publish\": true}, \"114\": {\"can_menu_config\": true, \"can_edit_content\": false, \"can_module_config\": true, \"can_toggle_publish\": false}, \"115\": {\"can_menu_config\": false, \"can_edit_content\": false, \"can_module_config\": false, \"can_toggle_publish\": false}, \"116\": {\"can_menu_config\": true, \"can_edit_content\": false, \"can_module_config\": true, \"can_toggle_publish\": false}, \"117\": {\"can_menu_config\": false, \"can_edit_content\": false, \"can_module_config\": false, \"can_toggle_publish\": false}, \"127\": {\"can_menu_config\": true, \"can_edit_content\": false, \"can_module_config\": true, \"can_toggle_publish\": false}, \"128\": {\"can_menu_config\": false, \"can_edit_content\": false, \"can_module_config\": false, \"can_toggle_publish\": false}, \"129\": {\"can_menu_config\": true, \"can_edit_content\": false, \"can_module_config\": true, \"can_toggle_publish\": false}, \"130\": {\"can_menu_config\": true, \"can_edit_content\": false, \"can_module_config\": true, \"can_toggle_publish\": false}, \"131\": {\"can_menu_config\": true, \"can_edit_content\": false, \"can_module_config\": true, \"can_toggle_publish\": false}, \"132\": {\"can_menu_config\": true, \"can_edit_content\": false, \"can_module_config\": true, \"can_toggle_publish\": false}, \"133\": {\"can_menu_config\": true, \"can_edit_content\": false, \"can_module_config\": true, \"can_toggle_publish\": false}, \"134\": {\"can_menu_config\": true, \"can_edit_content\": false, \"can_module_config\": true, \"can_toggle_publish\": false}, \"135\": {\"can_menu_config\": true, \"can_edit_content\": false, \"can_module_config\": true, \"can_toggle_publish\": false}, \"137\": {\"can_menu_config\": false, \"can_edit_content\": false, \"can_module_config\": false, \"can_toggle_publish\": false}}, \"menu_access\": {\"menus\": true, \"bookings\": true, \"property_listings\": true, \"contact_submissions\": true}}', 1, '2025-12-01 01:51:09', '2025-12-01 01:51:09'),
(44, 3, 56, 3, 1, 1, 1, 1, 0, 0, 0, '{\"screens\": {\"18\": {\"can_menu_config\": false, \"can_edit_content\": true, \"can_module_config\": false, \"can_toggle_publish\": true}, \"96\": {\"can_menu_config\": false, \"can_edit_content\": true, \"can_module_config\": false, \"can_toggle_publish\": true}, \"97\": {\"can_menu_config\": false, \"can_edit_content\": false, \"can_module_config\": false, \"can_toggle_publish\": false}, \"98\": {\"can_menu_config\": false, \"can_edit_content\": true, \"can_module_config\": false, \"can_toggle_publish\": true}, \"99\": {\"can_menu_config\": false, \"can_edit_content\": true, \"can_module_config\": false, \"can_toggle_publish\": true}, \"100\": {\"can_menu_config\": false, \"can_edit_content\": true, \"can_module_config\": false, \"can_toggle_publish\": true}, \"101\": {\"can_menu_config\": false, \"can_edit_content\": false, \"can_module_config\": false, \"can_toggle_publish\": false}, \"102\": {\"can_menu_config\": false, \"can_edit_content\": true, \"can_module_config\": false, \"can_toggle_publish\": true}, \"103\": {\"can_menu_config\": false, \"can_edit_content\": true, \"can_module_config\": false, \"can_toggle_publish\": true}, \"104\": {\"can_menu_config\": false, \"can_edit_content\": true, \"can_module_config\": false, \"can_toggle_publish\": true}, \"105\": {\"can_menu_config\": false, \"can_edit_content\": true, \"can_module_config\": false, \"can_toggle_publish\": true}, \"106\": {\"can_menu_config\": false, \"can_edit_content\": true, \"can_module_config\": false, \"can_toggle_publish\": true}, \"107\": {\"can_menu_config\": false, \"can_edit_content\": false, \"can_module_config\": false, \"can_toggle_publish\": false}, \"108\": {\"can_menu_config\": false, \"can_edit_content\": true, \"can_module_config\": false, \"can_toggle_publish\": true}, \"109\": {\"can_menu_config\": false, \"can_edit_content\": true, \"can_module_config\": false, \"can_toggle_publish\": true}, \"110\": {\"can_menu_config\": false, \"can_edit_content\": true, \"can_module_config\": false, \"can_toggle_publish\": true}, \"111\": {\"can_menu_config\": false, \"can_edit_content\": true, \"can_module_config\": false, \"can_toggle_publish\": true}, \"112\": {\"can_menu_config\": false, \"can_edit_content\": false, \"can_module_config\": false, \"can_toggle_publish\": false}, \"113\": {\"can_menu_config\": false, \"can_edit_content\": false, \"can_module_config\": false, \"can_toggle_publish\": false}, \"114\": {\"can_menu_config\": false, \"can_edit_content\": false, \"can_module_config\": false, \"can_toggle_publish\": false}, \"115\": {\"can_menu_config\": false, \"can_edit_content\": false, \"can_module_config\": false, \"can_toggle_publish\": false}, \"116\": {\"can_menu_config\": false, \"can_edit_content\": false, \"can_module_config\": false, \"can_toggle_publish\": false}, \"117\": {\"can_menu_config\": false, \"can_edit_content\": false, \"can_module_config\": false, \"can_toggle_publish\": false}, \"127\": {\"can_menu_config\": false, \"can_edit_content\": false, \"can_module_config\": false, \"can_toggle_publish\": false}, \"128\": {\"can_menu_config\": false, \"can_edit_content\": false, \"can_module_config\": false, \"can_toggle_publish\": false}, \"129\": {\"can_menu_config\": false, \"can_edit_content\": false, \"can_module_config\": false, \"can_toggle_publish\": false}, \"130\": {\"can_menu_config\": false, \"can_edit_content\": false, \"can_module_config\": false, \"can_toggle_publish\": false}, \"131\": {\"can_menu_config\": false, \"can_edit_content\": false, \"can_module_config\": false, \"can_toggle_publish\": false}, \"132\": {\"can_menu_config\": false, \"can_edit_content\": false, \"can_module_config\": false, \"can_toggle_publish\": false}, \"133\": {\"can_menu_config\": false, \"can_edit_content\": false, \"can_module_config\": false, \"can_toggle_publish\": false}, \"134\": {\"can_menu_config\": false, \"can_edit_content\": false, \"can_module_config\": false, \"can_toggle_publish\": false}, \"135\": {\"can_menu_config\": false, \"can_edit_content\": false, \"can_module_config\": false, \"can_toggle_publish\": false}, \"137\": {\"can_menu_config\": false, \"can_edit_content\": false, \"can_module_config\": false, \"can_toggle_publish\": false}}, \"menu_access\": {\"menus\": false, \"bookings\": false, \"property_listings\": false, \"contact_submissions\": false}}', 1, '2025-12-01 01:51:09', '2025-12-02 21:16:25'),
(45, 2, 57, 2, 1, 1, 1, 1, 1, 1, 1, '{\"screens\": {\"18\": {\"can_menu_config\": false, \"can_edit_content\": true, \"can_module_config\": false, \"can_toggle_publish\": true}, \"96\": {\"can_menu_config\": true, \"can_edit_content\": true, \"can_module_config\": true, \"can_toggle_publish\": true}, \"97\": {\"can_menu_config\": false, \"can_edit_content\": false, \"can_module_config\": false, \"can_toggle_publish\": false}, \"98\": {\"can_menu_config\": true, \"can_edit_content\": true, \"can_module_config\": true, \"can_toggle_publish\": true}, \"99\": {\"can_menu_config\": true, \"can_edit_content\": true, \"can_module_config\": true, \"can_toggle_publish\": true}, \"100\": {\"can_menu_config\": true, \"can_edit_content\": true, \"can_module_config\": true, \"can_toggle_publish\": true}, \"101\": {\"can_menu_config\": false, \"can_edit_content\": false, \"can_module_config\": false, \"can_toggle_publish\": false}, \"102\": {\"can_menu_config\": false, \"can_edit_content\": true, \"can_module_config\": false, \"can_toggle_publish\": true}, \"103\": {\"can_menu_config\": false, \"can_edit_content\": true, \"can_module_config\": false, \"can_toggle_publish\": true}, \"104\": {\"can_menu_config\": false, \"can_edit_content\": true, \"can_module_config\": false, \"can_toggle_publish\": false}, \"105\": {\"can_menu_config\": true, \"can_edit_content\": true, \"can_module_config\": true, \"can_toggle_publish\": true}, \"106\": {\"can_menu_config\": true, \"can_edit_content\": true, \"can_module_config\": true, \"can_toggle_publish\": true}, \"107\": {\"can_menu_config\": true, \"can_edit_content\": false, \"can_module_config\": true, \"can_toggle_publish\": false}, \"108\": {\"can_menu_config\": true, \"can_edit_content\": true, \"can_module_config\": true, \"can_toggle_publish\": true}, \"109\": {\"can_menu_config\": true, \"can_edit_content\": true, \"can_module_config\": true, \"can_toggle_publish\": true}, \"110\": {\"can_menu_config\": true, \"can_edit_content\": true, \"can_module_config\": true, \"can_toggle_publish\": true}, \"111\": {\"can_menu_config\": true, \"can_edit_content\": true, \"can_module_config\": true, \"can_toggle_publish\": true}, \"112\": {\"can_menu_config\": true, \"can_edit_content\": false, \"can_module_config\": true, \"can_toggle_publish\": false}, \"113\": {\"can_menu_config\": true, \"can_edit_content\": false, \"can_module_config\": true, \"can_toggle_publish\": true}, \"114\": {\"can_menu_config\": true, \"can_edit_content\": false, \"can_module_config\": true, \"can_toggle_publish\": false}, \"115\": {\"can_menu_config\": false, \"can_edit_content\": false, \"can_module_config\": false, \"can_toggle_publish\": false}, \"116\": {\"can_menu_config\": true, \"can_edit_content\": false, \"can_module_config\": true, \"can_toggle_publish\": false}, \"117\": {\"can_menu_config\": false, \"can_edit_content\": false, \"can_module_config\": false, \"can_toggle_publish\": false}, \"127\": {\"can_menu_config\": true, \"can_edit_content\": false, \"can_module_config\": true, \"can_toggle_publish\": false}, \"128\": {\"can_menu_config\": false, \"can_edit_content\": false, \"can_module_config\": false, \"can_toggle_publish\": false}, \"129\": {\"can_menu_config\": true, \"can_edit_content\": false, \"can_module_config\": true, \"can_toggle_publish\": false}, \"130\": {\"can_menu_config\": true, \"can_edit_content\": false, \"can_module_config\": true, \"can_toggle_publish\": false}, \"131\": {\"can_menu_config\": true, \"can_edit_content\": false, \"can_module_config\": true, \"can_toggle_publish\": false}, \"132\": {\"can_menu_config\": true, \"can_edit_content\": false, \"can_module_config\": true, \"can_toggle_publish\": false}, \"133\": {\"can_menu_config\": true, \"can_edit_content\": false, \"can_module_config\": true, \"can_toggle_publish\": false}, \"134\": {\"can_menu_config\": true, \"can_edit_content\": false, \"can_module_config\": true, \"can_toggle_publish\": false}, \"135\": {\"can_menu_config\": true, \"can_edit_content\": false, \"can_module_config\": true, \"can_toggle_publish\": false}, \"137\": {\"can_menu_config\": false, \"can_edit_content\": false, \"can_module_config\": false, \"can_toggle_publish\": false}}, \"menu_access\": {\"menus\": true, \"bookings\": true, \"property_listings\": true, \"contact_submissions\": true}}', 1, '2025-12-03 20:19:29', '2025-12-03 20:19:29'),
(46, 3, 57, 3, 1, 1, 1, 1, 0, 0, 0, '{\"screens\": {\"18\": {\"can_menu_config\": false, \"can_edit_content\": true, \"can_module_config\": false, \"can_toggle_publish\": true}, \"96\": {\"can_menu_config\": false, \"can_edit_content\": true, \"can_module_config\": false, \"can_toggle_publish\": true}, \"97\": {\"can_menu_config\": false, \"can_edit_content\": false, \"can_module_config\": false, \"can_toggle_publish\": false}, \"98\": {\"can_menu_config\": false, \"can_edit_content\": true, \"can_module_config\": false, \"can_toggle_publish\": true}, \"99\": {\"can_menu_config\": false, \"can_edit_content\": true, \"can_module_config\": false, \"can_toggle_publish\": true}, \"100\": {\"can_menu_config\": false, \"can_edit_content\": true, \"can_module_config\": false, \"can_toggle_publish\": true}, \"101\": {\"can_menu_config\": false, \"can_edit_content\": false, \"can_module_config\": false, \"can_toggle_publish\": false}, \"102\": {\"can_menu_config\": false, \"can_edit_content\": true, \"can_module_config\": false, \"can_toggle_publish\": true}, \"103\": {\"can_menu_config\": false, \"can_edit_content\": true, \"can_module_config\": false, \"can_toggle_publish\": true}, \"104\": {\"can_menu_config\": false, \"can_edit_content\": true, \"can_module_config\": false, \"can_toggle_publish\": true}, \"105\": {\"can_menu_config\": false, \"can_edit_content\": true, \"can_module_config\": false, \"can_toggle_publish\": true}, \"106\": {\"can_menu_config\": false, \"can_edit_content\": true, \"can_module_config\": false, \"can_toggle_publish\": true}, \"107\": {\"can_menu_config\": false, \"can_edit_content\": false, \"can_module_config\": false, \"can_toggle_publish\": false}, \"108\": {\"can_menu_config\": false, \"can_edit_content\": true, \"can_module_config\": false, \"can_toggle_publish\": true}, \"109\": {\"can_menu_config\": false, \"can_edit_content\": true, \"can_module_config\": false, \"can_toggle_publish\": true}, \"110\": {\"can_menu_config\": false, \"can_edit_content\": true, \"can_module_config\": false, \"can_toggle_publish\": true}, \"111\": {\"can_menu_config\": false, \"can_edit_content\": true, \"can_module_config\": false, \"can_toggle_publish\": true}, \"112\": {\"can_menu_config\": false, \"can_edit_content\": false, \"can_module_config\": false, \"can_toggle_publish\": false}, \"113\": {\"can_menu_config\": false, \"can_edit_content\": false, \"can_module_config\": false, \"can_toggle_publish\": false}, \"114\": {\"can_menu_config\": false, \"can_edit_content\": false, \"can_module_config\": false, \"can_toggle_publish\": false}, \"115\": {\"can_menu_config\": false, \"can_edit_content\": false, \"can_module_config\": false, \"can_toggle_publish\": false}, \"116\": {\"can_menu_config\": false, \"can_edit_content\": false, \"can_module_config\": false, \"can_toggle_publish\": false}, \"117\": {\"can_menu_config\": false, \"can_edit_content\": false, \"can_module_config\": false, \"can_toggle_publish\": false}, \"127\": {\"can_menu_config\": false, \"can_edit_content\": false, \"can_module_config\": false, \"can_toggle_publish\": false}, \"128\": {\"can_menu_config\": false, \"can_edit_content\": false, \"can_module_config\": false, \"can_toggle_publish\": false}, \"129\": {\"can_menu_config\": false, \"can_edit_content\": false, \"can_module_config\": false, \"can_toggle_publish\": false}, \"130\": {\"can_menu_config\": false, \"can_edit_content\": false, \"can_module_config\": false, \"can_toggle_publish\": false}, \"131\": {\"can_menu_config\": false, \"can_edit_content\": false, \"can_module_config\": false, \"can_toggle_publish\": false}, \"132\": {\"can_menu_config\": false, \"can_edit_content\": false, \"can_module_config\": false, \"can_toggle_publish\": false}, \"133\": {\"can_menu_config\": false, \"can_edit_content\": false, \"can_module_config\": false, \"can_toggle_publish\": false}, \"134\": {\"can_menu_config\": false, \"can_edit_content\": false, \"can_module_config\": false, \"can_toggle_publish\": false}, \"135\": {\"can_menu_config\": false, \"can_edit_content\": false, \"can_module_config\": false, \"can_toggle_publish\": false}, \"137\": {\"can_menu_config\": false, \"can_edit_content\": false, \"can_module_config\": false, \"can_toggle_publish\": false}}, \"menu_access\": {\"menus\": false, \"bookings\": false, \"property_listings\": false, \"contact_submissions\": false}}', 1, '2025-12-03 20:19:29', '2025-12-03 20:19:29'),
(47, 1, 58, 2, 1, 1, 1, 1, 1, 1, 1, '{\"screens\": {\"18\": {\"can_menu_config\": false, \"can_edit_content\": true, \"can_module_config\": false, \"can_toggle_publish\": true}, \"96\": {\"can_menu_config\": true, \"can_edit_content\": true, \"can_module_config\": true, \"can_toggle_publish\": true}, \"97\": {\"can_menu_config\": false, \"can_edit_content\": false, \"can_module_config\": false, \"can_toggle_publish\": false}, \"98\": {\"can_menu_config\": true, \"can_edit_content\": true, \"can_module_config\": true, \"can_toggle_publish\": true}, \"99\": {\"can_menu_config\": true, \"can_edit_content\": true, \"can_module_config\": true, \"can_toggle_publish\": true}, \"100\": {\"can_menu_config\": true, \"can_edit_content\": true, \"can_module_config\": true, \"can_toggle_publish\": true}, \"101\": {\"can_menu_config\": false, \"can_edit_content\": false, \"can_module_config\": false, \"can_toggle_publish\": false}, \"102\": {\"can_menu_config\": false, \"can_edit_content\": true, \"can_module_config\": false, \"can_toggle_publish\": true}, \"103\": {\"can_menu_config\": false, \"can_edit_content\": true, \"can_module_config\": false, \"can_toggle_publish\": true}, \"104\": {\"can_menu_config\": false, \"can_edit_content\": true, \"can_module_config\": false, \"can_toggle_publish\": false}, \"105\": {\"can_menu_config\": true, \"can_edit_content\": true, \"can_module_config\": true, \"can_toggle_publish\": true}, \"106\": {\"can_menu_config\": true, \"can_edit_content\": true, \"can_module_config\": true, \"can_toggle_publish\": true}, \"107\": {\"can_menu_config\": true, \"can_edit_content\": false, \"can_module_config\": true, \"can_toggle_publish\": false}, \"108\": {\"can_menu_config\": true, \"can_edit_content\": true, \"can_module_config\": true, \"can_toggle_publish\": true}, \"109\": {\"can_menu_config\": true, \"can_edit_content\": true, \"can_module_config\": true, \"can_toggle_publish\": true}, \"110\": {\"can_menu_config\": true, \"can_edit_content\": true, \"can_module_config\": true, \"can_toggle_publish\": true}, \"111\": {\"can_menu_config\": true, \"can_edit_content\": true, \"can_module_config\": true, \"can_toggle_publish\": true}, \"112\": {\"can_menu_config\": true, \"can_edit_content\": false, \"can_module_config\": true, \"can_toggle_publish\": false}, \"113\": {\"can_menu_config\": true, \"can_edit_content\": false, \"can_module_config\": true, \"can_toggle_publish\": true}, \"114\": {\"can_menu_config\": true, \"can_edit_content\": false, \"can_module_config\": true, \"can_toggle_publish\": false}, \"115\": {\"can_menu_config\": false, \"can_edit_content\": false, \"can_module_config\": false, \"can_toggle_publish\": false}, \"116\": {\"can_menu_config\": true, \"can_edit_content\": false, \"can_module_config\": true, \"can_toggle_publish\": false}, \"117\": {\"can_menu_config\": false, \"can_edit_content\": false, \"can_module_config\": false, \"can_toggle_publish\": false}, \"127\": {\"can_menu_config\": true, \"can_edit_content\": false, \"can_module_config\": true, \"can_toggle_publish\": false}, \"128\": {\"can_menu_config\": false, \"can_edit_content\": false, \"can_module_config\": false, \"can_toggle_publish\": false}, \"129\": {\"can_menu_config\": true, \"can_edit_content\": false, \"can_module_config\": true, \"can_toggle_publish\": false}, \"130\": {\"can_menu_config\": true, \"can_edit_content\": false, \"can_module_config\": true, \"can_toggle_publish\": false}, \"131\": {\"can_menu_config\": true, \"can_edit_content\": false, \"can_module_config\": true, \"can_toggle_publish\": false}, \"132\": {\"can_menu_config\": true, \"can_edit_content\": false, \"can_module_config\": true, \"can_toggle_publish\": false}, \"133\": {\"can_menu_config\": true, \"can_edit_content\": false, \"can_module_config\": true, \"can_toggle_publish\": false}, \"134\": {\"can_menu_config\": true, \"can_edit_content\": false, \"can_module_config\": true, \"can_toggle_publish\": false}, \"135\": {\"can_menu_config\": true, \"can_edit_content\": false, \"can_module_config\": true, \"can_toggle_publish\": false}, \"137\": {\"can_menu_config\": false, \"can_edit_content\": false, \"can_module_config\": false, \"can_toggle_publish\": false}}, \"menu_access\": {\"menus\": true, \"bookings\": true, \"property_listings\": true, \"contact_submissions\": true}}', 1, '2025-12-03 22:54:45', '2025-12-03 22:54:45'),
(54, 2, 65, 2, 1, 1, 1, 1, 1, 1, 1, '{\"screens\": {\"18\": {\"can_menu_config\": false, \"can_edit_content\": true, \"can_module_config\": false, \"can_toggle_publish\": true}, \"96\": {\"can_menu_config\": true, \"can_edit_content\": true, \"can_module_config\": true, \"can_toggle_publish\": true}, \"97\": {\"can_menu_config\": false, \"can_edit_content\": false, \"can_module_config\": false, \"can_toggle_publish\": false}, \"98\": {\"can_menu_config\": true, \"can_edit_content\": true, \"can_module_config\": true, \"can_toggle_publish\": true}, \"99\": {\"can_menu_config\": true, \"can_edit_content\": true, \"can_module_config\": true, \"can_toggle_publish\": true}, \"100\": {\"can_menu_config\": true, \"can_edit_content\": true, \"can_module_config\": true, \"can_toggle_publish\": true}, \"101\": {\"can_menu_config\": false, \"can_edit_content\": false, \"can_module_config\": false, \"can_toggle_publish\": false}, \"102\": {\"can_menu_config\": false, \"can_edit_content\": true, \"can_module_config\": false, \"can_toggle_publish\": true}, \"103\": {\"can_menu_config\": false, \"can_edit_content\": true, \"can_module_config\": false, \"can_toggle_publish\": true}, \"104\": {\"can_menu_config\": false, \"can_edit_content\": true, \"can_module_config\": false, \"can_toggle_publish\": false}, \"105\": {\"can_menu_config\": true, \"can_edit_content\": true, \"can_module_config\": true, \"can_toggle_publish\": true}, \"106\": {\"can_menu_config\": true, \"can_edit_content\": true, \"can_module_config\": true, \"can_toggle_publish\": true}, \"107\": {\"can_menu_config\": true, \"can_edit_content\": false, \"can_module_config\": true, \"can_toggle_publish\": false}, \"108\": {\"can_menu_config\": true, \"can_edit_content\": true, \"can_module_config\": true, \"can_toggle_publish\": true}, \"109\": {\"can_menu_config\": true, \"can_edit_content\": true, \"can_module_config\": true, \"can_toggle_publish\": true}, \"110\": {\"can_menu_config\": true, \"can_edit_content\": true, \"can_module_config\": true, \"can_toggle_publish\": true}, \"111\": {\"can_menu_config\": true, \"can_edit_content\": true, \"can_module_config\": true, \"can_toggle_publish\": true}, \"112\": {\"can_menu_config\": true, \"can_edit_content\": false, \"can_module_config\": true, \"can_toggle_publish\": false}, \"113\": {\"can_menu_config\": true, \"can_edit_content\": false, \"can_module_config\": true, \"can_toggle_publish\": true}, \"114\": {\"can_menu_config\": true, \"can_edit_content\": false, \"can_module_config\": true, \"can_toggle_publish\": false}, \"115\": {\"can_menu_config\": false, \"can_edit_content\": false, \"can_module_config\": false, \"can_toggle_publish\": false}, \"116\": {\"can_menu_config\": true, \"can_edit_content\": false, \"can_module_config\": true, \"can_toggle_publish\": false}, \"117\": {\"can_menu_config\": false, \"can_edit_content\": false, \"can_module_config\": false, \"can_toggle_publish\": false}, \"127\": {\"can_menu_config\": true, \"can_edit_content\": false, \"can_module_config\": true, \"can_toggle_publish\": false}, \"128\": {\"can_menu_config\": false, \"can_edit_content\": false, \"can_module_config\": false, \"can_toggle_publish\": false}, \"129\": {\"can_menu_config\": true, \"can_edit_content\": false, \"can_module_config\": true, \"can_toggle_publish\": false}, \"130\": {\"can_menu_config\": true, \"can_edit_content\": false, \"can_module_config\": true, \"can_toggle_publish\": false}, \"131\": {\"can_menu_config\": true, \"can_edit_content\": false, \"can_module_config\": true, \"can_toggle_publish\": false}, \"132\": {\"can_menu_config\": true, \"can_edit_content\": false, \"can_module_config\": true, \"can_toggle_publish\": false}, \"133\": {\"can_menu_config\": true, \"can_edit_content\": false, \"can_module_config\": true, \"can_toggle_publish\": false}, \"134\": {\"can_menu_config\": true, \"can_edit_content\": false, \"can_module_config\": true, \"can_toggle_publish\": false}, \"135\": {\"can_menu_config\": true, \"can_edit_content\": false, \"can_module_config\": true, \"can_toggle_publish\": false}, \"137\": {\"can_menu_config\": false, \"can_edit_content\": false, \"can_module_config\": false, \"can_toggle_publish\": false}}, \"menu_access\": {\"menus\": true, \"bookings\": true, \"property_listings\": true, \"contact_submissions\": true}}', 1, '2025-12-11 21:49:12', '2025-12-11 21:49:12'),
(55, 3, 65, 3, 1, 1, 1, 1, 0, 0, 0, '{\"screens\": {\"18\": {\"can_menu_config\": false, \"can_edit_content\": true, \"can_module_config\": false, \"can_toggle_publish\": true}, \"96\": {\"can_menu_config\": false, \"can_edit_content\": true, \"can_module_config\": false, \"can_toggle_publish\": true}, \"97\": {\"can_menu_config\": false, \"can_edit_content\": false, \"can_module_config\": false, \"can_toggle_publish\": false}, \"98\": {\"can_menu_config\": false, \"can_edit_content\": true, \"can_module_config\": false, \"can_toggle_publish\": true}, \"99\": {\"can_menu_config\": false, \"can_edit_content\": true, \"can_module_config\": false, \"can_toggle_publish\": true}, \"100\": {\"can_menu_config\": false, \"can_edit_content\": true, \"can_module_config\": false, \"can_toggle_publish\": true}, \"101\": {\"can_menu_config\": false, \"can_edit_content\": false, \"can_module_config\": false, \"can_toggle_publish\": false}, \"102\": {\"can_menu_config\": false, \"can_edit_content\": true, \"can_module_config\": false, \"can_toggle_publish\": true}, \"103\": {\"can_menu_config\": false, \"can_edit_content\": true, \"can_module_config\": false, \"can_toggle_publish\": true}, \"104\": {\"can_menu_config\": false, \"can_edit_content\": true, \"can_module_config\": false, \"can_toggle_publish\": true}, \"105\": {\"can_menu_config\": false, \"can_edit_content\": true, \"can_module_config\": false, \"can_toggle_publish\": true}, \"106\": {\"can_menu_config\": false, \"can_edit_content\": true, \"can_module_config\": false, \"can_toggle_publish\": true}, \"107\": {\"can_menu_config\": false, \"can_edit_content\": false, \"can_module_config\": false, \"can_toggle_publish\": false}, \"108\": {\"can_menu_config\": false, \"can_edit_content\": true, \"can_module_config\": false, \"can_toggle_publish\": true}, \"109\": {\"can_menu_config\": false, \"can_edit_content\": true, \"can_module_config\": false, \"can_toggle_publish\": true}, \"110\": {\"can_menu_config\": false, \"can_edit_content\": true, \"can_module_config\": false, \"can_toggle_publish\": true}, \"111\": {\"can_menu_config\": false, \"can_edit_content\": true, \"can_module_config\": false, \"can_toggle_publish\": true}, \"112\": {\"can_menu_config\": false, \"can_edit_content\": false, \"can_module_config\": false, \"can_toggle_publish\": false}, \"113\": {\"can_menu_config\": false, \"can_edit_content\": false, \"can_module_config\": false, \"can_toggle_publish\": false}, \"114\": {\"can_menu_config\": false, \"can_edit_content\": false, \"can_module_config\": false, \"can_toggle_publish\": false}, \"115\": {\"can_menu_config\": false, \"can_edit_content\": false, \"can_module_config\": false, \"can_toggle_publish\": false}, \"116\": {\"can_menu_config\": false, \"can_edit_content\": false, \"can_module_config\": false, \"can_toggle_publish\": false}, \"117\": {\"can_menu_config\": false, \"can_edit_content\": false, \"can_module_config\": false, \"can_toggle_publish\": false}, \"127\": {\"can_menu_config\": false, \"can_edit_content\": false, \"can_module_config\": false, \"can_toggle_publish\": false}, \"128\": {\"can_menu_config\": false, \"can_edit_content\": false, \"can_module_config\": false, \"can_toggle_publish\": false}, \"129\": {\"can_menu_config\": false, \"can_edit_content\": false, \"can_module_config\": false, \"can_toggle_publish\": false}, \"130\": {\"can_menu_config\": false, \"can_edit_content\": false, \"can_module_config\": false, \"can_toggle_publish\": false}, \"131\": {\"can_menu_config\": false, \"can_edit_content\": false, \"can_module_config\": false, \"can_toggle_publish\": false}, \"132\": {\"can_menu_config\": false, \"can_edit_content\": false, \"can_module_config\": false, \"can_toggle_publish\": false}, \"133\": {\"can_menu_config\": false, \"can_edit_content\": false, \"can_module_config\": false, \"can_toggle_publish\": false}, \"134\": {\"can_menu_config\": false, \"can_edit_content\": false, \"can_module_config\": false, \"can_toggle_publish\": false}, \"135\": {\"can_menu_config\": false, \"can_edit_content\": false, \"can_module_config\": false, \"can_toggle_publish\": false}, \"137\": {\"can_menu_config\": false, \"can_edit_content\": false, \"can_module_config\": false, \"can_toggle_publish\": false}}, \"menu_access\": {\"menus\": false, \"bookings\": false, \"property_listings\": false, \"contact_submissions\": false}}', 1, '2025-12-11 21:49:12', '2025-12-11 21:49:12');

-- --------------------------------------------------------

--
-- Table structure for table `user_favorites`
--

CREATE TABLE `user_favorites` (
  `id` int NOT NULL,
  `app_id` int NOT NULL,
  `user_id` int NOT NULL,
  `listing_id` int NOT NULL,
  `created_at` timestamp NULL DEFAULT CURRENT_TIMESTAMP
) ENGINE=InnoDB DEFAULT CHARSET=utf8mb4 COLLATE=utf8mb4_0900_ai_ci;

-- --------------------------------------------------------

--
-- Table structure for table `user_payment_methods`
--

CREATE TABLE `user_payment_methods` (
  `id` int NOT NULL,
  `app_id` int NOT NULL,
  `user_id` int NOT NULL,
  `payment_type` enum('credit','debit','paypal','apple_pay','google_pay','cash') NOT NULL,
  `card_last_four` varchar(4) DEFAULT NULL,
  `card_brand` varchar(20) DEFAULT NULL,
  `expiry_month` int DEFAULT NULL,
  `expiry_year` int DEFAULT NULL,
  `wallet_email` varchar(255) DEFAULT NULL,
  `payment_token` varchar(255) DEFAULT NULL,
  `is_default` tinyint(1) DEFAULT '0',
  `is_active` tinyint(1) DEFAULT '1',
  `created_at` timestamp NULL DEFAULT CURRENT_TIMESTAMP,
  `updated_at` timestamp NULL DEFAULT CURRENT_TIMESTAMP ON UPDATE CURRENT_TIMESTAMP
) ENGINE=InnoDB DEFAULT CHARSET=utf8mb4 COLLATE=utf8mb4_0900_ai_ci;

-- --------------------------------------------------------

--
-- Table structure for table `user_roles`
--

CREATE TABLE `user_roles` (
  `id` int NOT NULL,
  `app_id` int NOT NULL,
  `name` varchar(50) CHARACTER SET utf8mb4 COLLATE utf8mb4_unicode_ci NOT NULL,
  `display_name` varchar(100) CHARACTER SET utf8mb4 COLLATE utf8mb4_unicode_ci NOT NULL,
  `description` text CHARACTER SET utf8mb4 COLLATE utf8mb4_unicode_ci,
  `is_default` tinyint(1) DEFAULT '0',
  `created_at` timestamp NULL DEFAULT CURRENT_TIMESTAMP,
  `updated_at` timestamp NULL DEFAULT CURRENT_TIMESTAMP ON UPDATE CURRENT_TIMESTAMP
) ENGINE=InnoDB DEFAULT CHARSET=utf8mb4 COLLATE=utf8mb4_unicode_ci;

--
-- Dumping data for table `user_roles`
--

INSERT INTO `user_roles` (`id`, `app_id`, `name`, `display_name`, `description`, `is_default`, `created_at`, `updated_at`) VALUES
(5, 28, 'Renter', 'Renter', 'Standard renter role', 0, '2025-11-20 19:46:12', '2025-11-20 19:46:12'),
(6, 28, 'host', 'Host', 'Property owners who list properties', 0, '2025-11-20 22:56:35', '2025-11-20 22:56:35');

-- --------------------------------------------------------

--
-- Table structure for table `user_saved_addresses`
--

CREATE TABLE `user_saved_addresses` (
  `id` int NOT NULL,
  `app_id` int NOT NULL,
  `user_id` int NOT NULL,
  `label` varchar(50) NOT NULL,
  `address` varchar(500) NOT NULL,
  `latitude` decimal(10,8) DEFAULT NULL,
  `longitude` decimal(11,8) DEFAULT NULL,
  `is_default` tinyint(1) DEFAULT '0',
  `address_type` enum('home','work','other') DEFAULT 'other',
  `created_at` timestamp NULL DEFAULT CURRENT_TIMESTAMP,
  `updated_at` timestamp NULL DEFAULT CURRENT_TIMESTAMP ON UPDATE CURRENT_TIMESTAMP
) ENGINE=InnoDB DEFAULT CHARSET=utf8mb4 COLLATE=utf8mb4_0900_ai_ci;

-- --------------------------------------------------------

--
-- Table structure for table `user_sessions`
--

CREATE TABLE `user_sessions` (
  `id` int NOT NULL,
  `user_id` int NOT NULL,
  `app_id` int NOT NULL,
  `token_hash` varchar(255) CHARACTER SET utf8mb4 COLLATE utf8mb4_unicode_ci NOT NULL,
  `refresh_token_hash` varchar(255) CHARACTER SET utf8mb4 COLLATE utf8mb4_unicode_ci DEFAULT NULL,
  `device_info` json DEFAULT NULL,
  `ip_address` varchar(45) CHARACTER SET utf8mb4 COLLATE utf8mb4_unicode_ci DEFAULT NULL,
  `user_agent` text CHARACTER SET utf8mb4 COLLATE utf8mb4_unicode_ci,
  `expires_at` datetime NOT NULL,
  `refresh_expires_at` datetime DEFAULT NULL,
  `last_activity_at` datetime DEFAULT CURRENT_TIMESTAMP,
  `created_at` timestamp NULL DEFAULT CURRENT_TIMESTAMP
) ENGINE=InnoDB DEFAULT CHARSET=utf8mb4 COLLATE=utf8mb4_unicode_ci;

--
-- Dumping data for table `user_sessions`
--

INSERT INTO `user_sessions` (`id`, `user_id`, `app_id`, `token_hash`, `refresh_token_hash`, `device_info`, `ip_address`, `user_agent`, `expires_at`, `refresh_expires_at`, `last_activity_at`, `created_at`) VALUES
(51, 22, 28, '5c0dc0519e9951aefc1933e1f2eb379e0bca101ab57b34c2570cbefb0f4bd066', '937447b872115e79136c42a093d3e776266b7cefa6b2e1d0c9b016431ec31189', NULL, '::ffff:172.217.215.95', 'PropertyListings/1 CFNetwork/1568.200.51 Darwin/24.6.0', '2025-11-27 16:36:52', '2025-12-20 16:36:52', '2025-11-20 16:37:10', '2025-11-20 16:36:52'),
(52, 22, 28, 'b5c6bd936b51dbdeec20ddc2023d62e83ea55a6619b5d71a87b156f44394391f', '28452cf104ebcb296e73747072d86af109f43b37b58c4572153f8b5bdca9ec6a', NULL, '::ffff:172.217.215.95', 'PropertyListings/1 CFNetwork/1568.200.51 Darwin/24.6.0', '2025-11-27 16:46:06', '2025-12-20 16:46:06', '2025-11-20 17:18:16', '2025-11-20 16:46:06'),
(53, 22, 28, 'ee931ebf126007a936e49f4818cb36017467ee53d41a8de9c684b137fa2bafa8', 'aa20f68078c47dcc6315ef46d28b6f2ced72a8ce59ce57931663d184712d3e6b', NULL, '::ffff:172.217.215.95', 'PropertyListings/1 CFNetwork/1568.200.51 Darwin/24.6.0', '2025-11-27 19:41:33', '2025-12-20 19:41:33', '2025-11-20 20:18:09', '2025-11-20 19:41:32'),
(54, 22, 28, '76ba45ee5765f421681afc64c096bcc2bbfd43583ab63e9f035a00fcfe311819', 'd574056fcb731008399ddee341de226fd284efe01ad9cc97852a25b24fbdf727', NULL, '::ffff:172.217.215.95', 'PropertyListings/1 CFNetwork/1568.200.51 Darwin/24.6.0', '2025-11-27 20:22:27', '2025-12-20 20:22:27', '2025-11-20 20:22:27', '2025-11-20 20:22:27'),
(55, 22, 28, 'd0bebcffb436c026cdb5c243cf855d495351369b40ea73355b21eb0136c9b3ae', '9b1cb78147f25ba8fa454d391e527d71649b40ecf1ba7a29f34a44f14115eea9', NULL, '::ffff:172.217.215.95', 'PropertyListings/1 CFNetwork/1568.200.51 Darwin/24.6.0', '2025-11-27 20:29:05', '2025-12-20 20:29:05', '2025-11-20 20:36:51', '2025-11-20 20:29:04'),
(56, 22, 28, 'ef3ad140894eaf2437da308d27dfccd183a5b1a2f294425cf26dc953878df21b', '9b31df73a1eff17524aec9033ffb36c3840d8d671531945d97d0c9a43ed80d0e', NULL, '::ffff:172.217.215.95', 'PropertyListings/1 CFNetwork/1568.200.51 Darwin/24.6.0', '2025-11-27 20:41:45', '2025-12-20 20:41:45', '2025-11-20 22:59:13', '2025-11-20 20:41:44'),
(57, 22, 28, '6dda7dbfdc7347395d07373651455ab642e6e45681942e13fdc02ed433ac3e95', 'ff1e7e3eb248441282274c42e8aa2e19b61ecbef45c9d1b0f03866f8b67f2a0a', NULL, '::ffff:172.217.215.95', 'PropertyListings/1 CFNetwork/1568.200.51 Darwin/24.6.0', '2025-11-27 23:03:36', '2025-12-20 23:03:36', '2025-11-21 20:57:40', '2025-11-20 23:03:35'),
(58, 22, 28, '0ac6e1e8bcc5fda3648bf2a1d3d5bf9730073cb222ced936ae29bbcc5056c022', '4fa8e581503c5d0c47576b26a46f7311bb8083033ad9f2f12c3d445ca7bfef9a', NULL, '::ffff:172.217.215.95', 'PropertyListings/1 CFNetwork/1568.200.51 Darwin/24.6.0', '2025-11-28 22:14:43', '2025-12-21 22:14:43', '2025-11-21 22:14:48', '2025-11-21 22:14:42'),
(59, 22, 28, '459cf038e995c535846a284aaca199226a9bc6ebc4cc2065444ea65abbca7e2c', '664e91b4e2c56936c63e7eb467a6f36b396f4e767df19cb16cc02583988c120c', NULL, '::ffff:172.217.215.95', 'PropertyListings/1 CFNetwork/1568.200.51 Darwin/24.6.0', '2025-12-01 13:38:20', '2025-12-24 13:38:20', '2025-11-24 17:09:26', '2025-11-24 13:38:20'),
(60, 22, 28, '69fe595478bdd0c9f06c12596d8e4188f35fd4799bece26b574c0821e86deeb7', 'ff6bfe1ef8fa0df13ed073e4d18ba0d57619d94e5a3c96db2f73f72cf42ea1e4', NULL, '::ffff:172.217.215.95', 'PropertyListings/1 CFNetwork/1568.200.51 Darwin/24.6.0', '2025-12-01 17:14:56', '2025-12-24 17:14:56', '2025-11-24 19:10:22', '2025-11-24 17:14:55'),
(61, 22, 28, '1a19abd12a61ed74767d1d0c977d163424df8a5e27def4b8c4c726d6be0a0d00', 'f41696edcb9dabb396a2e739da7e8ee66ea009e1d8d9c9ce850230b0a8a4a159', NULL, '::ffff:172.217.215.95', 'PropertyListings/1 CFNetwork/1568.200.51 Darwin/24.6.0', '2025-12-01 19:15:45', '2025-12-24 19:15:45', '2025-11-24 20:05:59', '2025-11-24 19:15:45'),
(62, 22, 28, '2d637af01783d83e6d125c85411fee517e02eebdc76a5ea8403ebfa4e993bb40', '9b2c2a35b6d6b263102c26ef241f986414c3aa9a8bbc9998a929243d1815d2d0', NULL, '::ffff:172.217.215.95', 'PropertyListings/1 CFNetwork/1568.200.51 Darwin/24.6.0', '2025-12-01 20:23:48', '2025-12-24 20:23:48', '2025-11-24 21:17:31', '2025-11-24 20:23:47'),
(64, 22, 28, '5f966da53bacf6846d0ad5e66813e8d36324cf428e457b1915dc81ec330c088f', '00b403d9d83e6ffaaee2386c000eb397e79b363ddbd14656e5632a84253fdd59', NULL, '::ffff:172.217.215.95', 'PropertyListings/1 CFNetwork/1568.200.51 Darwin/24.6.0', '2025-12-02 15:34:59', '2025-12-25 15:34:59', '2025-11-25 15:34:58', '2025-11-25 15:34:58'),
(65, 22, 28, 'ba53e15fd8c6694bf5dc18854623e223138b1d06d224d44a687b79957b3841aa', 'ec5a4698dd77aa1ab0505cba9df867a9274464e63abbf3999480b1da4e42fb9b', NULL, '::ffff:172.217.215.95', 'PropertyListings/1 CFNetwork/1568.200.51 Darwin/24.6.0', '2025-12-02 15:35:08', '2025-12-25 15:35:08', '2025-11-25 15:35:07', '2025-11-25 15:35:07'),
(66, 22, 28, 'c7d108f2a8e184e2434457a55e4f8d4829dea76d9ab65ace7306485fff71c0d6', 'b7196c7f74eab7d1d0c69a92d9491ad3c97b81bf415d25a82cc46dadd1c1315d', NULL, '::ffff:172.217.215.95', 'PropertyListings/1 CFNetwork/1568.200.51 Darwin/24.6.0', '2025-12-02 15:43:40', '2025-12-25 15:43:40', '2025-11-25 15:43:40', '2025-11-25 15:43:40'),
(67, 22, 28, 'c4b24d0a253ef9320934ec33bf027fcad8344cb96f1eec1fabf20fdf6268e1ee', '5b7a40531fae8cda1c63d0964a485de2f74ce13be1c17558d0f175737ede4c68', NULL, '::ffff:172.217.215.95', 'PropertyListings/1 CFNetwork/1568.200.51 Darwin/24.6.0', '2025-12-02 15:46:23', '2025-12-25 15:46:23', '2025-11-25 15:46:23', '2025-11-25 15:46:23'),
(68, 22, 28, '4cb3631d8d15efa5c6970b3e6103e9cc7f79d75bada55f55969f352505b4cdcf', '0f8bbd36ac91300935fa4a0619a67e427fbff28052ad036e7a9889e14d56e871', NULL, '::ffff:172.217.215.95', 'PropertyListings/1 CFNetwork/1568.200.51 Darwin/24.6.0', '2025-12-02 15:46:28', '2025-12-25 15:46:28', '2025-11-25 15:46:27', '2025-11-25 15:46:27'),
(69, 22, 28, 'fa941145d7bacfe3dd6c650660e47a2895780bc7f2e80ca446811d15c6e32b6f', 'df776f2eb6f265e7fcf2bd68a1e97cfc2ce327ec7141fa07903937162c166345', NULL, '::ffff:172.217.215.95', 'PropertyListings/1 CFNetwork/1568.200.51 Darwin/24.6.0', '2025-12-02 15:46:28', '2025-12-25 15:46:28', '2025-11-25 15:46:28', '2025-11-25 15:46:28'),
(70, 22, 28, 'c5472842fe654d6d7f3e369c0394087b0770225af04be2a9359e066238251ba1', '041cd3754424a5a840d84ff6095f7432a30cf5fc3707686c139366fe80be83af', NULL, '::ffff:172.217.215.95', 'PropertyListings/1 CFNetwork/1568.200.51 Darwin/24.6.0', '2025-12-02 15:46:36', '2025-12-25 15:46:36', '2025-11-25 15:46:35', '2025-11-25 15:46:35'),
(71, 22, 28, '0d100cd8c37beae4881d39e907599f135e7cb076ccc44b2b6a68ec862698e6d0', '2669715582546ef0ed37c0d96e138648fd05e8bb895e390a87326916e98f0219', NULL, '::ffff:172.217.215.95', 'PropertyListings/1 CFNetwork/1568.200.51 Darwin/24.6.0', '2025-12-02 15:49:09', '2025-12-25 15:49:09', '2025-11-25 15:49:09', '2025-11-25 15:49:09'),
(72, 22, 28, '5e32920229d22a1caaa5d78c4df1d665729ba84287453649916a09399820321b', 'b31d6ca06add01796d88bf62f5702617972ff1667868851cfd64a824c6e58f53', NULL, '::ffff:172.217.215.95', 'PropertyListings/1 CFNetwork/1568.200.51 Darwin/24.6.0', '2025-12-02 15:49:20', '2025-12-25 15:49:20', '2025-11-25 15:49:20', '2025-11-25 15:49:20'),
(73, 22, 28, 'b4d2bb706f031b480c4c20f872a218c4d6a9737ef7a0dc02ae49d9b655f25a94', '6be571d31fdcb29c68cdd877385d7f83b4b4c9eafb053acfc619c37454353681', NULL, '::ffff:172.217.215.95', 'PropertyListings/1 CFNetwork/1568.200.51 Darwin/24.6.0', '2025-12-02 15:51:27', '2025-12-25 15:51:27', '2025-11-25 15:51:26', '2025-11-25 15:51:26'),
(74, 22, 28, '32eb727087892862ff21f245ba5c302ccf9754b615c9c6e0dc4284e6cd665872', 'c8d3035d90ee9807dd196e7fcd6b95c2713070dcc6e8ba383a43dc506a07fb1a', NULL, '::ffff:172.217.215.95', 'PropertyListings/1 CFNetwork/1568.200.51 Darwin/24.6.0', '2025-12-02 15:52:43', '2025-12-25 15:52:43', '2025-11-25 15:52:42', '2025-11-25 15:52:42'),
(75, 22, 28, '0df9f9957d2637659bf46fff7b6cb3d4a7a3feafe794d5e7c984c88fa33442c2', '4a6e6b585ff70e6418254a7bb9c092e9c0d21e0efd756c7890c3a7fc3bfc0729', NULL, '::ffff:172.217.215.95', 'PropertyListings/1 CFNetwork/1568.200.51 Darwin/24.6.0', '2025-12-02 15:52:51', '2025-12-25 15:52:51', '2025-11-25 15:52:50', '2025-11-25 15:52:50'),
(76, 22, 28, '548aaa0aa13d136dc00db569a50e02410c4a4cd8ba2f4b05e184a24eb6338eab', 'a9d28fd7bb4c8ff2b3c08c7d35be2f6fbf32bdc1086f42550fe570798a8bb029', NULL, '::ffff:172.217.215.95', 'PropertyListings/1 CFNetwork/1568.200.51 Darwin/24.6.0', '2025-12-02 15:52:51', '2025-12-25 15:52:51', '2025-11-25 15:52:51', '2025-11-25 15:52:51'),
(78, 22, 28, '1d51cb9947ab330214b5a086e86ac32a57786851cb6cf6a9cbd23d962c05e8fd', '0daef1f2ada2ab39885dfaf334dc705e132c0a54bf0384e866928b3fd47cc00b', NULL, '::ffff:172.217.215.95', 'PropertyListings/1 CFNetwork/1568.200.51 Darwin/24.6.0', '2025-12-02 15:53:22', '2025-12-25 15:53:22', '2025-11-25 15:53:21', '2025-11-25 15:53:21'),
(79, 22, 28, '0a1315428fe7104d6cefabe54a33181e4412af36621d73b8e748db486bb7d995', 'c305289da4af71df0252d96ec26f56fdd17159dbc8ce445ded3825d0956c08b5', NULL, '::ffff:172.217.215.95', 'PropertyListings/1 CFNetwork/1568.200.51 Darwin/24.6.0', '2025-12-02 16:04:07', '2025-12-25 16:04:07', '2025-11-25 16:04:07', '2025-11-25 16:04:07'),
(80, 22, 28, 'a08a7c2ed001c81522bcd169cbaed4d946fb1199e0ba865a7e9526f221ef9b52', '1884b91417484f0fb151087f38f98f9d5ee4d33b22c774d524eb63673cbd6d46', NULL, '::ffff:172.217.215.95', 'PropertyListings/1 CFNetwork/1568.200.51 Darwin/24.6.0', '2025-12-02 16:07:46', '2025-12-25 16:07:46', '2025-11-25 16:07:46', '2025-11-25 16:07:46'),
(81, 22, 28, '8dd80294b1fc5252c22a4c6c174ec5d901c69ff07cf9be2f733b21f834f6d6e7', 'bf6e123236ba1e9f2339bb636f16c04d22095af6094dbf83038e64156279866d', NULL, '::ffff:172.217.215.95', 'PropertyListings/1 CFNetwork/1568.200.51 Darwin/24.6.0', '2025-12-02 16:15:51', '2025-12-25 16:15:51', '2025-11-25 16:15:50', '2025-11-25 16:15:50'),
(82, 22, 28, '4e69712786abbe52fe5812730b649bdbb527487e7e370b97f0c13ed1e9bfd6b5', '8f5bd7c07815a4632eeb88712b4add368880b16f5a20d35920ed41c455fdc722', NULL, '::ffff:172.217.215.95', 'PropertyListings/1 CFNetwork/1568.200.51 Darwin/24.6.0', '2025-12-02 16:20:24', '2025-12-25 16:20:24', '2025-11-25 16:20:24', '2025-11-25 16:20:24'),
(83, 22, 28, 'ffcfd373a0bc453b83628760a752e7b0a29f82e7554e8d2871afef9a17c7eb1c', '1bf2e19b2631e824e73c45225eda76599356b5b15da4fee58aa7a61ccde291ff', NULL, '::ffff:172.217.215.95', 'PropertyListings/1 CFNetwork/1568.200.51 Darwin/24.6.0', '2025-12-02 16:27:44', '2025-12-25 16:27:44', '2025-11-25 16:27:44', '2025-11-25 16:27:44'),
(84, 22, 28, 'fcbec45d7cbd210f5fe2712b71a3158b648681388a101688d9b14068fee862e1', '818ae4ce377d72116a8007fc0659a7ee3cf34cacf396d5cb3a288ac53ad72d35', NULL, '::ffff:172.217.215.95', 'PropertyListings/1 CFNetwork/1568.200.51 Darwin/24.6.0', '2025-12-02 16:31:09', '2025-12-25 16:31:09', '2025-11-25 16:31:09', '2025-11-25 16:31:09'),
(85, 22, 28, '3943639f8a961d7a89f3698c4d197b19e86e7da4399d9f578fc61a793e5017ba', '0c890787f4378bfb3973d03d6671b73d5f5b72ce43545ffcb9d07ac48727361d', NULL, '::ffff:172.217.215.95', 'PropertyListings/1 CFNetwork/1568.200.51 Darwin/24.6.0', '2025-12-02 16:31:32', '2025-12-25 16:31:32', '2025-11-25 16:31:32', '2025-11-25 16:31:32'),
(87, 22, 28, '316e091cd6770b049893ba00e28957f2bfb9662f19fa8221deb20626c1fa27fc', '565c75515972ac617b5e7ca7d004bf8d770ae06da950220dbcbbee38f0d486c5', NULL, '::ffff:172.217.215.95', 'PropertyListings/1 CFNetwork/1568.200.51 Darwin/24.6.0', '2025-12-02 16:44:24', '2025-12-25 16:44:24', '2025-11-25 16:44:23', '2025-11-25 16:44:23'),
(88, 22, 28, 'b1257425181047caa5aada631e6fd3c3e861e339d1ec7e1c9d63315d0c84e032', '16775898adb64d17b052966292d79cafb4e3e9772edf7bda81416f7713c00d8d', NULL, '::ffff:172.217.215.95', 'PropertyListings/1 CFNetwork/1568.200.51 Darwin/24.6.0', '2025-12-02 16:44:29', '2025-12-25 16:44:29', '2025-11-25 16:44:28', '2025-11-25 16:44:28'),
(89, 22, 28, '6d1cd685c1e996807db37996981195258f0bd7a85aa614d4e4ce9c9d5de2cdd1', '6ef2a6fcba7906a84e569de3b63a777f0fda579ede38236b128369a1f6c8dac7', NULL, '::ffff:172.217.215.95', 'PropertyListings/1 CFNetwork/1568.200.51 Darwin/24.6.0', '2025-12-02 16:44:29', '2025-12-25 16:44:29', '2025-11-25 16:44:29', '2025-11-25 16:44:29'),
(102, 22, 28, 'cdf005387bff648844959011e929fd84e4af835fad0b5932a2667a7f2fb9a116', '1ecd4689767bdf55453db6ce6a4c4e324c7b732ac16e3371d553eb56e2ea2689', NULL, '::ffff:172.217.215.95', 'PropertyListings/1 CFNetwork/1568.200.51 Darwin/24.6.0', '2025-12-02 17:35:20', '2025-12-25 17:35:20', '2025-11-25 17:35:24', '2025-11-25 17:35:19'),
(105, 22, 28, '3678c9b08dc1c1ace3ee851560c53299ed31cdc6ac0664149a5e2c775f71bc80', '2f551338dc4e6949f57ffa9a832c903b1c39a70bf23575e2ea839766dbc251d2', NULL, '::ffff:172.217.215.95', 'PropertyListings/1 CFNetwork/1568.200.51 Darwin/24.6.0', '2025-12-02 20:45:20', '2025-12-25 20:45:20', '2025-11-25 21:36:53', '2025-11-25 20:45:19'),
(107, 22, 28, 'f9bfedfb329547e8e7f5ea7f35a1297c0846868ce5c837d1bc07bd1e62fb551a', '45a99988f14d30bc38b18a1d5815a06b06a5a3201299b25a861572b084aca2f7', NULL, '::ffff:173.194.219.94', 'PropertyListings/1 CFNetwork/1568.200.51 Darwin/24.6.0', '2025-12-02 21:42:36', '2025-12-25 21:42:36', '2025-11-25 23:25:12', '2025-11-25 21:42:36'),
(108, 22, 28, 'a369ef674f44f4f53aa238ebc9ba1983d16be2c45af8c2584e66d47135a7764e', 'cc0bef12112282fa51144e3f8deb78ffe477a222a6840a3e05a8a5cac54cd7bc', NULL, '::ffff:172.253.124.95', 'PropertyListings/1 CFNetwork/1568.200.51 Darwin/24.6.0', '2025-12-02 23:36:33', '2025-12-25 23:36:33', '2025-11-25 23:36:36', '2025-11-25 23:36:33'),
(110, 22, 28, '20b97beb220285ef4ee3c9bd559be0a69a6d078e18d2f1e8891bddbc81d60230', '2b0e681e473f3394e60d2e4bffc3dd68f9164866b875e9e0194a6da82673949a', NULL, '::ffff:172.253.124.95', 'PropertyListings/1 CFNetwork/1568.200.51 Darwin/24.6.0', '2025-12-03 00:15:13', '2025-12-26 00:15:13', '2025-11-26 00:39:49', '2025-11-26 00:15:13'),
(111, 22, 28, '8606519ce9c057e8a2522aff258c116bf77a2f968dcbc15ef91ca251cbc38252', '2276d4dce7a483a13b0192d8cb0df457edca812824a49c237c8b76c1354ef13f', NULL, '::ffff:172.253.124.95', 'PropertyListings/1 CFNetwork/1568.300.101 Darwin/24.6.0', '2025-12-03 00:50:29', '2025-12-26 00:50:29', '2025-11-26 23:14:05', '2025-11-26 00:50:29'),
(112, 22, 28, '0553a0be8aa328cb0c53db90de323699b881e529548f64b63a47ff35ad6b78a2', '339a8a07a5efffd7db3f6ed157301dcb690c52ee7f55b7461bd79f28facabe69', NULL, '::ffff:172.253.124.95', 'PropertyListings/1 CFNetwork/1568.300.101 Darwin/24.6.0', '2025-12-04 23:23:56', '2025-12-27 23:23:56', '2025-11-28 12:35:10', '2025-11-27 23:23:55'),
(113, 22, 28, 'b18c303947df22cae85a5bf4f8e1a66c4aafc847c19f21289889beb720eab0aa', 'fe29841dda6546f236d3408069b1ad227801ef755771270b841468eade1d942a', NULL, '::ffff:172.253.124.95', 'PropertyListings/1 CFNetwork/1568.300.101 Darwin/24.6.0', '2025-12-05 12:36:23', '2025-12-28 12:36:23', '2025-11-28 12:36:29', '2025-11-28 12:36:22'),
(120, 24, 28, '7867a9dc04ee4fc97a1f066f89987a70a7610f15afd28a0c0100400537b72329', 'fdc17c99bc66e9ed33abc2dc28dca4ac6b427db1e26506ec0d791d4bf3a3db97', NULL, '::ffff:172.253.124.95', 'PropertyListings/1 CFNetwork/1568.300.101 Darwin/24.6.0', '2025-12-07 01:20:45', '2025-12-30 01:20:45', '2025-11-30 02:44:58', '2025-11-30 01:20:44'),
(128, 94, 56, 'f07dc30980b87f1fdfe2b8ad5921e5a1e2cf2b56dc246d5bb0e29c350298a925', '1688adeaec8a7ed3c1b13844fe417683204576049dc714b2f85538d075ab7c4c', NULL, '::ffff:172.253.124.95', 'PropertyListings/1 CFNetwork/1568.300.101 Darwin/24.6.0', '2025-12-08 18:19:14', '2025-12-31 18:19:14', '2025-12-01 18:49:49', '2025-12-01 18:19:14'),
(129, 94, 56, '5b2fcdd25ccad9715b6d6a7fbbf724c69f102e3ea18f73daafb9ce0facead1b5', '95e7f020e1228f59c127585d399680b03a523d1df2f8bfd896ce6a27678ab15c', NULL, '::ffff:172.253.124.95', 'PropertyListings/1 CFNetwork/1568.300.101 Darwin/24.6.0', '2025-12-08 20:31:51', '2025-12-31 20:31:51', '2025-12-02 20:20:41', '2025-12-01 20:31:51'),
(130, 94, 56, 'ea10b87723783b46ca62c9a622d0d9487c0fd7b7e5c259a754e6f4d9c9694095', 'da9d34a9bb2f1356ab9b2f06794b96fe9c146e04eb487aea49fbbb6c8d718da2', NULL, '::ffff:172.253.124.95', 'PropertyListings/1 CFNetwork/1568.300.101 Darwin/24.6.0', '2025-12-10 16:25:55', '2026-01-02 16:25:55', '2025-12-03 19:22:53', '2025-12-03 16:25:54'),
(131, 24, 28, 'e37afcc650ad727aa60064243e561ce137f5635a557c32939fcb802a060d11fa', 'e8f84fc9dbc005719e4f776fed02ab366afacc84d2f2ea3841f7163fc0c962ff', NULL, '::ffff:172.253.124.95', 'PropertyListings/1 CFNetwork/1568.300.101 Darwin/24.6.0', '2025-12-10 19:35:11', '2026-01-02 19:35:11', '2025-12-03 19:35:11', '2025-12-03 19:35:11'),
(132, 93, 56, 'a41118c5e8cb2064fb1acd2999a4df4559d48481fd70644048b38cce5845f30b', 'c65c51ee9aaaa442a7476415e8ead9017dab1bcf39fc9b1f0b9ccf93b6a3390b', NULL, '::ffff:172.253.124.95', 'PropertyListings/1 CFNetwork/1568.300.101 Darwin/24.6.0', '2025-12-10 20:21:49', '2026-01-02 20:21:49', '2025-12-03 20:21:56', '2025-12-03 20:21:48'),
(133, 99, 57, 'bd34a3bacf1ba8218387a99d6c344ce2a1fc811781d8b6c00dd764e4b31829d2', '53fed89a068fb409eb6b5e7b18469d65ed1750c107b6e40c6d0c3f43da33cfba', NULL, '::ffff:172.253.124.95', 'PropertyListings/1 CFNetwork/1568.300.101 Darwin/24.6.0', '2025-12-10 20:39:00', '2026-01-02 20:39:00', '2025-12-03 20:39:02', '2025-12-03 20:38:59'),
(134, 105, 58, '24086d3cb937aed132ded5c20b708a4819ecd5f5af8b3e95f1021b1b072ac204', '9b5ccff523c453b0c019f2a1e615c2d6c119345597b9b49709f4bf5fbe7e1e7d', NULL, '::ffff:172.253.124.95', 'Rideshare/1 CFNetwork/1568.300.101 Darwin/24.6.0', '2025-12-11 02:23:58', '2026-01-03 02:23:58', '2025-12-04 02:49:07', '2025-12-04 02:23:57'),
(135, 105, 58, '3affef9dafc30a5f993f45cc8fea209e176d752a549d055e106fa4d20ca0ffd4', 'dcf8219dcd76be13afae111ff08a031654c6b60d3f666ebd6cc383b47b9dd064', NULL, '::ffff:172.253.124.95', 'Rideshare/1 CFNetwork/1568.300.101 Darwin/24.6.0', '2025-12-11 02:56:46', '2026-01-03 02:56:46', '2025-12-04 13:20:03', '2025-12-04 02:56:45'),
(136, 105, 58, 'a15fa6292879978a59dbf738c38460ba2862b08ababfebd52688254bdd8b6601', '1d029aabc4d37577cd74c65e7da4f07db851d3b87f966c2297efe97d047dd83e', NULL, '::ffff:172.253.124.95', 'Rideshare/1 CFNetwork/1568.300.101 Darwin/24.6.0', '2025-12-11 13:28:20', '2026-01-03 13:28:20', '2025-12-04 18:20:33', '2025-12-04 13:28:19'),
(137, 94, 56, 'd6be5954b18ae1288f76841b060e2e21727abcbe8b63b8838e9b1c7aa361d089', 'a9f3737dcf3dc44b141f46159e7536ecca5aecb9aa78c390f2ea82f9fec9808c', NULL, '::ffff:172.253.124.95', 'PropertyListings/1 CFNetwork/1568.300.101 Darwin/24.6.0', '2025-12-11 18:38:48', '2026-01-03 18:38:48', '2025-12-04 21:07:00', '2025-12-04 18:38:48'),
(139, 98, 56, '878c486db0ebda3522014e4f27b6ff4e7aca4ce1b42dca88c1bf418d622a751a', '4da0ff0ac314421dd720715068b73615d85a7de3c7b38023426066259ebc0d2e', NULL, '::ffff:172.253.124.95', 'PropertyListings/1 CFNetwork/1568.300.101 Darwin/24.6.0', '2025-12-11 21:38:56', '2026-01-03 21:38:56', '2025-12-04 21:38:55', '2025-12-04 21:38:55'),
(141, 98, 56, 'b85966023d196268ad3e2a7742507df68a9471954a815309d4266c7f5b62bf2d', '21252740b92567a99976ae5ea1d3c68a5cccf346fb1f92079acca4fb675acef8', NULL, '::ffff:172.253.124.95', 'PropertyListings/1 CFNetwork/1568.300.101 Darwin/24.6.0', '2025-12-11 21:51:50', '2026-01-03 21:51:50', '2025-12-05 21:47:12', '2025-12-04 21:51:49'),
(142, 94, 56, 'ac4034e8a6ed98157916150b2b3c2c9e7ce2bf5c3fb601dc8c35440560306d57', '23fa806ad289ac2bda8125b80c5dd75539858445de9cd9ed5647ae0ef76fb470', NULL, '::ffff:172.253.124.95', 'PropertyListings/1 CFNetwork/1490.0.4 Darwin/24.6.0', '2025-12-12 16:49:25', '2026-01-04 16:49:25', '2025-12-05 16:56:55', '2025-12-05 16:49:25'),
(143, 94, 56, '802d5fa294a460bd7ba0d679828dc9b950d5d7ea394e9662b3ad6c5ef269962f', '95d94708c29df11f1ea89f612b40e02bd54761e7af909ec620a63200a26a5d53', NULL, '::ffff:172.253.124.95', 'PropertyListings/1 CFNetwork/3826.500.111.2.2 Darwin/24.6.0', '2025-12-12 16:57:45', '2026-01-04 16:57:45', '2025-12-05 22:20:43', '2025-12-05 16:57:44'),
(144, 93, 56, '956d34df35edd7994b9f8f4d210fbd6528321edc9c321d570b5e0b3ec8198824', '1b6933b3a4231f160dc0ef2cd926c928fbc03440994120aca556b73a4eba78aa', NULL, '::ffff:172.253.124.95', 'PropertyListings/1 CFNetwork/1568.300.101 Darwin/24.6.0', '2025-12-12 22:05:20', '2026-01-04 22:05:20', '2025-12-05 22:19:38', '2025-12-05 22:05:20'),
(145, 94, 56, '5eed48cd11fbdf9e7f555af92dd69f009f6141b41c8489af938525a0e34f3d85', '74cbfc15e050add006f33a557a1b6c25f6869146d5e4d7e4e65841aeeb199589', NULL, '::ffff:172.253.124.95', 'PropertyListings/1 CFNetwork/3826.500.111.2.2 Darwin/24.6.0', '2025-12-15 14:00:17', '2026-01-07 14:00:17', '2025-12-08 16:54:19', '2025-12-08 14:00:17'),
(146, 93, 56, '2dfa4f9855fb86df56ca0be22d62b2bfbbfafac0dc6ab21f83246644e63dc731', '66a4fda6ca1e90e0c79f5977dbad1de82dba0d7f424c4c177a82c9f6ee98199d', NULL, '::ffff:172.253.124.95', 'PropertyListings/1 CFNetwork/1568.300.101 Darwin/24.6.0', '2025-12-15 14:16:08', '2026-01-07 14:16:08', '2025-12-08 16:54:19', '2025-12-08 14:16:08'),
(147, 93, 56, '1908d0c5d9b9fb997518be834949901c656f85f5cf6279d74a947cbcb66c3eef', '857e7299b7c9c9b0d21f93ff3bcdc7e13e0f7622a849fa59e5f6fd6dcfdea8e1', NULL, '::ffff:172.253.124.95', 'PropertyListings/1 CFNetwork/1568.300.101 Darwin/24.6.0', '2025-12-15 17:17:00', '2026-01-07 17:17:00', '2025-12-08 20:28:44', '2025-12-08 17:16:59'),
(148, 94, 56, '4f87cc5c47e8519111c0186651a12512660e9e53a3b4e3c7359140bb51dd0454', 'bbd9486c97392b010e5156c35a693a4d31ed135221fff7cb60cc11a0c9ddaa7b', NULL, '::ffff:172.253.124.95', 'PropertyListings/1 CFNetwork/3826.500.111.2.2 Darwin/24.6.0', '2025-12-15 17:17:02', '2026-01-07 17:17:02', '2025-12-08 20:30:47', '2025-12-08 17:17:01'),
(149, 94, 56, '5cf229d8a71dd836537d8e478266fac53273154999b47618a0ff44977fc8c299', '0f6b8906c762f3ed3b7a52c97205f582bc7c2d3764ed58f1f91cbb0f30182734', NULL, '::ffff:172.253.124.95', 'PropertyListings/1 CFNetwork/3826.500.111.2.2 Darwin/24.6.0', '2025-12-15 20:36:48', '2026-01-07 20:36:48', '2025-12-08 20:36:50', '2025-12-08 20:36:48'),
(150, 94, 56, '8da012bfe2ddd8cfd60f2a9cdc84dfa09603ad6ae28875cffba1481835adf6c4', 'b1e87eacffb9b48178b91ca4a9d4d1be97aeb0dcb21bec45e86acc470bd89be7', NULL, '::ffff:172.253.124.95', 'PropertyListings/1 CFNetwork/3826.500.111.2.2 Darwin/24.6.0', '2025-12-15 20:48:01', '2026-01-07 20:48:01', '2025-12-08 22:01:29', '2025-12-08 20:48:01'),
(154, 93, 56, 'b0b2535c945bf9d6dc70a45b6d0cf843751e64423419daae5a1883a3c2e0a4dd', '2513c01933d6ef79c1b761e0d57feea86f48df1bf24ae0439bef83cfb3c2cb81', NULL, '::ffff:172.253.124.95', 'PropertyListings/1 CFNetwork/3826.500.111.2.2 Darwin/24.6.0', '2025-12-17 21:44:43', '2026-01-09 21:44:43', '2025-12-11 16:25:45', '2025-12-10 21:44:42');

-- --------------------------------------------------------

--
-- Table structure for table `user_settings`
--

CREATE TABLE `user_settings` (
  `id` int NOT NULL,
  `user_id` int NOT NULL,
  `notifications_enabled` tinyint(1) DEFAULT '1',
  `email_notifications` tinyint(1) DEFAULT '1',
  `push_notifications` tinyint(1) DEFAULT '1',
  `sms_notifications` tinyint(1) DEFAULT '0',
  `language` varchar(10) CHARACTER SET utf8mb4 COLLATE utf8mb4_unicode_ci DEFAULT 'en',
  `theme` enum('light','dark','auto') CHARACTER SET utf8mb4 COLLATE utf8mb4_unicode_ci DEFAULT 'auto',
  `timezone` varchar(50) CHARACTER SET utf8mb4 COLLATE utf8mb4_unicode_ci DEFAULT 'UTC',
  `privacy_settings` json DEFAULT NULL,
  `custom_settings` json DEFAULT NULL,
  `created_at` timestamp NULL DEFAULT CURRENT_TIMESTAMP,
  `updated_at` timestamp NULL DEFAULT CURRENT_TIMESTAMP ON UPDATE CURRENT_TIMESTAMP
) ENGINE=InnoDB DEFAULT CHARSET=utf8mb4 COLLATE=utf8mb4_unicode_ci;

--
-- Dumping data for table `user_settings`
--

INSERT INTO `user_settings` (`id`, `user_id`, `notifications_enabled`, `email_notifications`, `push_notifications`, `sms_notifications`, `language`, `theme`, `timezone`, `privacy_settings`, `custom_settings`, `created_at`, `updated_at`) VALUES
(13, 22, 1, 1, 1, 0, 'en', 'auto', 'UTC', NULL, NULL, '2025-11-20 16:09:27', '2025-11-20 16:09:27'),
(15, 24, 1, 1, 1, 0, 'en', 'auto', 'UTC', NULL, NULL, '2025-11-29 23:47:46', '2025-11-29 23:47:46');

-- --------------------------------------------------------

--
-- Table structure for table `user_verifications`
--

CREATE TABLE `user_verifications` (
  `id` int NOT NULL,
  `user_id` int NOT NULL,
  `app_id` int NOT NULL,
  `verification_type` enum('email','phone','id','address') NOT NULL,
  `status` enum('pending','verified','rejected','expired') DEFAULT 'pending',
  `verification_data` json DEFAULT NULL,
  `verified_at` timestamp NULL DEFAULT NULL,
  `expires_at` timestamp NULL DEFAULT NULL,
  `created_at` timestamp NULL DEFAULT CURRENT_TIMESTAMP,
  `updated_at` timestamp NULL DEFAULT CURRENT_TIMESTAMP ON UPDATE CURRENT_TIMESTAMP
) ENGINE=InnoDB DEFAULT CHARSET=utf8mb4 COLLATE=utf8mb4_0900_ai_ci;

-- --------------------------------------------------------

--
-- Stand-in structure for view `v_app_overview`
-- (See below for the actual view)
--
CREATE TABLE `v_app_overview` (
`created_at` timestamp
,`created_by_name` varchar(201)
,`domain` varchar(255)
,`id` int
,`is_active` tinyint(1)
,`name` varchar(255)
,`total_users` bigint
);

-- --------------------------------------------------------

--
-- Stand-in structure for view `v_user_permissions`
-- (See below for the actual view)
--
CREATE TABLE `v_user_permissions` (
`app_domain` varchar(255)
,`app_id` int
,`app_name` varchar(255)
,`can_delete` tinyint(1)
,`can_edit` tinyint(1)
,`can_manage_settings` tinyint(1)
,`can_manage_users` tinyint(1)
,`can_publish` tinyint(1)
,`can_view` tinyint(1)
,`custom_permissions` json
,`email` varchar(255)
,`first_name` varchar(100)
,`last_name` varchar(100)
,`role_level` int
,`role_name` varchar(50)
,`user_id` int
);

--
-- Indexes for dumped tables
--

--
-- Indexes for table `activity_logs`
--
ALTER TABLE `activity_logs`
  ADD PRIMARY KEY (`id`),
  ADD KEY `idx_user` (`user_id`),
  ADD KEY `idx_app` (`app_id`),
  ADD KEY `idx_action` (`action`),
  ADD KEY `idx_created` (`created_at`);

--
-- Indexes for table `apps`
--
ALTER TABLE `apps`
  ADD PRIMARY KEY (`id`),
  ADD UNIQUE KEY `domain` (`domain`),
  ADD KEY `created_by` (`created_by`),
  ADD KEY `idx_domain` (`domain`),
  ADD KEY `idx_active` (`is_active`),
  ADD KEY `idx_apps_template_id` (`template_id`),
  ADD KEY `fk_apps_home_screen` (`default_home_screen_id`);

--
-- Indexes for table `app_custom_screen_elements`
--
ALTER TABLE `app_custom_screen_elements`
  ADD PRIMARY KEY (`id`),
  ADD UNIQUE KEY `unique_app_screen_field` (`app_id`,`screen_id`,`field_key`),
  ADD KEY `screen_id` (`screen_id`),
  ADD KEY `element_id` (`element_id`),
  ADD KEY `idx_custom_element_app_screen` (`app_id`,`screen_id`),
  ADD KEY `idx_custom_element_display_order` (`display_order`);

--
-- Indexes for table `app_forms`
--
ALTER TABLE `app_forms`
  ADD PRIMARY KEY (`id`),
  ADD UNIQUE KEY `form_key` (`form_key`),
  ADD KEY `idx_form_key` (`form_key`),
  ADD KEY `idx_category` (`category`),
  ADD KEY `idx_active` (`is_active`),
  ADD KEY `created_by` (`created_by`);

--
-- Indexes for table `app_form_assignments`
--
ALTER TABLE `app_form_assignments`
  ADD PRIMARY KEY (`id`),
  ADD UNIQUE KEY `unique_app_form` (`app_id`,`form_id`),
  ADD KEY `idx_app_id` (`app_id`),
  ADD KEY `idx_form_id` (`form_id`),
  ADD KEY `idx_active` (`is_active`),
  ADD KEY `assigned_by` (`assigned_by`);

--
-- Indexes for table `app_form_elements`
--
ALTER TABLE `app_form_elements`
  ADD PRIMARY KEY (`id`),
  ADD UNIQUE KEY `unique_form_field` (`form_id`,`field_key`),
  ADD KEY `idx_form_id` (`form_id`),
  ADD KEY `idx_element_id` (`element_id`),
  ADD KEY `idx_display_order` (`display_order`);

--
-- Indexes for table `app_form_element_overrides`
--
ALTER TABLE `app_form_element_overrides`
  ADD PRIMARY KEY (`id`),
  ADD UNIQUE KEY `unique_app_form_element` (`app_id`,`form_id`,`form_element_id`),
  ADD KEY `idx_app_form` (`app_id`,`form_id`),
  ADD KEY `idx_form_element` (`form_element_id`),
  ADD KEY `form_id` (`form_id`);

--
-- Indexes for table `app_form_submissions`
--
ALTER TABLE `app_form_submissions`
  ADD PRIMARY KEY (`id`),
  ADD KEY `idx_app_form` (`app_id`,`form_id`),
  ADD KEY `idx_user_id` (`user_id`),
  ADD KEY `idx_status` (`status`),
  ADD KEY `idx_submitted_at` (`submitted_at`),
  ADD KEY `form_id` (`form_id`);

--
-- Indexes for table `app_menus`
--
ALTER TABLE `app_menus`
  ADD PRIMARY KEY (`id`),
  ADD KEY `idx_app_id` (`app_id`),
  ADD KEY `idx_menu_type` (`menu_type`);

--
-- Indexes for table `app_modules`
--
ALTER TABLE `app_modules`
  ADD PRIMARY KEY (`id`),
  ADD KEY `idx_module_type` (`module_type`),
  ADD KEY `idx_active` (`is_active`);

--
-- Indexes for table `app_report_configs`
--
ALTER TABLE `app_report_configs`
  ADD PRIMARY KEY (`id`),
  ADD UNIQUE KEY `unique_app_screen_report` (`app_id`,`screen_id`),
  ADD KEY `created_by` (`created_by`),
  ADD KEY `idx_app_id` (`app_id`),
  ADD KEY `idx_screen_id` (`screen_id`),
  ADD KEY `idx_is_active` (`is_active`);

--
-- Indexes for table `app_roles`
--
ALTER TABLE `app_roles`
  ADD PRIMARY KEY (`id`),
  ADD UNIQUE KEY `unique_role_name` (`app_id`,`name`),
  ADD KEY `idx_app` (`app_id`),
  ADD KEY `idx_default` (`is_default`);

--
-- Indexes for table `app_screens`
--
ALTER TABLE `app_screens`
  ADD PRIMARY KEY (`id`),
  ADD UNIQUE KEY `unique_screen_key` (`screen_key`),
  ADD KEY `idx_category` (`category`),
  ADD KEY `idx_active` (`is_active`),
  ADD KEY `fk_screen_created_by` (`created_by`);

--
-- Indexes for table `app_screen_assignments`
--
ALTER TABLE `app_screen_assignments`
  ADD PRIMARY KEY (`id`),
  ADD UNIQUE KEY `unique_app_screen` (`app_id`,`screen_id`),
  ADD KEY `idx_app` (`app_id`),
  ADD KEY `idx_screen` (`screen_id`),
  ADD KEY `idx_active` (`is_active`),
  ADD KEY `fk_assignment_assigned_by` (`assigned_by`),
  ADD KEY `idx_assignment_app_active` (`app_id`,`is_active`),
  ADD KEY `idx_is_published` (`is_published`),
  ADD KEY `idx_app_screen_auto_sync` (`app_id`,`screen_id`,`auto_sync_enabled`),
  ADD KEY `idx_menu_placements` (`app_id`,`show_in_tabbar`,`tabbar_order`),
  ADD KEY `idx_sidebar` (`app_id`,`show_in_sidebar`,`sidebar_order`);

--
-- Indexes for table `app_screen_content`
--
ALTER TABLE `app_screen_content`
  ADD PRIMARY KEY (`id`),
  ADD UNIQUE KEY `unique_app_screen_element` (`app_id`,`screen_id`,`element_instance_id`),
  ADD KEY `idx_app_screen` (`app_id`,`screen_id`),
  ADD KEY `idx_element_instance` (`element_instance_id`),
  ADD KEY `fk_content_updated_by` (`updated_by`),
  ADD KEY `fk_content_screen` (`screen_id`),
  ADD KEY `idx_content_app_screen` (`app_id`,`screen_id`),
  ADD KEY `idx_custom_element` (`custom_element_id`);

--
-- Indexes for table `app_screen_element_overrides`
--
ALTER TABLE `app_screen_element_overrides`
  ADD PRIMARY KEY (`id`),
  ADD UNIQUE KEY `unique_app_element_override` (`app_id`,`element_instance_id`),
  ADD KEY `screen_id` (`screen_id`),
  ADD KEY `idx_override_app_screen` (`app_id`,`screen_id`),
  ADD KEY `idx_override_element` (`element_instance_id`);

--
-- Indexes for table `app_screen_version_assignments`
--
ALTER TABLE `app_screen_version_assignments`
  ADD PRIMARY KEY (`id`),
  ADD UNIQUE KEY `unique_app_screen` (`app_id`,`screen_id`),
  ADD KEY `screen_id` (`screen_id`),
  ADD KEY `version_id` (`version_id`),
  ADD KEY `locked_by` (`locked_by`),
  ADD KEY `idx_preview` (`is_preview_mode`),
  ADD KEY `idx_locked` (`locked`);

--
-- Indexes for table `app_settings`
--
ALTER TABLE `app_settings`
  ADD PRIMARY KEY (`id`),
  ADD UNIQUE KEY `unique_app_setting` (`app_id`,`setting_key`),
  ADD KEY `idx_app_key` (`app_id`,`setting_key`);

--
-- Indexes for table `app_templates`
--
ALTER TABLE `app_templates`
  ADD PRIMARY KEY (`id`),
  ADD KEY `created_by` (`created_by`),
  ADD KEY `idx_category` (`category`),
  ADD KEY `idx_is_active` (`is_active`);

--
-- Indexes for table `app_template_administrators`
--
ALTER TABLE `app_template_administrators`
  ADD PRIMARY KEY (`id`),
  ADD UNIQUE KEY `unique_template_admin` (`template_id`,`user_id`),
  ADD KEY `user_id` (`user_id`);

--
-- Indexes for table `app_template_custom_screen_elements`
--
ALTER TABLE `app_template_custom_screen_elements`
  ADD PRIMARY KEY (`id`),
  ADD KEY `template_id` (`template_id`),
  ADD KEY `screen_id` (`screen_id`),
  ADD KEY `element_id` (`element_id`);

--
-- Indexes for table `app_template_driver_profiles`
--
ALTER TABLE `app_template_driver_profiles`
  ADD PRIMARY KEY (`id`),
  ADD KEY `template_id` (`template_id`);

--
-- Indexes for table `app_template_menus`
--
ALTER TABLE `app_template_menus`
  ADD PRIMARY KEY (`id`),
  ADD KEY `idx_template_menus_template` (`template_id`);

--
-- Indexes for table `app_template_menu_items`
--
ALTER TABLE `app_template_menu_items`
  ADD PRIMARY KEY (`id`),
  ADD KEY `screen_id` (`screen_id`),
  ADD KEY `idx_template_menu_items_menu` (`template_menu_id`);

--
-- Indexes for table `app_template_menu_role_access`
--
ALTER TABLE `app_template_menu_role_access`
  ADD PRIMARY KEY (`id`),
  ADD UNIQUE KEY `unique_menu_role` (`template_menu_id`,`template_role_id`),
  ADD KEY `template_role_id` (`template_role_id`);

--
-- Indexes for table `app_template_property_amenities`
--
ALTER TABLE `app_template_property_amenities`
  ADD PRIMARY KEY (`id`),
  ADD UNIQUE KEY `unique_listing_amenity` (`template_listing_id`,`amenity_id`),
  ADD KEY `amenity_id` (`amenity_id`);

--
-- Indexes for table `app_template_property_images`
--
ALTER TABLE `app_template_property_images`
  ADD PRIMARY KEY (`id`),
  ADD KEY `template_listing_id` (`template_listing_id`);

--
-- Indexes for table `app_template_property_inquiries`
--
ALTER TABLE `app_template_property_inquiries`
  ADD PRIMARY KEY (`id`),
  ADD KEY `idx_template` (`template_id`),
  ADD KEY `idx_listing` (`listing_ref`),
  ADD KEY `idx_buyer` (`buyer_ref`);

--
-- Indexes for table `app_template_property_listings`
--
ALTER TABLE `app_template_property_listings`
  ADD PRIMARY KEY (`id`),
  ADD KEY `template_user_id` (`template_user_id`),
  ADD KEY `idx_template_listings_template` (`template_id`);

--
-- Indexes for table `app_template_property_offers`
--
ALTER TABLE `app_template_property_offers`
  ADD PRIMARY KEY (`id`),
  ADD KEY `idx_template` (`template_id`),
  ADD KEY `idx_listing` (`listing_ref`),
  ADD KEY `idx_buyer` (`buyer_ref`);

--
-- Indexes for table `app_template_property_showings`
--
ALTER TABLE `app_template_property_showings`
  ADD PRIMARY KEY (`id`),
  ADD KEY `idx_template` (`template_id`),
  ADD KEY `idx_listing` (`listing_ref`),
  ADD KEY `idx_buyer` (`buyer_ref`);

--
-- Indexes for table `app_template_rides`
--
ALTER TABLE `app_template_rides`
  ADD PRIMARY KEY (`id`),
  ADD KEY `template_id` (`template_id`);

--
-- Indexes for table `app_template_ride_pricing`
--
ALTER TABLE `app_template_ride_pricing`
  ADD PRIMARY KEY (`id`),
  ADD KEY `template_id` (`template_id`);

--
-- Indexes for table `app_template_roles`
--
ALTER TABLE `app_template_roles`
  ADD PRIMARY KEY (`id`),
  ADD UNIQUE KEY `unique_template_role` (`template_id`,`name`),
  ADD KEY `idx_template_roles_template` (`template_id`);

--
-- Indexes for table `app_template_role_home_screens`
--
ALTER TABLE `app_template_role_home_screens`
  ADD PRIMARY KEY (`id`),
  ADD UNIQUE KEY `unique_role_home` (`template_role_id`),
  ADD KEY `screen_id` (`screen_id`);

--
-- Indexes for table `app_template_screens`
--
ALTER TABLE `app_template_screens`
  ADD PRIMARY KEY (`id`),
  ADD KEY `idx_template_id` (`template_id`),
  ADD KEY `idx_display_order` (`display_order`),
  ADD KEY `screen_id` (`screen_id`);

--
-- Indexes for table `app_template_screen_content`
--
ALTER TABLE `app_template_screen_content`
  ADD PRIMARY KEY (`id`),
  ADD UNIQUE KEY `unique_template_element_content` (`template_id`,`screen_id`,`element_instance_id`,`custom_element_id`),
  ADD KEY `screen_id` (`screen_id`);

--
-- Indexes for table `app_template_screen_elements`
--
ALTER TABLE `app_template_screen_elements`
  ADD PRIMARY KEY (`id`),
  ADD KEY `element_id` (`element_id`),
  ADD KEY `idx_template_screen_id` (`template_screen_id`),
  ADD KEY `idx_display_order` (`display_order`);

--
-- Indexes for table `app_template_screen_menu_assignments`
--
ALTER TABLE `app_template_screen_menu_assignments`
  ADD PRIMARY KEY (`id`),
  ADD UNIQUE KEY `unique_template_screen_menu` (`template_id`,`screen_id`,`template_menu_id`),
  ADD KEY `screen_id` (`screen_id`),
  ADD KEY `template_menu_id` (`template_menu_id`);

--
-- Indexes for table `app_template_screen_module_assignments`
--
ALTER TABLE `app_template_screen_module_assignments`
  ADD PRIMARY KEY (`id`),
  ADD UNIQUE KEY `unique_template_screen_module` (`template_id`,`screen_id`,`module_id`),
  ADD KEY `screen_id` (`screen_id`),
  ADD KEY `module_id` (`module_id`);

--
-- Indexes for table `app_template_screen_role_access`
--
ALTER TABLE `app_template_screen_role_access`
  ADD PRIMARY KEY (`id`),
  ADD UNIQUE KEY `unique_screen_role` (`template_id`,`screen_id`,`template_role_id`),
  ADD KEY `screen_id` (`screen_id`),
  ADD KEY `template_role_id` (`template_role_id`);

--
-- Indexes for table `app_template_users`
--
ALTER TABLE `app_template_users`
  ADD PRIMARY KEY (`id`),
  ADD UNIQUE KEY `unique_template_user` (`template_id`,`email`),
  ADD KEY `idx_template_users_template` (`template_id`);

--
-- Indexes for table `app_template_user_role_assignments`
--
ALTER TABLE `app_template_user_role_assignments`
  ADD PRIMARY KEY (`id`),
  ADD UNIQUE KEY `unique_user_role` (`template_user_id`,`template_role_id`),
  ADD KEY `template_role_id` (`template_role_id`);

--
-- Indexes for table `app_users`
--
ALTER TABLE `app_users`
  ADD PRIMARY KEY (`id`),
  ADD UNIQUE KEY `unique_email_per_app` (`app_id`,`email`),
  ADD KEY `idx_email` (`email`),
  ADD KEY `idx_app_id` (`app_id`),
  ADD KEY `idx_status` (`status`),
  ADD KEY `idx_email_verification_token` (`email_verification_token`),
  ADD KEY `idx_password_reset_token` (`password_reset_token`);

--
-- Indexes for table `app_user_role_assignments`
--
ALTER TABLE `app_user_role_assignments`
  ADD PRIMARY KEY (`id`),
  ADD UNIQUE KEY `unique_user_role` (`user_id`,`role_id`),
  ADD KEY `idx_user_id` (`user_id`),
  ADD KEY `idx_role_id` (`role_id`),
  ADD KEY `fk_app_user_role_assignments_app_role` (`app_role_id`);

--
-- Indexes for table `booking_status_history`
--
ALTER TABLE `booking_status_history`
  ADD PRIMARY KEY (`id`),
  ADD KEY `idx_booking_id` (`booking_id`);

--
-- Indexes for table `content_reports`
--
ALTER TABLE `content_reports`
  ADD PRIMARY KEY (`id`),
  ADD KEY `idx_content` (`content_type`,`content_id`),
  ADD KEY `idx_reporter` (`reporter_id`),
  ADD KEY `idx_status` (`status`);

--
-- Indexes for table `conversations`
--
ALTER TABLE `conversations`
  ADD PRIMARY KEY (`id`),
  ADD UNIQUE KEY `unique_conversation` (`listing_id`,`user1_id`,`user2_id`),
  ADD KEY `idx_app_id` (`app_id`),
  ADD KEY `idx_listing_id` (`listing_id`),
  ADD KEY `idx_user1_id` (`user1_id`),
  ADD KEY `idx_user2_id` (`user2_id`),
  ADD KEY `idx_last_message_at` (`last_message_at`);

--
-- Indexes for table `driver_earnings`
--
ALTER TABLE `driver_earnings`
  ADD PRIMARY KEY (`id`),
  ADD KEY `driver_id` (`driver_id`),
  ADD KEY `ride_id` (`ride_id`),
  ADD KEY `idx_driver` (`app_id`,`driver_id`),
  ADD KEY `idx_status` (`status`);

--
-- Indexes for table `driver_payouts`
--
ALTER TABLE `driver_payouts`
  ADD PRIMARY KEY (`id`),
  ADD KEY `driver_id` (`driver_id`),
  ADD KEY `idx_driver` (`app_id`,`driver_id`),
  ADD KEY `idx_status` (`status`);

--
-- Indexes for table `driver_profiles`
--
ALTER TABLE `driver_profiles`
  ADD PRIMARY KEY (`id`),
  ADD UNIQUE KEY `unique_driver` (`app_id`,`user_id`),
  ADD KEY `user_id` (`user_id`),
  ADD KEY `idx_online` (`app_id`,`is_online`,`is_verified`),
  ADD KEY `idx_location` (`current_latitude`,`current_longitude`);

--
-- Indexes for table `element_templates`
--
ALTER TABLE `element_templates`
  ADD PRIMARY KEY (`id`),
  ADD UNIQUE KEY `element_type` (`element_type`),
  ADD KEY `idx_element_type` (`element_type`),
  ADD KEY `idx_category` (`category`);

--
-- Indexes for table `media_uploads`
--
ALTER TABLE `media_uploads`
  ADD PRIMARY KEY (`id`),
  ADD KEY `idx_app` (`app_id`),
  ADD KEY `idx_entity` (`entity_type`,`entity_id`),
  ADD KEY `idx_primary` (`entity_type`,`entity_id`,`is_primary`),
  ADD KEY `idx_order` (`entity_type`,`entity_id`,`display_order`),
  ADD KEY `idx_media_type` (`media_type`);

--
-- Indexes for table `menu_items`
--
ALTER TABLE `menu_items`
  ADD PRIMARY KEY (`id`),
  ADD UNIQUE KEY `unique_menu_screen` (`menu_id`,`screen_id`),
  ADD KEY `idx_menu_id` (`menu_id`),
  ADD KEY `idx_screen_id` (`screen_id`),
  ADD KEY `idx_display_order` (`display_order`);

--
-- Indexes for table `menu_role_access`
--
ALTER TABLE `menu_role_access`
  ADD PRIMARY KEY (`id`),
  ADD UNIQUE KEY `unique_menu_role` (`menu_id`,`role_id`),
  ADD KEY `idx_menu_id` (`menu_id`),
  ADD KEY `idx_role_id` (`role_id`),
  ADD KEY `idx_app_id` (`app_id`);

--
-- Indexes for table `messages`
--
ALTER TABLE `messages`
  ADD PRIMARY KEY (`id`),
  ADD KEY `idx_conversation_id` (`conversation_id`),
  ADD KEY `idx_sender_id` (`sender_id`),
  ADD KEY `idx_created_at` (`created_at`),
  ADD KEY `idx_is_read` (`is_read`);

--
-- Indexes for table `message_read_receipts`
--
ALTER TABLE `message_read_receipts`
  ADD PRIMARY KEY (`id`),
  ADD UNIQUE KEY `unique_receipt` (`message_id`,`user_id`),
  ADD KEY `idx_message_id` (`message_id`),
  ADD KEY `idx_user_id` (`user_id`);

--
-- Indexes for table `notifications`
--
ALTER TABLE `notifications`
  ADD PRIMARY KEY (`id`),
  ADD KEY `idx_notifications_user` (`user_id`),
  ADD KEY `idx_notifications_app_user` (`app_id`,`user_id`),
  ADD KEY `idx_notifications_unread` (`app_id`,`user_id`,`is_read`),
  ADD KEY `idx_notifications_type` (`type`);

--
-- Indexes for table `property_amenities`
--
ALTER TABLE `property_amenities`
  ADD PRIMARY KEY (`id`),
  ADD UNIQUE KEY `unique_amenity_name` (`name`),
  ADD KEY `idx_category` (`category`);

--
-- Indexes for table `property_availability`
--
ALTER TABLE `property_availability`
  ADD PRIMARY KEY (`id`),
  ADD UNIQUE KEY `unique_listing_date` (`listing_id`,`date`),
  ADD KEY `idx_listing` (`listing_id`),
  ADD KEY `idx_date` (`date`),
  ADD KEY `idx_available` (`listing_id`,`date`,`is_available`);

--
-- Indexes for table `property_bookings`
--
ALTER TABLE `property_bookings`
  ADD PRIMARY KEY (`id`),
  ADD KEY `idx_listing_id` (`listing_id`),
  ADD KEY `idx_guest_user_id` (`guest_user_id`),
  ADD KEY `idx_host_user_id` (`host_user_id`),
  ADD KEY `idx_status` (`status`),
  ADD KEY `idx_check_in_date` (`check_in_date`),
  ADD KEY `idx_check_out_date` (`check_out_date`),
  ADD KEY `idx_dates` (`check_in_date`,`check_out_date`);

--
-- Indexes for table `property_images`
--
ALTER TABLE `property_images`
  ADD PRIMARY KEY (`id`),
  ADD KEY `idx_listing` (`listing_id`),
  ADD KEY `idx_primary` (`listing_id`,`is_primary`),
  ADD KEY `idx_order` (`listing_id`,`display_order`);

--
-- Indexes for table `property_inquiries`
--
ALTER TABLE `property_inquiries`
  ADD PRIMARY KEY (`id`),
  ADD KEY `agent_id` (`agent_id`),
  ADD KEY `responded_by` (`responded_by`),
  ADD KEY `idx_inquiries_app` (`app_id`),
  ADD KEY `idx_inquiries_listing` (`listing_id`),
  ADD KEY `idx_inquiries_buyer` (`buyer_id`),
  ADD KEY `idx_inquiries_status` (`status`),
  ADD KEY `idx_inquiries_created` (`created_at`);

--
-- Indexes for table `property_listings`
--
ALTER TABLE `property_listings`
  ADD PRIMARY KEY (`id`),
  ADD KEY `idx_app_id` (`app_id`),
  ADD KEY `idx_user_id` (`user_id`),
  ADD KEY `idx_location` (`city`,`state`,`country`),
  ADD KEY `idx_coordinates` (`latitude`,`longitude`),
  ADD KEY `idx_status` (`status`,`is_published`),
  ADD KEY `idx_price` (`price_per_night`);

--
-- Indexes for table `property_listing_amenities`
--
ALTER TABLE `property_listing_amenities`
  ADD PRIMARY KEY (`id`),
  ADD UNIQUE KEY `unique_listing_amenity` (`listing_id`,`amenity_id`),
  ADD KEY `idx_listing` (`listing_id`),
  ADD KEY `idx_amenity` (`amenity_id`);

--
-- Indexes for table `property_offers`
--
ALTER TABLE `property_offers`
  ADD PRIMARY KEY (`id`),
  ADD KEY `agent_id` (`agent_id`),
  ADD KEY `responded_by` (`responded_by`),
  ADD KEY `idx_offers_app` (`app_id`),
  ADD KEY `idx_offers_listing` (`listing_id`),
  ADD KEY `idx_offers_buyer` (`buyer_id`),
  ADD KEY `idx_offers_status` (`status`),
  ADD KEY `idx_offers_created` (`created_at`);

--
-- Indexes for table `property_pricing_rules`
--
ALTER TABLE `property_pricing_rules`
  ADD PRIMARY KEY (`id`),
  ADD KEY `idx_listing` (`listing_id`),
  ADD KEY `idx_active` (`is_active`),
  ADD KEY `idx_dates` (`start_date`,`end_date`);

--
-- Indexes for table `property_reviews`
--
ALTER TABLE `property_reviews`
  ADD PRIMARY KEY (`id`),
  ADD KEY `idx_listing` (`listing_id`),
  ADD KEY `idx_reviewer` (`reviewer_id`),
  ADD KEY `idx_booking` (`booking_id`),
  ADD KEY `idx_status` (`status`);

--
-- Indexes for table `property_showings`
--
ALTER TABLE `property_showings`
  ADD PRIMARY KEY (`id`),
  ADD KEY `seller_id` (`seller_id`),
  ADD KEY `cancelled_by` (`cancelled_by`),
  ADD KEY `confirmed_by` (`confirmed_by`),
  ADD KEY `idx_showings_app` (`app_id`),
  ADD KEY `idx_showings_listing` (`listing_id`),
  ADD KEY `idx_showings_buyer` (`buyer_id`),
  ADD KEY `idx_showings_agent` (`agent_id`),
  ADD KEY `idx_showings_status` (`status`),
  ADD KEY `idx_showings_scheduled` (`scheduled_date`,`scheduled_time`),
  ADD KEY `idx_showings_created` (`created_at`);

--
-- Indexes for table `property_videos`
--
ALTER TABLE `property_videos`
  ADD PRIMARY KEY (`id`),
  ADD KEY `idx_listing` (`listing_id`),
  ADD KEY `idx_order` (`listing_id`,`display_order`);

--
-- Indexes for table `publish_history`
--
ALTER TABLE `publish_history`
  ADD PRIMARY KEY (`id`),
  ADD KEY `screen_id` (`screen_id`),
  ADD KEY `version_id` (`version_id`),
  ADD KEY `published_by` (`published_by`),
  ADD KEY `idx_app_screen` (`app_id`,`screen_id`),
  ADD KEY `idx_created_at` (`created_at`);

--
-- Indexes for table `rides`
--
ALTER TABLE `rides`
  ADD PRIMARY KEY (`id`),
  ADD KEY `rider_id` (`rider_id`),
  ADD KEY `driver_id` (`driver_id`),
  ADD KEY `idx_app_rider` (`app_id`,`rider_id`),
  ADD KEY `idx_app_driver` (`app_id`,`driver_id`),
  ADD KEY `idx_status` (`status`),
  ADD KEY `idx_requested_at` (`requested_at`);

--
-- Indexes for table `ride_payments`
--
ALTER TABLE `ride_payments`
  ADD PRIMARY KEY (`id`),
  ADD KEY `ride_id` (`ride_id`),
  ADD KEY `payment_method_id` (`payment_method_id`),
  ADD KEY `idx_status` (`status`);

--
-- Indexes for table `ride_pricing_rules`
--
ALTER TABLE `ride_pricing_rules`
  ADD PRIMARY KEY (`id`),
  ADD UNIQUE KEY `unique_pricing` (`app_id`,`ride_type`);

--
-- Indexes for table `ride_promo_codes`
--
ALTER TABLE `ride_promo_codes`
  ADD PRIMARY KEY (`id`),
  ADD UNIQUE KEY `unique_code` (`app_id`,`code`),
  ADD KEY `idx_active` (`app_id`,`is_active`);

--
-- Indexes for table `ride_promo_code_usage`
--
ALTER TABLE `ride_promo_code_usage`
  ADD PRIMARY KEY (`id`),
  ADD KEY `promo_code_id` (`promo_code_id`),
  ADD KEY `ride_id` (`ride_id`),
  ADD KEY `idx_user` (`user_id`);

--
-- Indexes for table `ride_reviews`
--
ALTER TABLE `ride_reviews`
  ADD PRIMARY KEY (`id`),
  ADD UNIQUE KEY `unique_review` (`ride_id`,`reviewer_id`),
  ADD KEY `reviewer_id` (`reviewer_id`),
  ADD KEY `idx_reviewee` (`reviewee_id`);

--
-- Indexes for table `roles`
--
ALTER TABLE `roles`
  ADD PRIMARY KEY (`id`),
  ADD UNIQUE KEY `name` (`name`),
  ADD KEY `idx_level` (`level`);

--
-- Indexes for table `role_home_screens`
--
ALTER TABLE `role_home_screens`
  ADD PRIMARY KEY (`id`),
  ADD UNIQUE KEY `unique_app_role` (`app_id`,`role_id`),
  ADD KEY `screen_id` (`screen_id`),
  ADD KEY `idx_app_id` (`app_id`),
  ADD KEY `idx_role_id` (`role_id`);

--
-- Indexes for table `role_permissions`
--
ALTER TABLE `role_permissions`
  ADD PRIMARY KEY (`id`),
  ADD UNIQUE KEY `name` (`name`),
  ADD KEY `idx_category` (`category`);

--
-- Indexes for table `role_permission_assignments`
--
ALTER TABLE `role_permission_assignments`
  ADD PRIMARY KEY (`id`),
  ADD UNIQUE KEY `unique_role_permission` (`role_id`,`permission_id`),
  ADD KEY `idx_role_id` (`role_id`),
  ADD KEY `idx_permission_id` (`permission_id`);

--
-- Indexes for table `screen_data_sources`
--
ALTER TABLE `screen_data_sources`
  ADD PRIMARY KEY (`id`),
  ADD UNIQUE KEY `unique_screen_source` (`screen_id`,`source_name`);

--
-- Indexes for table `screen_elements`
--
ALTER TABLE `screen_elements`
  ADD PRIMARY KEY (`id`),
  ADD UNIQUE KEY `unique_element_type` (`element_type`),
  ADD KEY `idx_category` (`category`),
  ADD KEY `idx_active` (`is_active`);

--
-- Indexes for table `screen_element_instances`
--
ALTER TABLE `screen_element_instances`
  ADD PRIMARY KEY (`id`),
  ADD UNIQUE KEY `unique_screen_field` (`screen_id`,`field_key`),
  ADD KEY `idx_screen` (`screen_id`),
  ADD KEY `idx_element` (`element_id`),
  ADD KEY `idx_display_order` (`display_order`),
  ADD KEY `idx_instance_screen_order` (`screen_id`,`display_order`),
  ADD KEY `idx_form_id` (`form_id`);

--
-- Indexes for table `screen_menu_assignments`
--
ALTER TABLE `screen_menu_assignments`
  ADD PRIMARY KEY (`id`),
  ADD UNIQUE KEY `unique_screen_menu` (`screen_id`,`menu_id`),
  ADD KEY `idx_screen_id` (`screen_id`),
  ADD KEY `idx_menu_id` (`menu_id`);

--
-- Indexes for table `screen_module_assignments`
--
ALTER TABLE `screen_module_assignments`
  ADD PRIMARY KEY (`id`),
  ADD UNIQUE KEY `unique_screen_module` (`screen_id`,`module_id`),
  ADD KEY `idx_screen` (`screen_id`),
  ADD KEY `idx_module` (`module_id`);

--
-- Indexes for table `screen_role_access`
--
ALTER TABLE `screen_role_access`
  ADD PRIMARY KEY (`id`),
  ADD UNIQUE KEY `unique_screen_role` (`screen_id`,`role_id`,`app_id`),
  ADD KEY `idx_screen` (`screen_id`),
  ADD KEY `idx_role` (`role_id`),
  ADD KEY `idx_app` (`app_id`);

--
-- Indexes for table `screen_submissions`
--
ALTER TABLE `screen_submissions`
  ADD PRIMARY KEY (`id`),
  ADD KEY `screen_id` (`screen_id`),
  ADD KEY `idx_app_screen` (`app_id`,`screen_id`),
  ADD KEY `idx_user` (`user_id`),
  ADD KEY `idx_created_at` (`created_at`);

--
-- Indexes for table `screen_templates`
--
ALTER TABLE `screen_templates`
  ADD PRIMARY KEY (`id`),
  ADD KEY `idx_category` (`category`),
  ADD KEY `idx_is_active` (`is_active`);

--
-- Indexes for table `screen_versions`
--
ALTER TABLE `screen_versions`
  ADD PRIMARY KEY (`id`),
  ADD UNIQUE KEY `unique_screen_version` (`screen_id`,`version_number`),
  ADD KEY `created_by` (`created_by`),
  ADD KEY `idx_screen_version` (`screen_id`,`version_number`),
  ADD KEY `idx_created_at` (`created_at`);

--
-- Indexes for table `template_elements`
--
ALTER TABLE `template_elements`
  ADD PRIMARY KEY (`id`),
  ADD KEY `element_id` (`element_id`),
  ADD KEY `idx_template_id` (`template_id`),
  ADD KEY `idx_display_order` (`display_order`);

--
-- Indexes for table `users`
--
ALTER TABLE `users`
  ADD PRIMARY KEY (`id`),
  ADD UNIQUE KEY `email` (`email`),
  ADD KEY `idx_email` (`email`),
  ADD KEY `idx_role` (`role_id`),
  ADD KEY `idx_active` (`is_active`);

--
-- Indexes for table `user_activity_log`
--
ALTER TABLE `user_activity_log`
  ADD PRIMARY KEY (`id`),
  ADD KEY `idx_user_id` (`user_id`),
  ADD KEY `idx_app_id` (`app_id`),
  ADD KEY `idx_action` (`action`),
  ADD KEY `idx_created_at` (`created_at`);

--
-- Indexes for table `user_app_permissions`
--
ALTER TABLE `user_app_permissions`
  ADD PRIMARY KEY (`id`),
  ADD UNIQUE KEY `unique_user_app` (`user_id`,`app_id`),
  ADD KEY `granted_by` (`granted_by`),
  ADD KEY `idx_user` (`user_id`),
  ADD KEY `idx_app` (`app_id`);

--
-- Indexes for table `user_favorites`
--
ALTER TABLE `user_favorites`
  ADD PRIMARY KEY (`id`),
  ADD UNIQUE KEY `unique_user_listing` (`user_id`,`listing_id`),
  ADD KEY `idx_user_favorites_app` (`app_id`),
  ADD KEY `idx_user_favorites_user` (`user_id`),
  ADD KEY `idx_user_favorites_listing` (`listing_id`);

--
-- Indexes for table `user_payment_methods`
--
ALTER TABLE `user_payment_methods`
  ADD PRIMARY KEY (`id`),
  ADD KEY `user_id` (`user_id`),
  ADD KEY `idx_user` (`app_id`,`user_id`);

--
-- Indexes for table `user_roles`
--
ALTER TABLE `user_roles`
  ADD PRIMARY KEY (`id`),
  ADD UNIQUE KEY `unique_role_per_app` (`app_id`,`name`),
  ADD KEY `idx_app_id` (`app_id`);

--
-- Indexes for table `user_saved_addresses`
--
ALTER TABLE `user_saved_addresses`
  ADD PRIMARY KEY (`id`),
  ADD KEY `user_id` (`user_id`),
  ADD KEY `idx_user` (`app_id`,`user_id`);

--
-- Indexes for table `user_sessions`
--
ALTER TABLE `user_sessions`
  ADD PRIMARY KEY (`id`),
  ADD UNIQUE KEY `unique_token` (`token_hash`),
  ADD KEY `idx_user_id` (`user_id`),
  ADD KEY `idx_app_id` (`app_id`),
  ADD KEY `idx_expires_at` (`expires_at`),
  ADD KEY `idx_token_hash` (`token_hash`);

--
-- Indexes for table `user_settings`
--
ALTER TABLE `user_settings`
  ADD PRIMARY KEY (`id`),
  ADD UNIQUE KEY `unique_user_settings` (`user_id`),
  ADD KEY `idx_user_id` (`user_id`);

--
-- Indexes for table `user_verifications`
--
ALTER TABLE `user_verifications`
  ADD PRIMARY KEY (`id`),
  ADD UNIQUE KEY `unique_user_type` (`user_id`,`verification_type`),
  ADD KEY `idx_user` (`user_id`),
  ADD KEY `idx_status` (`status`);

--
-- AUTO_INCREMENT for dumped tables
--

--
-- AUTO_INCREMENT for table `activity_logs`
--
ALTER TABLE `activity_logs`
  MODIFY `id` bigint NOT NULL AUTO_INCREMENT, AUTO_INCREMENT=291;

--
-- AUTO_INCREMENT for table `apps`
--
ALTER TABLE `apps`
  MODIFY `id` int NOT NULL AUTO_INCREMENT, AUTO_INCREMENT=66;

--
-- AUTO_INCREMENT for table `app_custom_screen_elements`
--
ALTER TABLE `app_custom_screen_elements`
  MODIFY `id` int NOT NULL AUTO_INCREMENT, AUTO_INCREMENT=115;

--
-- AUTO_INCREMENT for table `app_forms`
--
ALTER TABLE `app_forms`
  MODIFY `id` int NOT NULL AUTO_INCREMENT, AUTO_INCREMENT=3;

--
-- AUTO_INCREMENT for table `app_form_assignments`
--
ALTER TABLE `app_form_assignments`
  MODIFY `id` int NOT NULL AUTO_INCREMENT, AUTO_INCREMENT=3;

--
-- AUTO_INCREMENT for table `app_form_elements`
--
ALTER TABLE `app_form_elements`
  MODIFY `id` int NOT NULL AUTO_INCREMENT, AUTO_INCREMENT=28;

--
-- AUTO_INCREMENT for table `app_form_element_overrides`
--
ALTER TABLE `app_form_element_overrides`
  MODIFY `id` int NOT NULL AUTO_INCREMENT, AUTO_INCREMENT=3;

--
-- AUTO_INCREMENT for table `app_form_submissions`
--
ALTER TABLE `app_form_submissions`
  MODIFY `id` int NOT NULL AUTO_INCREMENT, AUTO_INCREMENT=11;

--
-- AUTO_INCREMENT for table `app_menus`
--
ALTER TABLE `app_menus`
  MODIFY `id` int NOT NULL AUTO_INCREMENT, AUTO_INCREMENT=235;

--
-- AUTO_INCREMENT for table `app_modules`
--
ALTER TABLE `app_modules`
  MODIFY `id` int NOT NULL AUTO_INCREMENT, AUTO_INCREMENT=5;

--
-- AUTO_INCREMENT for table `app_report_configs`
--
ALTER TABLE `app_report_configs`
  MODIFY `id` int NOT NULL AUTO_INCREMENT, AUTO_INCREMENT=3;

--
-- AUTO_INCREMENT for table `app_roles`
--
ALTER TABLE `app_roles`
  MODIFY `id` int NOT NULL AUTO_INCREMENT, AUTO_INCREMENT=127;

--
-- AUTO_INCREMENT for table `app_screens`
--
ALTER TABLE `app_screens`
  MODIFY `id` int NOT NULL AUTO_INCREMENT, AUTO_INCREMENT=153;

--
-- AUTO_INCREMENT for table `app_screen_assignments`
--
ALTER TABLE `app_screen_assignments`
  MODIFY `id` int NOT NULL AUTO_INCREMENT, AUTO_INCREMENT=1644;

--
-- AUTO_INCREMENT for table `app_screen_content`
--
ALTER TABLE `app_screen_content`
  MODIFY `id` int NOT NULL AUTO_INCREMENT, AUTO_INCREMENT=601;

--
-- AUTO_INCREMENT for table `app_screen_element_overrides`
--
ALTER TABLE `app_screen_element_overrides`
  MODIFY `id` int NOT NULL AUTO_INCREMENT, AUTO_INCREMENT=133;

--
-- AUTO_INCREMENT for table `app_screen_version_assignments`
--
ALTER TABLE `app_screen_version_assignments`
  MODIFY `id` int NOT NULL AUTO_INCREMENT;

--
-- AUTO_INCREMENT for table `app_settings`
--
ALTER TABLE `app_settings`
  MODIFY `id` int NOT NULL AUTO_INCREMENT, AUTO_INCREMENT=13;

--
-- AUTO_INCREMENT for table `app_templates`
--
ALTER TABLE `app_templates`
  MODIFY `id` int NOT NULL AUTO_INCREMENT, AUTO_INCREMENT=19;

--
-- AUTO_INCREMENT for table `app_template_administrators`
--
ALTER TABLE `app_template_administrators`
  MODIFY `id` int NOT NULL AUTO_INCREMENT, AUTO_INCREMENT=5;

--
-- AUTO_INCREMENT for table `app_template_custom_screen_elements`
--
ALTER TABLE `app_template_custom_screen_elements`
  MODIFY `id` int NOT NULL AUTO_INCREMENT, AUTO_INCREMENT=13;

--
-- AUTO_INCREMENT for table `app_template_driver_profiles`
--
ALTER TABLE `app_template_driver_profiles`
  MODIFY `id` int NOT NULL AUTO_INCREMENT, AUTO_INCREMENT=5;

--
-- AUTO_INCREMENT for table `app_template_menus`
--
ALTER TABLE `app_template_menus`
  MODIFY `id` int NOT NULL AUTO_INCREMENT, AUTO_INCREMENT=73;

--
-- AUTO_INCREMENT for table `app_template_menu_items`
--
ALTER TABLE `app_template_menu_items`
  MODIFY `id` int NOT NULL AUTO_INCREMENT, AUTO_INCREMENT=380;

--
-- AUTO_INCREMENT for table `app_template_menu_role_access`
--
ALTER TABLE `app_template_menu_role_access`
  MODIFY `id` int NOT NULL AUTO_INCREMENT, AUTO_INCREMENT=50;

--
-- AUTO_INCREMENT for table `app_template_property_amenities`
--
ALTER TABLE `app_template_property_amenities`
  MODIFY `id` int NOT NULL AUTO_INCREMENT;

--
-- AUTO_INCREMENT for table `app_template_property_images`
--
ALTER TABLE `app_template_property_images`
  MODIFY `id` int NOT NULL AUTO_INCREMENT, AUTO_INCREMENT=36;

--
-- AUTO_INCREMENT for table `app_template_property_inquiries`
--
ALTER TABLE `app_template_property_inquiries`
  MODIFY `id` int NOT NULL AUTO_INCREMENT, AUTO_INCREMENT=5;

--
-- AUTO_INCREMENT for table `app_template_property_listings`
--
ALTER TABLE `app_template_property_listings`
  MODIFY `id` int NOT NULL AUTO_INCREMENT, AUTO_INCREMENT=35;

--
-- AUTO_INCREMENT for table `app_template_property_offers`
--
ALTER TABLE `app_template_property_offers`
  MODIFY `id` int NOT NULL AUTO_INCREMENT, AUTO_INCREMENT=6;

--
-- AUTO_INCREMENT for table `app_template_property_showings`
--
ALTER TABLE `app_template_property_showings`
  MODIFY `id` int NOT NULL AUTO_INCREMENT, AUTO_INCREMENT=6;

--
-- AUTO_INCREMENT for table `app_template_rides`
--
ALTER TABLE `app_template_rides`
  MODIFY `id` int NOT NULL AUTO_INCREMENT, AUTO_INCREMENT=7;

--
-- AUTO_INCREMENT for table `app_template_ride_pricing`
--
ALTER TABLE `app_template_ride_pricing`
  MODIFY `id` int NOT NULL AUTO_INCREMENT, AUTO_INCREMENT=5;

--
-- AUTO_INCREMENT for table `app_template_roles`
--
ALTER TABLE `app_template_roles`
  MODIFY `id` int NOT NULL AUTO_INCREMENT, AUTO_INCREMENT=35;

--
-- AUTO_INCREMENT for table `app_template_role_home_screens`
--
ALTER TABLE `app_template_role_home_screens`
  MODIFY `id` int NOT NULL AUTO_INCREMENT, AUTO_INCREMENT=11;

--
-- AUTO_INCREMENT for table `app_template_screens`
--
ALTER TABLE `app_template_screens`
  MODIFY `id` int NOT NULL AUTO_INCREMENT, AUTO_INCREMENT=670;

--
-- AUTO_INCREMENT for table `app_template_screen_content`
--
ALTER TABLE `app_template_screen_content`
  MODIFY `id` int NOT NULL AUTO_INCREMENT, AUTO_INCREMENT=57;

--
-- AUTO_INCREMENT for table `app_template_screen_elements`
--
ALTER TABLE `app_template_screen_elements`
  MODIFY `id` int NOT NULL AUTO_INCREMENT, AUTO_INCREMENT=3098;

--
-- AUTO_INCREMENT for table `app_template_screen_menu_assignments`
--
ALTER TABLE `app_template_screen_menu_assignments`
  MODIFY `id` int NOT NULL AUTO_INCREMENT, AUTO_INCREMENT=79;

--
-- AUTO_INCREMENT for table `app_template_screen_module_assignments`
--
ALTER TABLE `app_template_screen_module_assignments`
  MODIFY `id` int NOT NULL AUTO_INCREMENT, AUTO_INCREMENT=35;

--
-- AUTO_INCREMENT for table `app_template_screen_role_access`
--
ALTER TABLE `app_template_screen_role_access`
  MODIFY `id` int NOT NULL AUTO_INCREMENT, AUTO_INCREMENT=343;

--
-- AUTO_INCREMENT for table `app_template_users`
--
ALTER TABLE `app_template_users`
  MODIFY `id` int NOT NULL AUTO_INCREMENT, AUTO_INCREMENT=25;

--
-- AUTO_INCREMENT for table `app_template_user_role_assignments`
--
ALTER TABLE `app_template_user_role_assignments`
  MODIFY `id` int NOT NULL AUTO_INCREMENT, AUTO_INCREMENT=25;

--
-- AUTO_INCREMENT for table `app_users`
--
ALTER TABLE `app_users`
  MODIFY `id` int NOT NULL AUTO_INCREMENT, AUTO_INCREMENT=139;

--
-- AUTO_INCREMENT for table `app_user_role_assignments`
--
ALTER TABLE `app_user_role_assignments`
  MODIFY `id` int NOT NULL AUTO_INCREMENT, AUTO_INCREMENT=142;

--
-- AUTO_INCREMENT for table `booking_status_history`
--
ALTER TABLE `booking_status_history`
  MODIFY `id` int NOT NULL AUTO_INCREMENT, AUTO_INCREMENT=5;

--
-- AUTO_INCREMENT for table `content_reports`
--
ALTER TABLE `content_reports`
  MODIFY `id` int NOT NULL AUTO_INCREMENT;

--
-- AUTO_INCREMENT for table `conversations`
--
ALTER TABLE `conversations`
  MODIFY `id` int NOT NULL AUTO_INCREMENT, AUTO_INCREMENT=2;

--
-- AUTO_INCREMENT for table `driver_earnings`
--
ALTER TABLE `driver_earnings`
  MODIFY `id` int NOT NULL AUTO_INCREMENT;

--
-- AUTO_INCREMENT for table `driver_payouts`
--
ALTER TABLE `driver_payouts`
  MODIFY `id` int NOT NULL AUTO_INCREMENT;

--
-- AUTO_INCREMENT for table `driver_profiles`
--
ALTER TABLE `driver_profiles`
  MODIFY `id` int NOT NULL AUTO_INCREMENT, AUTO_INCREMENT=3;

--
-- AUTO_INCREMENT for table `element_templates`
--
ALTER TABLE `element_templates`
  MODIFY `id` int NOT NULL AUTO_INCREMENT, AUTO_INCREMENT=31;

--
-- AUTO_INCREMENT for table `media_uploads`
--
ALTER TABLE `media_uploads`
  MODIFY `id` int NOT NULL AUTO_INCREMENT;

--
-- AUTO_INCREMENT for table `menu_items`
--
ALTER TABLE `menu_items`
  MODIFY `id` int NOT NULL AUTO_INCREMENT, AUTO_INCREMENT=1609;

--
-- AUTO_INCREMENT for table `menu_role_access`
--
ALTER TABLE `menu_role_access`
  MODIFY `id` int NOT NULL AUTO_INCREMENT, AUTO_INCREMENT=139;

--
-- AUTO_INCREMENT for table `messages`
--
ALTER TABLE `messages`
  MODIFY `id` int NOT NULL AUTO_INCREMENT, AUTO_INCREMENT=3;

--
-- AUTO_INCREMENT for table `message_read_receipts`
--
ALTER TABLE `message_read_receipts`
  MODIFY `id` int NOT NULL AUTO_INCREMENT;

--
-- AUTO_INCREMENT for table `notifications`
--
ALTER TABLE `notifications`
  MODIFY `id` int NOT NULL AUTO_INCREMENT;

--
-- AUTO_INCREMENT for table `property_amenities`
--
ALTER TABLE `property_amenities`
  MODIFY `id` int NOT NULL AUTO_INCREMENT, AUTO_INCREMENT=36;

--
-- AUTO_INCREMENT for table `property_availability`
--
ALTER TABLE `property_availability`
  MODIFY `id` int NOT NULL AUTO_INCREMENT, AUTO_INCREMENT=16;

--
-- AUTO_INCREMENT for table `property_bookings`
--
ALTER TABLE `property_bookings`
  MODIFY `id` int NOT NULL AUTO_INCREMENT, AUTO_INCREMENT=52;

--
-- AUTO_INCREMENT for table `property_images`
--
ALTER TABLE `property_images`
  MODIFY `id` int NOT NULL AUTO_INCREMENT, AUTO_INCREMENT=289;

--
-- AUTO_INCREMENT for table `property_inquiries`
--
ALTER TABLE `property_inquiries`
  MODIFY `id` int NOT NULL AUTO_INCREMENT, AUTO_INCREMENT=5;

--
-- AUTO_INCREMENT for table `property_listings`
--
ALTER TABLE `property_listings`
  MODIFY `id` int NOT NULL AUTO_INCREMENT, AUTO_INCREMENT=287;

--
-- AUTO_INCREMENT for table `property_listing_amenities`
--
ALTER TABLE `property_listing_amenities`
  MODIFY `id` int NOT NULL AUTO_INCREMENT;

--
-- AUTO_INCREMENT for table `property_offers`
--
ALTER TABLE `property_offers`
  MODIFY `id` int NOT NULL AUTO_INCREMENT, AUTO_INCREMENT=6;

--
-- AUTO_INCREMENT for table `property_pricing_rules`
--
ALTER TABLE `property_pricing_rules`
  MODIFY `id` int NOT NULL AUTO_INCREMENT;

--
-- AUTO_INCREMENT for table `property_reviews`
--
ALTER TABLE `property_reviews`
  MODIFY `id` int NOT NULL AUTO_INCREMENT;

--
-- AUTO_INCREMENT for table `property_showings`
--
ALTER TABLE `property_showings`
  MODIFY `id` int NOT NULL AUTO_INCREMENT, AUTO_INCREMENT=6;

--
-- AUTO_INCREMENT for table `property_videos`
--
ALTER TABLE `property_videos`
  MODIFY `id` int NOT NULL AUTO_INCREMENT, AUTO_INCREMENT=2;

--
-- AUTO_INCREMENT for table `publish_history`
--
ALTER TABLE `publish_history`
  MODIFY `id` int NOT NULL AUTO_INCREMENT;

--
-- AUTO_INCREMENT for table `rides`
--
ALTER TABLE `rides`
  MODIFY `id` int NOT NULL AUTO_INCREMENT, AUTO_INCREMENT=4;

--
-- AUTO_INCREMENT for table `ride_payments`
--
ALTER TABLE `ride_payments`
  MODIFY `id` int NOT NULL AUTO_INCREMENT;

--
-- AUTO_INCREMENT for table `ride_pricing_rules`
--
ALTER TABLE `ride_pricing_rules`
  MODIFY `id` int NOT NULL AUTO_INCREMENT, AUTO_INCREMENT=5;

--
-- AUTO_INCREMENT for table `ride_promo_codes`
--
ALTER TABLE `ride_promo_codes`
  MODIFY `id` int NOT NULL AUTO_INCREMENT;

--
-- AUTO_INCREMENT for table `ride_promo_code_usage`
--
ALTER TABLE `ride_promo_code_usage`
  MODIFY `id` int NOT NULL AUTO_INCREMENT;

--
-- AUTO_INCREMENT for table `ride_reviews`
--
ALTER TABLE `ride_reviews`
  MODIFY `id` int NOT NULL AUTO_INCREMENT;

--
-- AUTO_INCREMENT for table `roles`
--
ALTER TABLE `roles`
  MODIFY `id` int NOT NULL AUTO_INCREMENT, AUTO_INCREMENT=4;

--
-- AUTO_INCREMENT for table `role_home_screens`
--
ALTER TABLE `role_home_screens`
  MODIFY `id` int NOT NULL AUTO_INCREMENT, AUTO_INCREMENT=26;

--
-- AUTO_INCREMENT for table `role_permissions`
--
ALTER TABLE `role_permissions`
  MODIFY `id` int NOT NULL AUTO_INCREMENT, AUTO_INCREMENT=23;

--
-- AUTO_INCREMENT for table `role_permission_assignments`
--
ALTER TABLE `role_permission_assignments`
  MODIFY `id` int NOT NULL AUTO_INCREMENT, AUTO_INCREMENT=68;

--
-- AUTO_INCREMENT for table `screen_data_sources`
--
ALTER TABLE `screen_data_sources`
  MODIFY `id` int NOT NULL AUTO_INCREMENT;

--
-- AUTO_INCREMENT for table `screen_elements`
--
ALTER TABLE `screen_elements`
  MODIFY `id` int NOT NULL AUTO_INCREMENT, AUTO_INCREMENT=127;

--
-- AUTO_INCREMENT for table `screen_element_instances`
--
ALTER TABLE `screen_element_instances`
  MODIFY `id` int NOT NULL AUTO_INCREMENT, AUTO_INCREMENT=1000;

--
-- AUTO_INCREMENT for table `screen_menu_assignments`
--
ALTER TABLE `screen_menu_assignments`
  MODIFY `id` int NOT NULL AUTO_INCREMENT, AUTO_INCREMENT=922;

--
-- AUTO_INCREMENT for table `screen_module_assignments`
--
ALTER TABLE `screen_module_assignments`
  MODIFY `id` int NOT NULL AUTO_INCREMENT, AUTO_INCREMENT=78;

--
-- AUTO_INCREMENT for table `screen_role_access`
--
ALTER TABLE `screen_role_access`
  MODIFY `id` int NOT NULL AUTO_INCREMENT, AUTO_INCREMENT=2378;

--
-- AUTO_INCREMENT for table `screen_submissions`
--
ALTER TABLE `screen_submissions`
  MODIFY `id` int NOT NULL AUTO_INCREMENT, AUTO_INCREMENT=25;

--
-- AUTO_INCREMENT for table `screen_templates`
--
ALTER TABLE `screen_templates`
  MODIFY `id` int NOT NULL AUTO_INCREMENT, AUTO_INCREMENT=27;

--
-- AUTO_INCREMENT for table `screen_versions`
--
ALTER TABLE `screen_versions`
  MODIFY `id` int NOT NULL AUTO_INCREMENT;

--
-- AUTO_INCREMENT for table `template_elements`
--
ALTER TABLE `template_elements`
  MODIFY `id` int NOT NULL AUTO_INCREMENT, AUTO_INCREMENT=217;

--
-- AUTO_INCREMENT for table `users`
--
ALTER TABLE `users`
  MODIFY `id` int NOT NULL AUTO_INCREMENT, AUTO_INCREMENT=7;

--
-- AUTO_INCREMENT for table `user_activity_log`
--
ALTER TABLE `user_activity_log`
  MODIFY `id` int NOT NULL AUTO_INCREMENT, AUTO_INCREMENT=153;

--
-- AUTO_INCREMENT for table `user_app_permissions`
--
ALTER TABLE `user_app_permissions`
  MODIFY `id` int NOT NULL AUTO_INCREMENT, AUTO_INCREMENT=56;

--
-- AUTO_INCREMENT for table `user_favorites`
--
ALTER TABLE `user_favorites`
  MODIFY `id` int NOT NULL AUTO_INCREMENT;

--
-- AUTO_INCREMENT for table `user_payment_methods`
--
ALTER TABLE `user_payment_methods`
  MODIFY `id` int NOT NULL AUTO_INCREMENT;

--
-- AUTO_INCREMENT for table `user_roles`
--
ALTER TABLE `user_roles`
  MODIFY `id` int NOT NULL AUTO_INCREMENT, AUTO_INCREMENT=7;

--
-- AUTO_INCREMENT for table `user_saved_addresses`
--
ALTER TABLE `user_saved_addresses`
  MODIFY `id` int NOT NULL AUTO_INCREMENT;

--
-- AUTO_INCREMENT for table `user_sessions`
--
ALTER TABLE `user_sessions`
  MODIFY `id` int NOT NULL AUTO_INCREMENT, AUTO_INCREMENT=156;

--
-- AUTO_INCREMENT for table `user_settings`
--
ALTER TABLE `user_settings`
  MODIFY `id` int NOT NULL AUTO_INCREMENT, AUTO_INCREMENT=16;

--
-- AUTO_INCREMENT for table `user_verifications`
--
ALTER TABLE `user_verifications`
  MODIFY `id` int NOT NULL AUTO_INCREMENT;

-- --------------------------------------------------------

--
-- Structure for view `v_app_overview`
--
DROP TABLE IF EXISTS `v_app_overview`;

CREATE ALGORITHM=UNDEFINED DEFINER=`root`@`localhost` SQL SECURITY DEFINER VIEW `v_app_overview`  AS SELECT `a`.`id` AS `id`, `a`.`name` AS `name`, `a`.`domain` AS `domain`, `a`.`is_active` AS `is_active`, count(distinct `uap`.`user_id`) AS `total_users`, `a`.`created_at` AS `created_at`, concat(`u`.`first_name`,' ',`u`.`last_name`) AS `created_by_name` FROM ((`apps` `a` left join `user_app_permissions` `uap` on((`a`.`id` = `uap`.`app_id`))) left join `users` `u` on((`a`.`created_by` = `u`.`id`))) GROUP BY `a`.`id`, `a`.`name`, `a`.`domain`, `a`.`is_active`, `a`.`created_at`, `u`.`first_name`, `u`.`last_name` ;

-- --------------------------------------------------------

--
-- Structure for view `v_user_permissions`
--
DROP TABLE IF EXISTS `v_user_permissions`;

CREATE ALGORITHM=UNDEFINED DEFINER=`root`@`localhost` SQL SECURITY DEFINER VIEW `v_user_permissions`  AS SELECT `u`.`id` AS `user_id`, `u`.`email` AS `email`, `u`.`first_name` AS `first_name`, `u`.`last_name` AS `last_name`, `r`.`name` AS `role_name`, `r`.`level` AS `role_level`, `a`.`id` AS `app_id`, `a`.`name` AS `app_name`, `a`.`domain` AS `app_domain`, `uap`.`can_view` AS `can_view`, `uap`.`can_edit` AS `can_edit`, `uap`.`can_delete` AS `can_delete`, `uap`.`can_publish` AS `can_publish`, `uap`.`can_manage_users` AS `can_manage_users`, `uap`.`can_manage_settings` AS `can_manage_settings`, `uap`.`custom_permissions` AS `custom_permissions` FROM (((`users` `u` join `roles` `r` on((`u`.`role_id` = `r`.`id`))) left join `user_app_permissions` `uap` on((`u`.`id` = `uap`.`user_id`))) left join `apps` `a` on((`uap`.`app_id` = `a`.`id`))) WHERE (`u`.`is_active` = true) ;

--
-- Constraints for dumped tables
--

--
-- Constraints for table `activity_logs`
--
ALTER TABLE `activity_logs`
  ADD CONSTRAINT `activity_logs_ibfk_1` FOREIGN KEY (`user_id`) REFERENCES `users` (`id`) ON DELETE CASCADE,
  ADD CONSTRAINT `activity_logs_ibfk_2` FOREIGN KEY (`app_id`) REFERENCES `apps` (`id`) ON DELETE CASCADE;

--
-- Constraints for table `apps`
--
ALTER TABLE `apps`
  ADD CONSTRAINT `apps_ibfk_1` FOREIGN KEY (`created_by`) REFERENCES `users` (`id`) ON DELETE RESTRICT,
  ADD CONSTRAINT `fk_apps_home_screen` FOREIGN KEY (`default_home_screen_id`) REFERENCES `app_screens` (`id`) ON DELETE SET NULL,
  ADD CONSTRAINT `fk_apps_template` FOREIGN KEY (`template_id`) REFERENCES `app_templates` (`id`) ON DELETE SET NULL;

--
-- Constraints for table `app_custom_screen_elements`
--
ALTER TABLE `app_custom_screen_elements`
  ADD CONSTRAINT `app_custom_screen_elements_ibfk_1` FOREIGN KEY (`app_id`) REFERENCES `apps` (`id`) ON DELETE CASCADE,
  ADD CONSTRAINT `app_custom_screen_elements_ibfk_2` FOREIGN KEY (`screen_id`) REFERENCES `app_screens` (`id`) ON DELETE CASCADE,
  ADD CONSTRAINT `app_custom_screen_elements_ibfk_3` FOREIGN KEY (`element_id`) REFERENCES `screen_elements` (`id`);

--
-- Constraints for table `app_forms`
--
ALTER TABLE `app_forms`
  ADD CONSTRAINT `app_forms_ibfk_1` FOREIGN KEY (`created_by`) REFERENCES `users` (`id`);

--
-- Constraints for table `app_form_assignments`
--
ALTER TABLE `app_form_assignments`
  ADD CONSTRAINT `app_form_assignments_ibfk_1` FOREIGN KEY (`app_id`) REFERENCES `apps` (`id`) ON DELETE CASCADE,
  ADD CONSTRAINT `app_form_assignments_ibfk_2` FOREIGN KEY (`form_id`) REFERENCES `app_forms` (`id`) ON DELETE CASCADE,
  ADD CONSTRAINT `app_form_assignments_ibfk_3` FOREIGN KEY (`assigned_by`) REFERENCES `users` (`id`);

--
-- Constraints for table `app_form_elements`
--
ALTER TABLE `app_form_elements`
  ADD CONSTRAINT `app_form_elements_ibfk_1` FOREIGN KEY (`form_id`) REFERENCES `app_forms` (`id`) ON DELETE CASCADE,
  ADD CONSTRAINT `app_form_elements_ibfk_2` FOREIGN KEY (`element_id`) REFERENCES `screen_elements` (`id`) ON DELETE CASCADE;

--
-- Constraints for table `app_form_element_overrides`
--
ALTER TABLE `app_form_element_overrides`
  ADD CONSTRAINT `app_form_element_overrides_ibfk_1` FOREIGN KEY (`app_id`) REFERENCES `apps` (`id`) ON DELETE CASCADE,
  ADD CONSTRAINT `app_form_element_overrides_ibfk_2` FOREIGN KEY (`form_id`) REFERENCES `app_forms` (`id`) ON DELETE CASCADE,
  ADD CONSTRAINT `app_form_element_overrides_ibfk_3` FOREIGN KEY (`form_element_id`) REFERENCES `app_form_elements` (`id`) ON DELETE CASCADE;

--
-- Constraints for table `app_form_submissions`
--
ALTER TABLE `app_form_submissions`
  ADD CONSTRAINT `app_form_submissions_ibfk_1` FOREIGN KEY (`app_id`) REFERENCES `apps` (`id`) ON DELETE CASCADE,
  ADD CONSTRAINT `app_form_submissions_ibfk_2` FOREIGN KEY (`form_id`) REFERENCES `app_forms` (`id`) ON DELETE CASCADE,
  ADD CONSTRAINT `app_form_submissions_ibfk_3` FOREIGN KEY (`user_id`) REFERENCES `app_users` (`id`) ON DELETE SET NULL;

--
-- Constraints for table `app_menus`
--
ALTER TABLE `app_menus`
  ADD CONSTRAINT `app_menus_ibfk_1` FOREIGN KEY (`app_id`) REFERENCES `apps` (`id`) ON DELETE CASCADE;

--
-- Constraints for table `app_report_configs`
--
ALTER TABLE `app_report_configs`
  ADD CONSTRAINT `app_report_configs_ibfk_1` FOREIGN KEY (`app_id`) REFERENCES `apps` (`id`) ON DELETE CASCADE,
  ADD CONSTRAINT `app_report_configs_ibfk_2` FOREIGN KEY (`screen_id`) REFERENCES `app_screens` (`id`) ON DELETE CASCADE,
  ADD CONSTRAINT `app_report_configs_ibfk_3` FOREIGN KEY (`created_by`) REFERENCES `users` (`id`) ON DELETE SET NULL;

--
-- Constraints for table `app_roles`
--
ALTER TABLE `app_roles`
  ADD CONSTRAINT `app_roles_ibfk_1` FOREIGN KEY (`app_id`) REFERENCES `apps` (`id`) ON DELETE CASCADE;

--
-- Constraints for table `app_screens`
--
ALTER TABLE `app_screens`
  ADD CONSTRAINT `fk_screen_created_by` FOREIGN KEY (`created_by`) REFERENCES `users` (`id`) ON DELETE RESTRICT;

--
-- Constraints for table `app_screen_assignments`
--
ALTER TABLE `app_screen_assignments`
  ADD CONSTRAINT `fk_assignment_app` FOREIGN KEY (`app_id`) REFERENCES `apps` (`id`) ON DELETE CASCADE,
  ADD CONSTRAINT `fk_assignment_assigned_by` FOREIGN KEY (`assigned_by`) REFERENCES `users` (`id`) ON DELETE RESTRICT,
  ADD CONSTRAINT `fk_assignment_screen` FOREIGN KEY (`screen_id`) REFERENCES `app_screens` (`id`) ON DELETE CASCADE;

--
-- Constraints for table `app_screen_content`
--
ALTER TABLE `app_screen_content`
  ADD CONSTRAINT `fk_content_app` FOREIGN KEY (`app_id`) REFERENCES `apps` (`id`) ON DELETE CASCADE,
  ADD CONSTRAINT `fk_content_element_instance` FOREIGN KEY (`element_instance_id`) REFERENCES `screen_element_instances` (`id`) ON DELETE CASCADE,
  ADD CONSTRAINT `fk_content_screen` FOREIGN KEY (`screen_id`) REFERENCES `app_screens` (`id`) ON DELETE CASCADE,
  ADD CONSTRAINT `fk_content_updated_by` FOREIGN KEY (`updated_by`) REFERENCES `users` (`id`) ON DELETE RESTRICT;

--
-- Constraints for table `app_screen_element_overrides`
--
ALTER TABLE `app_screen_element_overrides`
  ADD CONSTRAINT `app_screen_element_overrides_ibfk_1` FOREIGN KEY (`app_id`) REFERENCES `apps` (`id`) ON DELETE CASCADE,
  ADD CONSTRAINT `app_screen_element_overrides_ibfk_2` FOREIGN KEY (`screen_id`) REFERENCES `app_screens` (`id`) ON DELETE CASCADE,
  ADD CONSTRAINT `app_screen_element_overrides_ibfk_3` FOREIGN KEY (`element_instance_id`) REFERENCES `screen_element_instances` (`id`) ON DELETE CASCADE;

--
-- Constraints for table `app_screen_version_assignments`
--
ALTER TABLE `app_screen_version_assignments`
  ADD CONSTRAINT `app_screen_version_assignments_ibfk_1` FOREIGN KEY (`app_id`) REFERENCES `apps` (`id`) ON DELETE CASCADE,
  ADD CONSTRAINT `app_screen_version_assignments_ibfk_2` FOREIGN KEY (`screen_id`) REFERENCES `app_screens` (`id`) ON DELETE CASCADE,
  ADD CONSTRAINT `app_screen_version_assignments_ibfk_3` FOREIGN KEY (`version_id`) REFERENCES `screen_versions` (`id`) ON DELETE SET NULL,
  ADD CONSTRAINT `app_screen_version_assignments_ibfk_4` FOREIGN KEY (`locked_by`) REFERENCES `users` (`id`) ON DELETE SET NULL;

--
-- Constraints for table `app_settings`
--
ALTER TABLE `app_settings`
  ADD CONSTRAINT `app_settings_ibfk_1` FOREIGN KEY (`app_id`) REFERENCES `apps` (`id`) ON DELETE CASCADE;

--
-- Constraints for table `app_templates`
--
ALTER TABLE `app_templates`
  ADD CONSTRAINT `app_templates_ibfk_1` FOREIGN KEY (`created_by`) REFERENCES `users` (`id`) ON DELETE SET NULL;

--
-- Constraints for table `app_template_administrators`
--
ALTER TABLE `app_template_administrators`
  ADD CONSTRAINT `app_template_administrators_ibfk_1` FOREIGN KEY (`template_id`) REFERENCES `app_templates` (`id`) ON DELETE CASCADE,
  ADD CONSTRAINT `app_template_administrators_ibfk_2` FOREIGN KEY (`user_id`) REFERENCES `users` (`id`) ON DELETE CASCADE;

--
-- Constraints for table `app_template_custom_screen_elements`
--
ALTER TABLE `app_template_custom_screen_elements`
  ADD CONSTRAINT `app_template_custom_screen_elements_ibfk_1` FOREIGN KEY (`template_id`) REFERENCES `app_templates` (`id`) ON DELETE CASCADE,
  ADD CONSTRAINT `app_template_custom_screen_elements_ibfk_2` FOREIGN KEY (`screen_id`) REFERENCES `app_screens` (`id`) ON DELETE CASCADE,
  ADD CONSTRAINT `app_template_custom_screen_elements_ibfk_3` FOREIGN KEY (`element_id`) REFERENCES `screen_elements` (`id`) ON DELETE CASCADE;

--
-- Constraints for table `app_template_driver_profiles`
--
ALTER TABLE `app_template_driver_profiles`
  ADD CONSTRAINT `app_template_driver_profiles_ibfk_1` FOREIGN KEY (`template_id`) REFERENCES `app_templates` (`id`) ON DELETE CASCADE;

--
-- Constraints for table `app_template_menus`
--
ALTER TABLE `app_template_menus`
  ADD CONSTRAINT `app_template_menus_ibfk_1` FOREIGN KEY (`template_id`) REFERENCES `app_templates` (`id`) ON DELETE CASCADE;

--
-- Constraints for table `app_template_menu_items`
--
ALTER TABLE `app_template_menu_items`
  ADD CONSTRAINT `app_template_menu_items_ibfk_1` FOREIGN KEY (`template_menu_id`) REFERENCES `app_template_menus` (`id`) ON DELETE CASCADE,
  ADD CONSTRAINT `app_template_menu_items_ibfk_2` FOREIGN KEY (`screen_id`) REFERENCES `app_screens` (`id`) ON DELETE SET NULL;

--
-- Constraints for table `app_template_menu_role_access`
--
ALTER TABLE `app_template_menu_role_access`
  ADD CONSTRAINT `app_template_menu_role_access_ibfk_1` FOREIGN KEY (`template_menu_id`) REFERENCES `app_template_menus` (`id`) ON DELETE CASCADE,
  ADD CONSTRAINT `app_template_menu_role_access_ibfk_2` FOREIGN KEY (`template_role_id`) REFERENCES `app_template_roles` (`id`) ON DELETE CASCADE;

--
-- Constraints for table `app_template_property_amenities`
--
ALTER TABLE `app_template_property_amenities`
  ADD CONSTRAINT `app_template_property_amenities_ibfk_1` FOREIGN KEY (`template_listing_id`) REFERENCES `app_template_property_listings` (`id`) ON DELETE CASCADE,
  ADD CONSTRAINT `app_template_property_amenities_ibfk_2` FOREIGN KEY (`amenity_id`) REFERENCES `property_amenities` (`id`) ON DELETE CASCADE;

--
-- Constraints for table `app_template_property_images`
--
ALTER TABLE `app_template_property_images`
  ADD CONSTRAINT `app_template_property_images_ibfk_1` FOREIGN KEY (`template_listing_id`) REFERENCES `app_template_property_listings` (`id`) ON DELETE CASCADE;

--
-- Constraints for table `app_template_property_inquiries`
--
ALTER TABLE `app_template_property_inquiries`
  ADD CONSTRAINT `app_template_property_inquiries_ibfk_1` FOREIGN KEY (`template_id`) REFERENCES `app_templates` (`id`) ON DELETE CASCADE;

--
-- Constraints for table `app_template_property_listings`
--
ALTER TABLE `app_template_property_listings`
  ADD CONSTRAINT `app_template_property_listings_ibfk_1` FOREIGN KEY (`template_id`) REFERENCES `app_templates` (`id`) ON DELETE CASCADE,
  ADD CONSTRAINT `app_template_property_listings_ibfk_2` FOREIGN KEY (`template_user_id`) REFERENCES `app_template_users` (`id`) ON DELETE SET NULL;

--
-- Constraints for table `app_template_property_offers`
--
ALTER TABLE `app_template_property_offers`
  ADD CONSTRAINT `app_template_property_offers_ibfk_1` FOREIGN KEY (`template_id`) REFERENCES `app_templates` (`id`) ON DELETE CASCADE;

--
-- Constraints for table `app_template_property_showings`
--
ALTER TABLE `app_template_property_showings`
  ADD CONSTRAINT `app_template_property_showings_ibfk_1` FOREIGN KEY (`template_id`) REFERENCES `app_templates` (`id`) ON DELETE CASCADE;

--
-- Constraints for table `app_template_rides`
--
ALTER TABLE `app_template_rides`
  ADD CONSTRAINT `app_template_rides_ibfk_1` FOREIGN KEY (`template_id`) REFERENCES `app_templates` (`id`) ON DELETE CASCADE;

--
-- Constraints for table `app_template_ride_pricing`
--
ALTER TABLE `app_template_ride_pricing`
  ADD CONSTRAINT `app_template_ride_pricing_ibfk_1` FOREIGN KEY (`template_id`) REFERENCES `app_templates` (`id`) ON DELETE CASCADE;

--
-- Constraints for table `app_template_roles`
--
ALTER TABLE `app_template_roles`
  ADD CONSTRAINT `app_template_roles_ibfk_1` FOREIGN KEY (`template_id`) REFERENCES `app_templates` (`id`) ON DELETE CASCADE;

--
-- Constraints for table `app_template_role_home_screens`
--
ALTER TABLE `app_template_role_home_screens`
  ADD CONSTRAINT `app_template_role_home_screens_ibfk_1` FOREIGN KEY (`template_role_id`) REFERENCES `app_template_roles` (`id`) ON DELETE CASCADE,
  ADD CONSTRAINT `app_template_role_home_screens_ibfk_2` FOREIGN KEY (`screen_id`) REFERENCES `app_screens` (`id`) ON DELETE CASCADE;

--
-- Constraints for table `app_template_screens`
--
ALTER TABLE `app_template_screens`
  ADD CONSTRAINT `app_template_screens_ibfk_1` FOREIGN KEY (`template_id`) REFERENCES `app_templates` (`id`) ON DELETE CASCADE,
  ADD CONSTRAINT `app_template_screens_ibfk_2` FOREIGN KEY (`screen_id`) REFERENCES `app_screens` (`id`) ON DELETE SET NULL;

--
-- Constraints for table `app_template_screen_content`
--
ALTER TABLE `app_template_screen_content`
  ADD CONSTRAINT `app_template_screen_content_ibfk_1` FOREIGN KEY (`template_id`) REFERENCES `app_templates` (`id`) ON DELETE CASCADE,
  ADD CONSTRAINT `app_template_screen_content_ibfk_2` FOREIGN KEY (`screen_id`) REFERENCES `app_screens` (`id`) ON DELETE CASCADE;

--
-- Constraints for table `app_template_screen_elements`
--
ALTER TABLE `app_template_screen_elements`
  ADD CONSTRAINT `app_template_screen_elements_ibfk_1` FOREIGN KEY (`template_screen_id`) REFERENCES `app_template_screens` (`id`) ON DELETE CASCADE,
  ADD CONSTRAINT `app_template_screen_elements_ibfk_2` FOREIGN KEY (`element_id`) REFERENCES `screen_elements` (`id`) ON DELETE CASCADE;

--
-- Constraints for table `app_template_screen_menu_assignments`
--
ALTER TABLE `app_template_screen_menu_assignments`
  ADD CONSTRAINT `app_template_screen_menu_assignments_ibfk_1` FOREIGN KEY (`template_id`) REFERENCES `app_templates` (`id`) ON DELETE CASCADE,
  ADD CONSTRAINT `app_template_screen_menu_assignments_ibfk_2` FOREIGN KEY (`screen_id`) REFERENCES `app_screens` (`id`) ON DELETE CASCADE,
  ADD CONSTRAINT `app_template_screen_menu_assignments_ibfk_3` FOREIGN KEY (`template_menu_id`) REFERENCES `app_template_menus` (`id`) ON DELETE CASCADE;

--
-- Constraints for table `app_template_screen_module_assignments`
--
ALTER TABLE `app_template_screen_module_assignments`
  ADD CONSTRAINT `app_template_screen_module_assignments_ibfk_1` FOREIGN KEY (`template_id`) REFERENCES `app_templates` (`id`) ON DELETE CASCADE,
  ADD CONSTRAINT `app_template_screen_module_assignments_ibfk_2` FOREIGN KEY (`screen_id`) REFERENCES `app_screens` (`id`) ON DELETE CASCADE,
  ADD CONSTRAINT `app_template_screen_module_assignments_ibfk_3` FOREIGN KEY (`module_id`) REFERENCES `app_modules` (`id`) ON DELETE CASCADE;

--
-- Constraints for table `app_template_screen_role_access`
--
ALTER TABLE `app_template_screen_role_access`
  ADD CONSTRAINT `app_template_screen_role_access_ibfk_1` FOREIGN KEY (`template_id`) REFERENCES `app_templates` (`id`) ON DELETE CASCADE,
  ADD CONSTRAINT `app_template_screen_role_access_ibfk_2` FOREIGN KEY (`screen_id`) REFERENCES `app_screens` (`id`) ON DELETE CASCADE,
  ADD CONSTRAINT `app_template_screen_role_access_ibfk_3` FOREIGN KEY (`template_role_id`) REFERENCES `app_template_roles` (`id`) ON DELETE CASCADE;

--
-- Constraints for table `app_template_users`
--
ALTER TABLE `app_template_users`
  ADD CONSTRAINT `app_template_users_ibfk_1` FOREIGN KEY (`template_id`) REFERENCES `app_templates` (`id`) ON DELETE CASCADE;

--
-- Constraints for table `app_template_user_role_assignments`
--
ALTER TABLE `app_template_user_role_assignments`
  ADD CONSTRAINT `app_template_user_role_assignments_ibfk_1` FOREIGN KEY (`template_user_id`) REFERENCES `app_template_users` (`id`) ON DELETE CASCADE,
  ADD CONSTRAINT `app_template_user_role_assignments_ibfk_2` FOREIGN KEY (`template_role_id`) REFERENCES `app_template_roles` (`id`) ON DELETE CASCADE;

--
-- Constraints for table `app_users`
--
ALTER TABLE `app_users`
  ADD CONSTRAINT `app_users_ibfk_1` FOREIGN KEY (`app_id`) REFERENCES `apps` (`id`) ON DELETE CASCADE;

--
-- Constraints for table `app_user_role_assignments`
--
ALTER TABLE `app_user_role_assignments`
  ADD CONSTRAINT `app_user_role_assignments_ibfk_1` FOREIGN KEY (`user_id`) REFERENCES `app_users` (`id`) ON DELETE CASCADE,
  ADD CONSTRAINT `app_user_role_assignments_ibfk_2` FOREIGN KEY (`role_id`) REFERENCES `user_roles` (`id`) ON DELETE CASCADE,
  ADD CONSTRAINT `fk_app_user_role_assignments_app_role` FOREIGN KEY (`app_role_id`) REFERENCES `app_roles` (`id`) ON DELETE CASCADE;

--
-- Constraints for table `booking_status_history`
--
ALTER TABLE `booking_status_history`
  ADD CONSTRAINT `booking_status_history_ibfk_1` FOREIGN KEY (`booking_id`) REFERENCES `property_bookings` (`id`) ON DELETE CASCADE;

--
-- Constraints for table `conversations`
--
ALTER TABLE `conversations`
  ADD CONSTRAINT `conversations_ibfk_1` FOREIGN KEY (`listing_id`) REFERENCES `property_listings` (`id`) ON DELETE SET NULL,
  ADD CONSTRAINT `conversations_ibfk_2` FOREIGN KEY (`user1_id`) REFERENCES `app_users` (`id`) ON DELETE CASCADE,
  ADD CONSTRAINT `conversations_ibfk_3` FOREIGN KEY (`user2_id`) REFERENCES `app_users` (`id`) ON DELETE CASCADE;

--
-- Constraints for table `driver_earnings`
--
ALTER TABLE `driver_earnings`
  ADD CONSTRAINT `driver_earnings_ibfk_1` FOREIGN KEY (`app_id`) REFERENCES `apps` (`id`) ON DELETE CASCADE,
  ADD CONSTRAINT `driver_earnings_ibfk_2` FOREIGN KEY (`driver_id`) REFERENCES `app_users` (`id`) ON DELETE CASCADE,
  ADD CONSTRAINT `driver_earnings_ibfk_3` FOREIGN KEY (`ride_id`) REFERENCES `rides` (`id`) ON DELETE CASCADE;

--
-- Constraints for table `driver_payouts`
--
ALTER TABLE `driver_payouts`
  ADD CONSTRAINT `driver_payouts_ibfk_1` FOREIGN KEY (`app_id`) REFERENCES `apps` (`id`) ON DELETE CASCADE,
  ADD CONSTRAINT `driver_payouts_ibfk_2` FOREIGN KEY (`driver_id`) REFERENCES `app_users` (`id`) ON DELETE CASCADE;

--
-- Constraints for table `driver_profiles`
--
ALTER TABLE `driver_profiles`
  ADD CONSTRAINT `driver_profiles_ibfk_1` FOREIGN KEY (`app_id`) REFERENCES `apps` (`id`) ON DELETE CASCADE,
  ADD CONSTRAINT `driver_profiles_ibfk_2` FOREIGN KEY (`user_id`) REFERENCES `app_users` (`id`) ON DELETE CASCADE;

--
-- Constraints for table `menu_items`
--
ALTER TABLE `menu_items`
  ADD CONSTRAINT `menu_items_ibfk_1` FOREIGN KEY (`menu_id`) REFERENCES `app_menus` (`id`) ON DELETE CASCADE,
  ADD CONSTRAINT `menu_items_ibfk_2` FOREIGN KEY (`screen_id`) REFERENCES `app_screens` (`id`) ON DELETE CASCADE;

--
-- Constraints for table `menu_role_access`
--
ALTER TABLE `menu_role_access`
  ADD CONSTRAINT `menu_role_access_ibfk_1` FOREIGN KEY (`menu_id`) REFERENCES `app_menus` (`id`) ON DELETE CASCADE,
  ADD CONSTRAINT `menu_role_access_ibfk_2` FOREIGN KEY (`role_id`) REFERENCES `app_roles` (`id`) ON DELETE CASCADE;

--
-- Constraints for table `messages`
--
ALTER TABLE `messages`
  ADD CONSTRAINT `messages_ibfk_1` FOREIGN KEY (`conversation_id`) REFERENCES `conversations` (`id`) ON DELETE CASCADE,
  ADD CONSTRAINT `messages_ibfk_2` FOREIGN KEY (`sender_id`) REFERENCES `app_users` (`id`) ON DELETE CASCADE;

--
-- Constraints for table `message_read_receipts`
--
ALTER TABLE `message_read_receipts`
  ADD CONSTRAINT `message_read_receipts_ibfk_1` FOREIGN KEY (`message_id`) REFERENCES `messages` (`id`) ON DELETE CASCADE,
  ADD CONSTRAINT `message_read_receipts_ibfk_2` FOREIGN KEY (`user_id`) REFERENCES `app_users` (`id`) ON DELETE CASCADE;

--
-- Constraints for table `notifications`
--
ALTER TABLE `notifications`
  ADD CONSTRAINT `notifications_ibfk_1` FOREIGN KEY (`app_id`) REFERENCES `apps` (`id`) ON DELETE CASCADE,
  ADD CONSTRAINT `notifications_ibfk_2` FOREIGN KEY (`user_id`) REFERENCES `app_users` (`id`) ON DELETE CASCADE;

--
-- Constraints for table `property_availability`
--
ALTER TABLE `property_availability`
  ADD CONSTRAINT `property_availability_ibfk_1` FOREIGN KEY (`listing_id`) REFERENCES `property_listings` (`id`) ON DELETE CASCADE;

--
-- Constraints for table `property_bookings`
--
ALTER TABLE `property_bookings`
  ADD CONSTRAINT `property_bookings_ibfk_1` FOREIGN KEY (`listing_id`) REFERENCES `property_listings` (`id`) ON DELETE CASCADE,
  ADD CONSTRAINT `property_bookings_ibfk_2` FOREIGN KEY (`guest_user_id`) REFERENCES `app_users` (`id`) ON DELETE CASCADE,
  ADD CONSTRAINT `property_bookings_ibfk_3` FOREIGN KEY (`host_user_id`) REFERENCES `app_users` (`id`) ON DELETE CASCADE;

--
-- Constraints for table `property_images`
--
ALTER TABLE `property_images`
  ADD CONSTRAINT `property_images_ibfk_1` FOREIGN KEY (`listing_id`) REFERENCES `property_listings` (`id`) ON DELETE CASCADE;

--
-- Constraints for table `property_inquiries`
--
ALTER TABLE `property_inquiries`
  ADD CONSTRAINT `property_inquiries_ibfk_1` FOREIGN KEY (`app_id`) REFERENCES `apps` (`id`) ON DELETE CASCADE,
  ADD CONSTRAINT `property_inquiries_ibfk_2` FOREIGN KEY (`listing_id`) REFERENCES `property_listings` (`id`) ON DELETE CASCADE,
  ADD CONSTRAINT `property_inquiries_ibfk_3` FOREIGN KEY (`buyer_id`) REFERENCES `app_users` (`id`) ON DELETE CASCADE,
  ADD CONSTRAINT `property_inquiries_ibfk_4` FOREIGN KEY (`agent_id`) REFERENCES `app_users` (`id`) ON DELETE SET NULL,
  ADD CONSTRAINT `property_inquiries_ibfk_5` FOREIGN KEY (`responded_by`) REFERENCES `app_users` (`id`) ON DELETE SET NULL;

--
-- Constraints for table `property_listings`
--
ALTER TABLE `property_listings`
  ADD CONSTRAINT `property_listings_ibfk_1` FOREIGN KEY (`app_id`) REFERENCES `apps` (`id`) ON DELETE CASCADE,
  ADD CONSTRAINT `property_listings_ibfk_2` FOREIGN KEY (`user_id`) REFERENCES `app_users` (`id`) ON DELETE CASCADE;

--
-- Constraints for table `property_listing_amenities`
--
ALTER TABLE `property_listing_amenities`
  ADD CONSTRAINT `property_listing_amenities_ibfk_1` FOREIGN KEY (`listing_id`) REFERENCES `property_listings` (`id`) ON DELETE CASCADE,
  ADD CONSTRAINT `property_listing_amenities_ibfk_2` FOREIGN KEY (`amenity_id`) REFERENCES `property_amenities` (`id`) ON DELETE CASCADE;

--
-- Constraints for table `property_offers`
--
ALTER TABLE `property_offers`
  ADD CONSTRAINT `property_offers_ibfk_1` FOREIGN KEY (`app_id`) REFERENCES `apps` (`id`) ON DELETE CASCADE,
  ADD CONSTRAINT `property_offers_ibfk_2` FOREIGN KEY (`listing_id`) REFERENCES `property_listings` (`id`) ON DELETE CASCADE,
  ADD CONSTRAINT `property_offers_ibfk_3` FOREIGN KEY (`buyer_id`) REFERENCES `app_users` (`id`) ON DELETE CASCADE,
  ADD CONSTRAINT `property_offers_ibfk_4` FOREIGN KEY (`agent_id`) REFERENCES `app_users` (`id`) ON DELETE SET NULL,
  ADD CONSTRAINT `property_offers_ibfk_5` FOREIGN KEY (`responded_by`) REFERENCES `app_users` (`id`) ON DELETE SET NULL;

--
-- Constraints for table `property_showings`
--
ALTER TABLE `property_showings`
  ADD CONSTRAINT `property_showings_ibfk_1` FOREIGN KEY (`app_id`) REFERENCES `apps` (`id`) ON DELETE CASCADE,
  ADD CONSTRAINT `property_showings_ibfk_2` FOREIGN KEY (`listing_id`) REFERENCES `property_listings` (`id`) ON DELETE CASCADE,
  ADD CONSTRAINT `property_showings_ibfk_3` FOREIGN KEY (`buyer_id`) REFERENCES `app_users` (`id`) ON DELETE CASCADE,
  ADD CONSTRAINT `property_showings_ibfk_4` FOREIGN KEY (`agent_id`) REFERENCES `app_users` (`id`) ON DELETE SET NULL,
  ADD CONSTRAINT `property_showings_ibfk_5` FOREIGN KEY (`seller_id`) REFERENCES `app_users` (`id`) ON DELETE SET NULL,
  ADD CONSTRAINT `property_showings_ibfk_6` FOREIGN KEY (`cancelled_by`) REFERENCES `app_users` (`id`) ON DELETE SET NULL,
  ADD CONSTRAINT `property_showings_ibfk_7` FOREIGN KEY (`confirmed_by`) REFERENCES `app_users` (`id`) ON DELETE SET NULL;

--
-- Constraints for table `property_videos`
--
ALTER TABLE `property_videos`
  ADD CONSTRAINT `property_videos_ibfk_1` FOREIGN KEY (`listing_id`) REFERENCES `property_listings` (`id`) ON DELETE CASCADE;

--
-- Constraints for table `publish_history`
--
ALTER TABLE `publish_history`
  ADD CONSTRAINT `publish_history_ibfk_1` FOREIGN KEY (`app_id`) REFERENCES `apps` (`id`) ON DELETE CASCADE,
  ADD CONSTRAINT `publish_history_ibfk_2` FOREIGN KEY (`screen_id`) REFERENCES `app_screens` (`id`) ON DELETE CASCADE,
  ADD CONSTRAINT `publish_history_ibfk_3` FOREIGN KEY (`version_id`) REFERENCES `screen_versions` (`id`) ON DELETE SET NULL,
  ADD CONSTRAINT `publish_history_ibfk_4` FOREIGN KEY (`published_by`) REFERENCES `users` (`id`) ON DELETE SET NULL;

--
-- Constraints for table `rides`
--
ALTER TABLE `rides`
  ADD CONSTRAINT `rides_ibfk_1` FOREIGN KEY (`app_id`) REFERENCES `apps` (`id`) ON DELETE CASCADE,
  ADD CONSTRAINT `rides_ibfk_2` FOREIGN KEY (`rider_id`) REFERENCES `app_users` (`id`) ON DELETE CASCADE,
  ADD CONSTRAINT `rides_ibfk_3` FOREIGN KEY (`driver_id`) REFERENCES `app_users` (`id`) ON DELETE SET NULL;

--
-- Constraints for table `ride_payments`
--
ALTER TABLE `ride_payments`
  ADD CONSTRAINT `ride_payments_ibfk_1` FOREIGN KEY (`ride_id`) REFERENCES `rides` (`id`) ON DELETE CASCADE,
  ADD CONSTRAINT `ride_payments_ibfk_2` FOREIGN KEY (`payment_method_id`) REFERENCES `user_payment_methods` (`id`) ON DELETE SET NULL;

--
-- Constraints for table `ride_pricing_rules`
--
ALTER TABLE `ride_pricing_rules`
  ADD CONSTRAINT `ride_pricing_rules_ibfk_1` FOREIGN KEY (`app_id`) REFERENCES `apps` (`id`) ON DELETE CASCADE;

--
-- Constraints for table `ride_promo_codes`
--
ALTER TABLE `ride_promo_codes`
  ADD CONSTRAINT `ride_promo_codes_ibfk_1` FOREIGN KEY (`app_id`) REFERENCES `apps` (`id`) ON DELETE CASCADE;

--
-- Constraints for table `ride_promo_code_usage`
--
ALTER TABLE `ride_promo_code_usage`
  ADD CONSTRAINT `ride_promo_code_usage_ibfk_1` FOREIGN KEY (`promo_code_id`) REFERENCES `ride_promo_codes` (`id`) ON DELETE CASCADE,
  ADD CONSTRAINT `ride_promo_code_usage_ibfk_2` FOREIGN KEY (`user_id`) REFERENCES `app_users` (`id`) ON DELETE CASCADE,
  ADD CONSTRAINT `ride_promo_code_usage_ibfk_3` FOREIGN KEY (`ride_id`) REFERENCES `rides` (`id`) ON DELETE CASCADE;

--
-- Constraints for table `ride_reviews`
--
ALTER TABLE `ride_reviews`
  ADD CONSTRAINT `ride_reviews_ibfk_1` FOREIGN KEY (`ride_id`) REFERENCES `rides` (`id`) ON DELETE CASCADE,
  ADD CONSTRAINT `ride_reviews_ibfk_2` FOREIGN KEY (`reviewer_id`) REFERENCES `app_users` (`id`) ON DELETE CASCADE,
  ADD CONSTRAINT `ride_reviews_ibfk_3` FOREIGN KEY (`reviewee_id`) REFERENCES `app_users` (`id`) ON DELETE CASCADE;

--
-- Constraints for table `role_home_screens`
--
ALTER TABLE `role_home_screens`
  ADD CONSTRAINT `role_home_screens_ibfk_1` FOREIGN KEY (`app_id`) REFERENCES `apps` (`id`) ON DELETE CASCADE,
  ADD CONSTRAINT `role_home_screens_ibfk_2` FOREIGN KEY (`role_id`) REFERENCES `app_roles` (`id`) ON DELETE CASCADE,
  ADD CONSTRAINT `role_home_screens_ibfk_3` FOREIGN KEY (`screen_id`) REFERENCES `app_screens` (`id`) ON DELETE CASCADE;

--
-- Constraints for table `role_permission_assignments`
--
ALTER TABLE `role_permission_assignments`
  ADD CONSTRAINT `role_permission_assignments_ibfk_1` FOREIGN KEY (`role_id`) REFERENCES `user_roles` (`id`) ON DELETE CASCADE,
  ADD CONSTRAINT `role_permission_assignments_ibfk_2` FOREIGN KEY (`permission_id`) REFERENCES `role_permissions` (`id`) ON DELETE CASCADE;

--
-- Constraints for table `screen_data_sources`
--
ALTER TABLE `screen_data_sources`
  ADD CONSTRAINT `screen_data_sources_ibfk_1` FOREIGN KEY (`screen_id`) REFERENCES `app_screens` (`id`) ON DELETE CASCADE;

--
-- Constraints for table `screen_element_instances`
--
ALTER TABLE `screen_element_instances`
  ADD CONSTRAINT `fk_instance_element` FOREIGN KEY (`element_id`) REFERENCES `screen_elements` (`id`) ON DELETE RESTRICT,
  ADD CONSTRAINT `fk_instance_screen` FOREIGN KEY (`screen_id`) REFERENCES `app_screens` (`id`) ON DELETE CASCADE,
  ADD CONSTRAINT `fk_screen_element_form` FOREIGN KEY (`form_id`) REFERENCES `app_forms` (`id`) ON DELETE SET NULL;

--
-- Constraints for table `screen_menu_assignments`
--
ALTER TABLE `screen_menu_assignments`
  ADD CONSTRAINT `screen_menu_assignments_ibfk_1` FOREIGN KEY (`screen_id`) REFERENCES `app_screens` (`id`) ON DELETE CASCADE,
  ADD CONSTRAINT `screen_menu_assignments_ibfk_2` FOREIGN KEY (`menu_id`) REFERENCES `app_menus` (`id`) ON DELETE CASCADE;

--
-- Constraints for table `screen_module_assignments`
--
ALTER TABLE `screen_module_assignments`
  ADD CONSTRAINT `fk_screen_module_module` FOREIGN KEY (`module_id`) REFERENCES `app_modules` (`id`) ON DELETE CASCADE,
  ADD CONSTRAINT `fk_screen_module_screen` FOREIGN KEY (`screen_id`) REFERENCES `app_screens` (`id`) ON DELETE CASCADE;

--
-- Constraints for table `screen_role_access`
--
ALTER TABLE `screen_role_access`
  ADD CONSTRAINT `screen_role_access_ibfk_1` FOREIGN KEY (`screen_id`) REFERENCES `app_screens` (`id`) ON DELETE CASCADE,
  ADD CONSTRAINT `screen_role_access_ibfk_2` FOREIGN KEY (`role_id`) REFERENCES `app_roles` (`id`) ON DELETE CASCADE,
  ADD CONSTRAINT `screen_role_access_ibfk_3` FOREIGN KEY (`app_id`) REFERENCES `apps` (`id`) ON DELETE CASCADE;

--
-- Constraints for table `screen_submissions`
--
ALTER TABLE `screen_submissions`
  ADD CONSTRAINT `screen_submissions_ibfk_1` FOREIGN KEY (`app_id`) REFERENCES `apps` (`id`) ON DELETE CASCADE,
  ADD CONSTRAINT `screen_submissions_ibfk_2` FOREIGN KEY (`screen_id`) REFERENCES `app_screens` (`id`) ON DELETE CASCADE,
  ADD CONSTRAINT `screen_submissions_ibfk_3` FOREIGN KEY (`user_id`) REFERENCES `app_users` (`id`) ON DELETE SET NULL;

--
-- Constraints for table `screen_versions`
--
ALTER TABLE `screen_versions`
  ADD CONSTRAINT `screen_versions_ibfk_1` FOREIGN KEY (`screen_id`) REFERENCES `app_screens` (`id`) ON DELETE CASCADE,
  ADD CONSTRAINT `screen_versions_ibfk_2` FOREIGN KEY (`created_by`) REFERENCES `users` (`id`) ON DELETE SET NULL;

--
-- Constraints for table `template_elements`
--
ALTER TABLE `template_elements`
  ADD CONSTRAINT `template_elements_ibfk_1` FOREIGN KEY (`template_id`) REFERENCES `screen_templates` (`id`) ON DELETE CASCADE,
  ADD CONSTRAINT `template_elements_ibfk_2` FOREIGN KEY (`element_id`) REFERENCES `screen_elements` (`id`);

--
-- Constraints for table `users`
--
ALTER TABLE `users`
  ADD CONSTRAINT `users_ibfk_1` FOREIGN KEY (`role_id`) REFERENCES `roles` (`id`) ON DELETE RESTRICT;

--
-- Constraints for table `user_activity_log`
--
ALTER TABLE `user_activity_log`
  ADD CONSTRAINT `user_activity_log_ibfk_1` FOREIGN KEY (`user_id`) REFERENCES `app_users` (`id`) ON DELETE CASCADE,
  ADD CONSTRAINT `user_activity_log_ibfk_2` FOREIGN KEY (`app_id`) REFERENCES `apps` (`id`) ON DELETE CASCADE;

--
-- Constraints for table `user_app_permissions`
--
ALTER TABLE `user_app_permissions`
  ADD CONSTRAINT `user_app_permissions_ibfk_1` FOREIGN KEY (`user_id`) REFERENCES `users` (`id`) ON DELETE CASCADE,
  ADD CONSTRAINT `user_app_permissions_ibfk_2` FOREIGN KEY (`app_id`) REFERENCES `apps` (`id`) ON DELETE CASCADE,
  ADD CONSTRAINT `user_app_permissions_ibfk_3` FOREIGN KEY (`granted_by`) REFERENCES `users` (`id`) ON DELETE RESTRICT;

--
-- Constraints for table `user_favorites`
--
ALTER TABLE `user_favorites`
  ADD CONSTRAINT `user_favorites_ibfk_1` FOREIGN KEY (`app_id`) REFERENCES `apps` (`id`) ON DELETE CASCADE,
  ADD CONSTRAINT `user_favorites_ibfk_2` FOREIGN KEY (`user_id`) REFERENCES `app_users` (`id`) ON DELETE CASCADE,
  ADD CONSTRAINT `user_favorites_ibfk_3` FOREIGN KEY (`listing_id`) REFERENCES `property_listings` (`id`) ON DELETE CASCADE;

--
-- Constraints for table `user_payment_methods`
--
ALTER TABLE `user_payment_methods`
  ADD CONSTRAINT `user_payment_methods_ibfk_1` FOREIGN KEY (`app_id`) REFERENCES `apps` (`id`) ON DELETE CASCADE,
  ADD CONSTRAINT `user_payment_methods_ibfk_2` FOREIGN KEY (`user_id`) REFERENCES `app_users` (`id`) ON DELETE CASCADE;

--
-- Constraints for table `user_roles`
--
ALTER TABLE `user_roles`
  ADD CONSTRAINT `user_roles_ibfk_1` FOREIGN KEY (`app_id`) REFERENCES `apps` (`id`) ON DELETE CASCADE;

--
-- Constraints for table `user_saved_addresses`
--
ALTER TABLE `user_saved_addresses`
  ADD CONSTRAINT `user_saved_addresses_ibfk_1` FOREIGN KEY (`app_id`) REFERENCES `apps` (`id`) ON DELETE CASCADE,
  ADD CONSTRAINT `user_saved_addresses_ibfk_2` FOREIGN KEY (`user_id`) REFERENCES `app_users` (`id`) ON DELETE CASCADE;

--
-- Constraints for table `user_sessions`
--
ALTER TABLE `user_sessions`
  ADD CONSTRAINT `user_sessions_ibfk_1` FOREIGN KEY (`user_id`) REFERENCES `app_users` (`id`) ON DELETE CASCADE,
  ADD CONSTRAINT `user_sessions_ibfk_2` FOREIGN KEY (`app_id`) REFERENCES `apps` (`id`) ON DELETE CASCADE;

--
-- Constraints for table `user_settings`
--
ALTER TABLE `user_settings`
  ADD CONSTRAINT `user_settings_ibfk_1` FOREIGN KEY (`user_id`) REFERENCES `app_users` (`id`) ON DELETE CASCADE;
COMMIT;

/*!40101 SET CHARACTER_SET_CLIENT=@OLD_CHARACTER_SET_CLIENT */;
/*!40101 SET CHARACTER_SET_RESULTS=@OLD_CHARACTER_SET_RESULTS */;
/*!40101 SET COLLATION_CONNECTION=@OLD_COLLATION_CONNECTION */;
